date,trips,num_crashes,year,month,day,week,day_of_week,day_of_week_num,is_weekend,year_month,year_week,quarter,year_quarter,date_only
2020-01-01,3000,0.0,2020,1,1,1,Wednesday,2,False,2020-01,2019-12-30/2020-01-05,1,2020Q1,2020-01-01
2020-01-02,3500,0.0,2020,1,2,1,Thursday,3,False,2020-01,2019-12-30/2020-01-05,1,2020Q1,2020-01-02
2020-01-03,4400,0.0,2020,1,3,1,Friday,4,False,2020-01,2019-12-30/2020-01-05,1,2020Q1,2020-01-03
2020-01-04,5800,0.0,2020,1,4,1,Saturday,5,True,2020-01,2019-12-30/2020-01-05,1,2020Q1,2020-01-04
2020-01-05,3200,0.0,2020,1,5,1,Sunday,6,True,2020-01,2019-12-30/2020-01-05,1,2020Q1,2020-01-05
2020-01-06,3300,0.0,2020,1,6,2,Monday,0,False,2020-01,2020-01-06/2020-01-12,1,2020Q1,2020-01-06
2020-01-07,4200,0.0,2020,1,7,2,Tuesday,1,False,2020-01,2020-01-06/2020-01-12,1,2020Q1,2020-01-07
2020-01-08,4600,0.0,2020,1,8,2,Wednesday,2,False,2020-01,2020-01-06/2020-01-12,1,2020Q1,2020-01-08
2020-01-09,4600,0.0,2020,1,9,2,Thursday,3,False,2020-01,2020-01-06/2020-01-12,1,2020Q1,2020-01-09
2020-01-10,4400,0.0,2020,1,10,2,Friday,4,False,2020-01,2020-01-06/2020-01-12,1,2020Q1,2020-01-10
2020-01-11,5200,0.0,2020,1,11,2,Saturday,5,True,2020-01,2020-01-06/2020-01-12,1,2020Q1,2020-01-11
2020-01-12,4600,0.0,2020,1,12,2,Sunday,6,True,2020-01,2020-01-06/2020-01-12,1,2020Q1,2020-01-12
2020-01-13,3500,0.0,2020,1,13,3,Monday,0,False,2020-01,2020-01-13/2020-01-19,1,2020Q1,2020-01-13
2020-01-14,4600,0.0,2020,1,14,3,Tuesday,1,False,2020-01,2020-01-13/2020-01-19,1,2020Q1,2020-01-14
2020-01-15,4100,0.0,2020,1,15,3,Wednesday,2,False,2020-01,2020-01-13/2020-01-19,1,2020Q1,2020-01-15
2020-01-16,4200,0.0,2020,1,16,3,Thursday,3,False,2020-01,2020-01-13/2020-01-19,1,2020Q1,2020-01-16
2020-01-17,5000,0.0,2020,1,17,3,Friday,4,False,2020-01,2020-01-13/2020-01-19,1,2020Q1,2020-01-17
2020-01-18,5600,0.0,2020,1,18,3,Saturday,5,True,2020-01,2020-01-13/2020-01-19,1,2020Q1,2020-01-18
2020-01-19,5100,0.0,2020,1,19,3,Sunday,6,True,2020-01,2020-01-13/2020-01-19,1,2020Q1,2020-01-19
2020-01-20,4500,0.0,2020,1,20,4,Monday,0,False,2020-01,2020-01-20/2020-01-26,1,2020Q1,2020-01-20
2020-01-21,4000,0.0,2020,1,21,4,Tuesday,1,False,2020-01,2020-01-20/2020-01-26,1,2020Q1,2020-01-21
2020-01-22,4200,0.0,2020,1,22,4,Wednesday,2,False,2020-01,2020-01-20/2020-01-26,1,2020Q1,2020-01-22
2020-01-23,4600,0.0,2020,1,23,4,Thursday,3,False,2020-01,2020-01-20/2020-01-26,1,2020Q1,2020-01-23
2020-01-24,5800,0.0,2020,1,24,4,Friday,4,False,2020-01,2020-01-20/2020-01-26,1,2020Q1,2020-01-24
2020-01-25,6900,0.0,2020,1,25,4,Saturday,5,True,2020-01,2020-01-20/2020-01-26,1,2020Q1,2020-01-25
2020-01-26,5600,0.0,2020,1,26,4,Sunday,6,True,2020-01,2020-01-20/2020-01-26,1,2020Q1,2020-01-26
2020-01-27,4000,0.0,2020,1,27,5,Monday,0,False,2020-01,2020-01-27/2020-02-02,1,2020Q1,2020-01-27
2020-01-28,4600,0.0,2020,1,28,5,Tuesday,1,False,2020-01,2020-01-27/2020-02-02,1,2020Q1,2020-01-28
2020-01-29,4400,0.0,2020,1,29,5,Wednesday,2,False,2020-01,2020-01-27/2020-02-02,1,2020Q1,2020-01-29
2020-01-30,3900,0.0,2020,1,30,5,Thursday,3,False,2020-01,2020-01-27/2020-02-02,1,2020Q1,2020-01-30
2020-01-31,5800,0.0,2020,1,31,5,Friday,4,False,2020-01,2020-01-27/2020-02-02,1,2020Q1,2020-01-31
2020-02-01,7800,0.0,2020,2,1,5,Saturday,5,True,2020-02,2020-01-27/2020-02-02,1,2020Q1,2020-02-01
2020-02-02,6300,0.0,2020,2,2,5,Sunday,6,True,2020-02,2020-01-27/2020-02-02,1,2020Q1,2020-02-02
2020-02-03,300,0.0,2020,2,3,6,Monday,0,False,2020-02,2020-02-03/2020-02-09,1,2020Q1,2020-02-03
2020-02-04,0,0.0,2020,2,4,6,Tuesday,1,False,2020-02,2020-02-03/2020-02-09,1,2020Q1,2020-02-04
2020-02-05,500,0.0,2020,2,5,6,Wednesday,2,False,2020-02,2020-02-03/2020-02-09,1,2020Q1,2020-02-05
2020-02-06,2400,0.0,2020,2,6,6,Thursday,3,False,2020-02,2020-02-03/2020-02-09,1,2020Q1,2020-02-06
2020-02-07,100,0.0,2020,2,7,6,Friday,4,False,2020-02,2020-02-03/2020-02-09,1,2020Q1,2020-02-07
2020-02-08,600,0.0,2020,2,8,6,Saturday,5,True,2020-02,2020-02-03/2020-02-09,1,2020Q1,2020-02-08
2020-02-09,300,0.0,2020,2,9,6,Sunday,6,True,2020-02,2020-02-03/2020-02-09,1,2020Q1,2020-02-09
2020-02-10,300,0.0,2020,2,10,7,Monday,0,False,2020-02,2020-02-10/2020-02-16,1,2020Q1,2020-02-10
2020-02-11,400,0.0,2020,2,11,7,Tuesday,1,False,2020-02,2020-02-10/2020-02-16,1,2020Q1,2020-02-11
2020-02-12,700,0.0,2020,2,12,7,Wednesday,2,False,2020-02,2020-02-10/2020-02-16,1,2020Q1,2020-02-12
2020-02-13,900,0.0,2020,2,13,7,Thursday,3,False,2020-02,2020-02-10/2020-02-16,1,2020Q1,2020-02-13
2020-02-14,4000,0.0,2020,2,14,7,Friday,4,False,2020-02,2020-02-10/2020-02-16,1,2020Q1,2020-02-14
2020-02-15,4300,0.0,2020,2,15,7,Saturday,5,True,2020-02,2020-02-10/2020-02-16,1,2020Q1,2020-02-15
2020-02-16,4500,0.0,2020,2,16,7,Sunday,6,True,2020-02,2020-02-10/2020-02-16,1,2020Q1,2020-02-16
2020-02-17,3000,0.0,2020,2,17,8,Monday,0,False,2020-02,2020-02-17/2020-02-23,1,2020Q1,2020-02-17
2020-02-18,3000,0.0,2020,2,18,8,Tuesday,1,False,2020-02,2020-02-17/2020-02-23,1,2020Q1,2020-02-18
2020-02-19,1400,0.0,2020,2,19,8,Wednesday,2,False,2020-02,2020-02-17/2020-02-23,1,2020Q1,2020-02-19
2020-02-20,2500,0.0,2020,2,20,8,Thursday,3,False,2020-02,2020-02-17/2020-02-23,1,2020Q1,2020-02-20
2020-02-21,5400,0.0,2020,2,21,8,Friday,4,False,2020-02,2020-02-17/2020-02-23,1,2020Q1,2020-02-21
2020-02-22,7300,0.0,2020,2,22,8,Saturday,5,True,2020-02,2020-02-17/2020-02-23,1,2020Q1,2020-02-22
2020-02-23,3200,0.0,2020,2,23,8,Sunday,6,True,2020-02,2020-02-17/2020-02-23,1,2020Q1,2020-02-23
2020-02-24,3300,0.0,2020,2,24,9,Monday,0,False,2020-02,2020-02-24/2020-03-01,1,2020Q1,2020-02-24
2020-02-25,1600,0.0,2020,2,25,9,Tuesday,1,False,2020-02,2020-02-24/2020-03-01,1,2020Q1,2020-02-25
2020-02-26,4100,0.0,2020,2,26,9,Wednesday,2,False,2020-02,2020-02-24/2020-03-01,1,2020Q1,2020-02-26
2020-02-27,4300,0.0,2020,2,27,9,Thursday,3,False,2020-02,2020-02-24/2020-03-01,1,2020Q1,2020-02-27
2020-02-28,6700,0.0,2020,2,28,9,Friday,4,False,2020-02,2020-02-24/2020-03-01,1,2020Q1,2020-02-28
2020-02-29,7500,0.0,2020,2,29,9,Saturday,5,True,2020-02,2020-02-24/2020-03-01,1,2020Q1,2020-02-29
2020-03-01,3700,0.0,2020,3,1,9,Sunday,6,True,2020-03,2020-02-24/2020-03-01,1,2020Q1,2020-03-01
2020-03-02,3600,0.0,2020,3,2,10,Monday,0,False,2020-03,2020-03-02/2020-03-08,1,2020Q1,2020-03-02
2020-03-03,5200,0.0,2020,3,3,10,Tuesday,1,False,2020-03,2020-03-02/2020-03-08,1,2020Q1,2020-03-03
2020-03-04,5400,0.0,2020,3,4,10,Wednesday,2,False,2020-03,2020-03-02/2020-03-08,1,2020Q1,2020-03-04
2020-03-05,5300,0.0,2020,3,5,10,Thursday,3,False,2020-03,2020-03-02/2020-03-08,1,2020Q1,2020-03-05
2020-03-06,7800,0.0,2020,3,6,10,Friday,4,False,2020-03,2020-03-02/2020-03-08,1,2020Q1,2020-03-06
2020-03-07,10300,0.0,2020,3,7,10,Saturday,5,True,2020-03,2020-03-02/2020-03-08,1,2020Q1,2020-03-07
2020-03-08,7200,0.0,2020,3,8,10,Sunday,6,True,2020-03,2020-03-02/2020-03-08,1,2020Q1,2020-03-08
2020-03-09,6800,0.0,2020,3,9,11,Monday,0,False,2020-03,2020-03-09/2020-03-15,1,2020Q1,2020-03-09
2020-03-10,6400,0.0,2020,3,10,11,Tuesday,1,False,2020-03,2020-03-09/2020-03-15,1,2020Q1,2020-03-10
2020-03-11,8700,0.0,2020,3,11,11,Wednesday,2,False,2020-03,2020-03-09/2020-03-15,1,2020Q1,2020-03-11
2020-03-12,6300,0.0,2020,3,12,11,Thursday,3,False,2020-03,2020-03-09/2020-03-15,1,2020Q1,2020-03-12
2020-03-13,4800,0.0,2020,3,13,11,Friday,4,False,2020-03,2020-03-09/2020-03-15,1,2020Q1,2020-03-13
2020-03-14,7700,0.0,2020,3,14,11,Saturday,5,True,2020-03,2020-03-09/2020-03-15,1,2020Q1,2020-03-14
2020-03-15,6100,0.0,2020,3,15,11,Sunday,6,True,2020-03,2020-03-09/2020-03-15,1,2020Q1,2020-03-15
2020-03-16,4000,0.0,2020,3,16,12,Monday,0,False,2020-03,2020-03-16/2020-03-22,1,2020Q1,2020-03-16
2020-03-17,2500,0.0,2020,3,17,12,Tuesday,1,False,2020-03,2020-03-16/2020-03-22,1,2020Q1,2020-03-17
2020-03-18,1900,0.0,2020,3,18,12,Wednesday,2,False,2020-03,2020-03-16/2020-03-22,1,2020Q1,2020-03-18
2020-03-19,100,0.0,2020,3,19,12,Thursday,3,False,2020-03,2020-03-16/2020-03-22,1,2020Q1,2020-03-19
2020-03-20,100,0.0,2020,3,20,12,Friday,4,False,2020-03,2020-03-16/2020-03-22,1,2020Q1,2020-03-20
2020-03-21,800,0.0,2020,3,21,12,Saturday,5,True,2020-03,2020-03-16/2020-03-22,1,2020Q1,2020-03-21
2020-03-22,1100,0.0,2020,3,22,12,Sunday,6,True,2020-03,2020-03-16/2020-03-22,1,2020Q1,2020-03-22
2020-03-23,1100,0.0,2020,3,23,13,Monday,0,False,2020-03,2020-03-23/2020-03-29,1,2020Q1,2020-03-23
2020-03-24,900,0.0,2020,3,24,13,Tuesday,1,False,2020-03,2020-03-23/2020-03-29,1,2020Q1,2020-03-24
2020-03-25,700,0.0,2020,3,25,13,Wednesday,2,False,2020-03,2020-03-23/2020-03-29,1,2020Q1,2020-03-25
2020-03-26,600,0.0,2020,3,26,13,Thursday,3,False,2020-03,2020-03-23/2020-03-29,1,2020Q1,2020-03-26
2020-03-27,400,0.0,2020,3,27,13,Friday,4,False,2020-03,2020-03-23/2020-03-29,1,2020Q1,2020-03-27
2020-03-28,700,0.0,2020,3,28,13,Saturday,5,True,2020-03,2020-03-23/2020-03-29,1,2020Q1,2020-03-28
2020-03-29,700,0.0,2020,3,29,13,Sunday,6,True,2020-03,2020-03-23/2020-03-29,1,2020Q1,2020-03-29
2020-03-30,700,0.0,2020,3,30,14,Monday,0,False,2020-03,2020-03-30/2020-04-05,1,2020Q1,2020-03-30
2020-03-31,900,0.0,2020,3,31,14,Tuesday,1,False,2020-03,2020-03-30/2020-04-05,1,2020Q1,2020-03-31
2020-04-01,900,0.0,2020,4,1,14,Wednesday,2,False,2020-04,2020-03-30/2020-04-05,2,2020Q2,2020-04-01
2020-04-02,300,0.0,2020,4,2,14,Thursday,3,False,2020-04,2020-03-30/2020-04-05,2,2020Q2,2020-04-02
2020-04-03,600,0.0,2020,4,3,14,Friday,4,False,2020-04,2020-03-30/2020-04-05,2,2020Q2,2020-04-03
2020-04-04,1000,0.0,2020,4,4,14,Saturday,5,True,2020-04,2020-03-30/2020-04-05,2,2020Q2,2020-04-04
2020-04-05,1100,0.0,2020,4,5,14,Sunday,6,True,2020-04,2020-03-30/2020-04-05,2,2020Q2,2020-04-05
2020-04-06,1000,0.0,2020,4,6,15,Monday,0,False,2020-04,2020-04-06/2020-04-12,2,2020Q2,2020-04-06
2020-04-07,1000,0.0,2020,4,7,15,Tuesday,1,False,2020-04,2020-04-06/2020-04-12,2,2020Q2,2020-04-07
2020-04-08,1000,0.0,2020,4,8,15,Wednesday,2,False,2020-04,2020-04-06/2020-04-12,2,2020Q2,2020-04-08
2020-04-09,900,0.0,2020,4,9,15,Thursday,3,False,2020-04,2020-04-06/2020-04-12,2,2020Q2,2020-04-09
2020-04-10,1100,0.0,2020,4,10,15,Friday,4,False,2020-04,2020-04-06/2020-04-12,2,2020Q2,2020-04-10
2020-04-11,1600,0.0,2020,4,11,15,Saturday,5,True,2020-04,2020-04-06/2020-04-12,2,2020Q2,2020-04-11
2020-04-12,100,0.0,2020,4,12,15,Sunday,6,True,2020-04,2020-04-06/2020-04-12,2,2020Q2,2020-04-12
2020-04-13,100,0.0,2020,4,13,16,Monday,0,False,2020-04,2020-04-13/2020-04-19,2,2020Q2,2020-04-13
2020-04-14,500,0.0,2020,4,14,16,Tuesday,1,False,2020-04,2020-04-13/2020-04-19,2,2020Q2,2020-04-14
2020-04-15,700,0.0,2020,4,15,16,Wednesday,2,False,2020-04,2020-04-13/2020-04-19,2,2020Q2,2020-04-15
2020-04-16,100,0.0,2020,4,16,16,Thursday,3,False,2020-04,2020-04-13/2020-04-19,2,2020Q2,2020-04-16
2020-04-17,700,0.0,2020,4,17,16,Friday,4,False,2020-04,2020-04-13/2020-04-19,2,2020Q2,2020-04-17
2020-04-18,1000,0.0,2020,4,18,16,Saturday,5,True,2020-04,2020-04-13/2020-04-19,2,2020Q2,2020-04-18
2020-04-19,1400,0.0,2020,4,19,16,Sunday,6,True,2020-04,2020-04-13/2020-04-19,2,2020Q2,2020-04-19
2020-04-20,1400,0.0,2020,4,20,17,Monday,0,False,2020-04,2020-04-20/2020-04-26,2,2020Q2,2020-04-20
2020-04-21,1300,0.0,2020,4,21,17,Tuesday,1,False,2020-04,2020-04-20/2020-04-26,2,2020Q2,2020-04-21
2020-04-22,1000,0.0,2020,4,22,17,Wednesday,2,False,2020-04,2020-04-20/2020-04-26,2,2020Q2,2020-04-22
2020-04-23,1100,0.0,2020,4,23,17,Thursday,3,False,2020-04,2020-04-20/2020-04-26,2,2020Q2,2020-04-23
2020-04-24,1300,0.0,2020,4,24,17,Friday,4,False,2020-04,2020-04-20/2020-04-26,2,2020Q2,2020-04-24
2020-04-25,2000,0.0,2020,4,25,17,Saturday,5,True,2020-04,2020-04-20/2020-04-26,2,2020Q2,2020-04-25
2020-04-26,1700,0.0,2020,4,26,17,Sunday,6,True,2020-04,2020-04-20/2020-04-26,2,2020Q2,2020-04-26
2020-04-27,1800,0.0,2020,4,27,18,Monday,0,False,2020-04,2020-04-27/2020-05-03,2,2020Q2,2020-04-27
2020-04-28,1700,0.0,2020,4,28,18,Tuesday,1,False,2020-04,2020-04-27/2020-05-03,2,2020Q2,2020-04-28
2020-04-29,1800,0.0,2020,4,29,18,Wednesday,2,False,2020-04,2020-04-27/2020-05-03,2,2020Q2,2020-04-29
2020-04-30,1800,0.0,2020,4,30,18,Thursday,3,False,2020-04,2020-04-27/2020-05-03,2,2020Q2,2020-04-30
2020-05-01,2800,0.0,2020,5,1,18,Friday,4,False,2020-05,2020-04-27/2020-05-03,2,2020Q2,2020-05-01
2020-05-02,2100,0.0,2020,5,2,18,Saturday,5,True,2020-05,2020-04-27/2020-05-03,2,2020Q2,2020-05-02
2020-05-03,2900,0.0,2020,5,3,18,Sunday,6,True,2020-05,2020-04-27/2020-05-03,2,2020Q2,2020-05-03
2020-05-04,1700,0.0,2020,5,4,19,Monday,0,False,2020-05,2020-05-04/2020-05-10,2,2020Q2,2020-05-04
2020-05-05,2300,0.0,2020,5,5,19,Tuesday,1,False,2020-05,2020-05-04/2020-05-10,2,2020Q2,2020-05-05
2020-05-06,2000,0.0,2020,5,6,19,Wednesday,2,False,2020-05,2020-05-04/2020-05-10,2,2020Q2,2020-05-06
2020-05-07,2000,0.0,2020,5,7,19,Thursday,3,False,2020-05,2020-05-04/2020-05-10,2,2020Q2,2020-05-07
2020-05-08,2400,0.0,2020,5,8,19,Friday,4,False,2020-05,2020-05-04/2020-05-10,2,2020Q2,2020-05-08
2020-05-09,2700,0.0,2020,5,9,19,Saturday,5,True,2020-05,2020-05-04/2020-05-10,2,2020Q2,2020-05-09
2020-05-10,2500,0.0,2020,5,10,19,Sunday,6,True,2020-05,2020-05-04/2020-05-10,2,2020Q2,2020-05-10
2020-05-11,1200,0.0,2020,5,11,20,Monday,0,False,2020-05,2020-05-11/2020-05-17,2,2020Q2,2020-05-11
2020-05-12,2200,0.0,2020,5,12,20,Tuesday,1,False,2020-05,2020-05-11/2020-05-17,2,2020Q2,2020-05-12
2020-05-13,2500,0.0,2020,5,13,20,Wednesday,2,False,2020-05,2020-05-11/2020-05-17,2,2020Q2,2020-05-13
2020-05-14,2400,0.0,2020,5,14,20,Thursday,3,False,2020-05,2020-05-11/2020-05-17,2,2020Q2,2020-05-14
2020-05-15,2800,0.0,2020,5,15,20,Friday,4,False,2020-05,2020-05-11/2020-05-17,2,2020Q2,2020-05-15
2020-05-16,4200,0.0,2020,5,16,20,Saturday,5,True,2020-05,2020-05-11/2020-05-17,2,2020Q2,2020-05-16
2020-05-17,4100,0.0,2020,5,17,20,Sunday,6,True,2020-05,2020-05-11/2020-05-17,2,2020Q2,2020-05-17
2020-05-18,3200,0.0,2020,5,18,21,Monday,0,False,2020-05,2020-05-18/2020-05-24,2,2020Q2,2020-05-18
2020-05-19,3300,0.0,2020,5,19,21,Tuesday,1,False,2020-05,2020-05-18/2020-05-24,2,2020Q2,2020-05-19
2020-05-20,3400,0.0,2020,5,20,21,Wednesday,2,False,2020-05,2020-05-18/2020-05-24,2,2020Q2,2020-05-20
2020-05-21,3700,0.0,2020,5,21,21,Thursday,3,False,2020-05,2020-05-18/2020-05-24,2,2020Q2,2020-05-21
2020-05-22,5200,0.0,2020,5,22,21,Friday,4,False,2020-05,2020-05-18/2020-05-24,2,2020Q2,2020-05-22
2020-05-23,6100,0.0,2020,5,23,21,Saturday,5,True,2020-05,2020-05-18/2020-05-24,2,2020Q2,2020-05-23
2020-05-24,2300,0.0,2020,5,24,21,Sunday,6,True,2020-05,2020-05-18/2020-05-24,2,2020Q2,2020-05-24
2020-05-25,5100,0.0,2020,5,25,22,Monday,0,False,2020-05,2020-05-25/2020-05-31,2,2020Q2,2020-05-25
2020-05-26,4000,0.0,2020,5,26,22,Tuesday,1,False,2020-05,2020-05-25/2020-05-31,2,2020Q2,2020-05-26
2020-05-27,3800,0.0,2020,5,27,22,Wednesday,2,False,2020-05,2020-05-25/2020-05-31,2,2020Q2,2020-05-27
2020-05-28,5200,0.0,2020,5,28,22,Thursday,3,False,2020-05,2020-05-25/2020-05-31,2,2020Q2,2020-05-28
2020-05-29,6900,0.0,2020,5,29,22,Friday,4,False,2020-05,2020-05-25/2020-05-31,2,2020Q2,2020-05-29
2020-05-30,1200,0.0,2020,5,30,22,Saturday,5,True,2020-05,2020-05-25/2020-05-31,2,2020Q2,2020-05-30
2020-05-31,0,0.0,2020,5,31,22,Sunday,6,True,2020-05,2020-05-25/2020-05-31,2,2020Q2,2020-05-31
2020-06-01,0,0.0,2020,6,1,23,Monday,0,False,2020-06,2020-06-01/2020-06-07,2,2020Q2,2020-06-01
2020-06-02,0,0.0,2020,6,2,23,Tuesday,1,False,2020-06,2020-06-01/2020-06-07,2,2020Q2,2020-06-02
2020-06-03,0,0.0,2020,6,3,23,Wednesday,2,False,2020-06,2020-06-01/2020-06-07,2,2020Q2,2020-06-03
2020-06-04,0,0.0,2020,6,4,23,Thursday,3,False,2020-06,2020-06-01/2020-06-07,2,2020Q2,2020-06-04
2020-06-05,4600,0.0,2020,6,5,23,Friday,4,False,2020-06,2020-06-01/2020-06-07,2,2020Q2,2020-06-05
2020-06-06,6600,0.0,2020,6,6,23,Saturday,5,True,2020-06,2020-06-01/2020-06-07,2,2020Q2,2020-06-06
2020-06-07,7200,0.0,2020,6,7,23,Sunday,6,True,2020-06,2020-06-01/2020-06-07,2,2020Q2,2020-06-07
2020-06-08,4000,0.0,2020,6,8,24,Monday,0,False,2020-06,2020-06-08/2020-06-14,2,2020Q2,2020-06-08
2020-06-09,3800,0.0,2020,6,9,24,Tuesday,1,False,2020-06,2020-06-08/2020-06-14,2,2020Q2,2020-06-09
2020-06-10,5000,0.0,2020,6,10,24,Wednesday,2,False,2020-06,2020-06-08/2020-06-14,2,2020Q2,2020-06-10
2020-06-11,5700,0.0,2020,6,11,24,Thursday,3,False,2020-06,2020-06-08/2020-06-14,2,2020Q2,2020-06-11
2020-06-12,8200,0.0,2020,6,12,24,Friday,4,False,2020-06,2020-06-08/2020-06-14,2,2020Q2,2020-06-12
2020-06-13,10300,0.0,2020,6,13,24,Saturday,5,True,2020-06,2020-06-08/2020-06-14,2,2020Q2,2020-06-13
2020-06-14,8400,0.0,2020,6,14,24,Sunday,6,True,2020-06,2020-06-08/2020-06-14,2,2020Q2,2020-06-14
2020-06-15,5700,0.0,2020,6,15,25,Monday,0,False,2020-06,2020-06-15/2020-06-21,2,2020Q2,2020-06-15
2020-06-16,5600,0.0,2020,6,16,25,Tuesday,1,False,2020-06,2020-06-15/2020-06-21,2,2020Q2,2020-06-16
2020-06-17,5800,0.0,2020,6,17,25,Wednesday,2,False,2020-06,2020-06-15/2020-06-21,2,2020Q2,2020-06-17
2020-06-18,4700,0.0,2020,6,18,25,Thursday,3,False,2020-06,2020-06-15/2020-06-21,2,2020Q2,2020-06-18
2020-06-19,7100,0.0,2020,6,19,25,Friday,4,False,2020-06,2020-06-15/2020-06-21,2,2020Q2,2020-06-19
2020-06-20,11100,0.0,2020,6,20,25,Saturday,5,True,2020-06,2020-06-15/2020-06-21,2,2020Q2,2020-06-20
2020-06-21,7200,0.0,2020,6,21,25,Sunday,6,True,2020-06,2020-06-15/2020-06-21,2,2020Q2,2020-06-21
2020-06-22,5600,0.0,2020,6,22,26,Monday,0,False,2020-06,2020-06-22/2020-06-28,2,2020Q2,2020-06-22
2020-06-23,5800,0.0,2020,6,23,26,Tuesday,1,False,2020-06,2020-06-22/2020-06-28,2,2020Q2,2020-06-23
2020-06-24,6000,0.0,2020,6,24,26,Wednesday,2,False,2020-06,2020-06-22/2020-06-28,2,2020Q2,2020-06-24
2020-06-25,6500,0.0,2020,6,25,26,Thursday,3,False,2020-06,2020-06-22/2020-06-28,2,2020Q2,2020-06-25
2020-06-26,6400,0.0,2020,6,26,26,Friday,4,False,2020-06,2020-06-22/2020-06-28,2,2020Q2,2020-06-26
2020-06-27,13200,0.0,2020,6,27,26,Saturday,5,True,2020-06,2020-06-22/2020-06-28,2,2020Q2,2020-06-27
2020-06-28,9100,0.0,2020,6,28,26,Sunday,6,True,2020-06,2020-06-22/2020-06-28,2,2020Q2,2020-06-28
2020-06-29,6500,0.0,2020,6,29,27,Monday,0,False,2020-06,2020-06-29/2020-07-05,2,2020Q2,2020-06-29
2020-06-30,6900,0.0,2020,6,30,27,Tuesday,1,False,2020-06,2020-06-29/2020-07-05,2,2020Q2,2020-06-30
2020-07-01,6900,0.0,2020,7,1,27,Wednesday,2,False,2020-07,2020-06-29/2020-07-05,3,2020Q3,2020-07-01
2020-07-02,8600,0.0,2020,7,2,27,Thursday,3,False,2020-07,2020-06-29/2020-07-05,3,2020Q3,2020-07-02
2020-07-03,10700,0.0,2020,7,3,27,Friday,4,False,2020-07,2020-06-29/2020-07-05,3,2020Q3,2020-07-03
2020-07-04,12200,0.0,2020,7,4,27,Saturday,5,True,2020-07,2020-06-29/2020-07-05,3,2020Q3,2020-07-04
2020-07-05,9200,0.0,2020,7,5,27,Sunday,6,True,2020-07,2020-06-29/2020-07-05,3,2020Q3,2020-07-05
2020-07-06,6900,0.0,2020,7,6,28,Monday,0,False,2020-07,2020-07-06/2020-07-12,3,2020Q3,2020-07-06
2020-07-07,6800,0.0,2020,7,7,28,Tuesday,1,False,2020-07,2020-07-06/2020-07-12,3,2020Q3,2020-07-07
2020-07-08,7000,0.0,2020,7,8,28,Wednesday,2,False,2020-07,2020-07-06/2020-07-12,3,2020Q3,2020-07-08
2020-07-09,7800,0.0,2020,7,9,28,Thursday,3,False,2020-07,2020-07-06/2020-07-12,3,2020Q3,2020-07-09
2020-07-10,11200,0.0,2020,7,10,28,Friday,4,False,2020-07,2020-07-06/2020-07-12,3,2020Q3,2020-07-10
2020-07-11,12900,0.0,2020,7,11,28,Saturday,5,True,2020-07,2020-07-06/2020-07-12,3,2020Q3,2020-07-11
2020-07-12,10600,0.0,2020,7,12,28,Sunday,6,True,2020-07,2020-07-06/2020-07-12,3,2020Q3,2020-07-12
2020-07-13,6400,0.0,2020,7,13,29,Monday,0,False,2020-07,2020-07-13/2020-07-19,3,2020Q3,2020-07-13
2020-07-14,6200,0.0,2020,7,14,29,Tuesday,1,False,2020-07,2020-07-13/2020-07-19,3,2020Q3,2020-07-14
2020-07-15,7200,0.0,2020,7,15,29,Wednesday,2,False,2020-07,2020-07-13/2020-07-19,3,2020Q3,2020-07-15
2020-07-16,8100,0.0,2020,7,16,29,Thursday,3,False,2020-07,2020-07-13/2020-07-19,3,2020Q3,2020-07-16
2020-07-17,11400,0.0,2020,7,17,29,Friday,4,False,2020-07,2020-07-13/2020-07-19,3,2020Q3,2020-07-17
2020-07-18,14800,1.0,2020,7,18,29,Saturday,5,True,2020-07,2020-07-13/2020-07-19,3,2020Q3,2020-07-18
2020-07-19,11400,0.0,2020,7,19,29,Sunday,6,True,2020-07,2020-07-13/2020-07-19,3,2020Q3,2020-07-19
2020-07-20,7500,0.0,2020,7,20,30,Monday,0,False,2020-07,2020-07-20/2020-07-26,3,2020Q3,2020-07-20
2020-07-21,7700,0.0,2020,7,21,30,Tuesday,1,False,2020-07,2020-07-20/2020-07-26,3,2020Q3,2020-07-21
2020-07-22,7200,0.0,2020,7,22,30,Wednesday,2,False,2020-07,2020-07-20/2020-07-26,3,2020Q3,2020-07-22
2020-07-23,9200,0.0,2020,7,23,30,Thursday,3,False,2020-07,2020-07-20/2020-07-26,3,2020Q3,2020-07-23
2020-07-24,11100,0.0,2020,7,24,30,Friday,4,False,2020-07,2020-07-20/2020-07-26,3,2020Q3,2020-07-24
2020-07-25,12500,0.0,2020,7,25,30,Saturday,5,True,2020-07,2020-07-20/2020-07-26,3,2020Q3,2020-07-25
2020-07-26,11200,1.0,2020,7,26,30,Sunday,6,True,2020-07,2020-07-20/2020-07-26,3,2020Q3,2020-07-26
2020-07-27,7400,0.0,2020,7,27,31,Monday,0,False,2020-07,2020-07-27/2020-08-02,3,2020Q3,2020-07-27
2020-07-28,7200,0.0,2020,7,28,31,Tuesday,1,False,2020-07,2020-07-27/2020-08-02,3,2020Q3,2020-07-28
2020-07-29,8000,0.0,2020,7,29,31,Wednesday,2,False,2020-07,2020-07-27/2020-08-02,3,2020Q3,2020-07-29
2020-07-30,8900,0.0,2020,7,30,31,Thursday,3,False,2020-07,2020-07-27/2020-08-02,3,2020Q3,2020-07-30
2020-07-31,12100,0.0,2020,7,31,31,Friday,4,False,2020-07,2020-07-27/2020-08-02,3,2020Q3,2020-07-31
2020-08-01,14800,0.0,2020,8,1,31,Saturday,5,True,2020-08,2020-07-27/2020-08-02,3,2020Q3,2020-08-01
2020-08-02,11900,1.0,2020,8,2,31,Sunday,6,True,2020-08,2020-07-27/2020-08-02,3,2020Q3,2020-08-02
2020-08-03,8400,0.0,2020,8,3,32,Monday,0,False,2020-08,2020-08-03/2020-08-09,3,2020Q3,2020-08-03
2020-08-04,8300,0.0,2020,8,4,32,Tuesday,1,False,2020-08,2020-08-03/2020-08-09,3,2020Q3,2020-08-04
2020-08-05,8000,1.0,2020,8,5,32,Wednesday,2,False,2020-08,2020-08-03/2020-08-09,3,2020Q3,2020-08-05
2020-08-06,9100,0.0,2020,8,6,32,Thursday,3,False,2020-08,2020-08-03/2020-08-09,3,2020Q3,2020-08-06
2020-08-07,13200,0.0,2020,8,7,32,Friday,4,False,2020-08,2020-08-03/2020-08-09,3,2020Q3,2020-08-07
2020-08-08,15800,0.0,2020,8,8,32,Saturday,5,True,2020-08,2020-08-03/2020-08-09,3,2020Q3,2020-08-08
2020-08-09,11700,0.0,2020,8,9,32,Sunday,6,True,2020-08,2020-08-03/2020-08-09,3,2020Q3,2020-08-09
2020-08-10,8600,0.0,2020,8,10,33,Monday,0,False,2020-08,2020-08-10/2020-08-16,3,2020Q3,2020-08-10
2020-08-11,7900,0.0,2020,8,11,33,Tuesday,1,False,2020-08,2020-08-10/2020-08-16,3,2020Q3,2020-08-11
2020-08-12,8800,0.0,2020,8,12,33,Wednesday,2,False,2020-08,2020-08-10/2020-08-16,3,2020Q3,2020-08-12
2020-08-13,9800,0.0,2020,8,13,33,Thursday,3,False,2020-08,2020-08-10/2020-08-16,3,2020Q3,2020-08-13
2020-08-14,12700,0.0,2020,8,14,33,Friday,4,False,2020-08,2020-08-10/2020-08-16,3,2020Q3,2020-08-14
2020-08-15,16500,0.0,2020,8,15,33,Saturday,5,True,2020-08,2020-08-10/2020-08-16,3,2020Q3,2020-08-15
2020-08-16,12500,1.0,2020,8,16,33,Sunday,6,True,2020-08,2020-08-10/2020-08-16,3,2020Q3,2020-08-16
2020-08-17,8200,0.0,2020,8,17,34,Monday,0,False,2020-08,2020-08-17/2020-08-23,3,2020Q3,2020-08-17
2020-08-18,7800,0.0,2020,8,18,34,Tuesday,1,False,2020-08,2020-08-17/2020-08-23,3,2020Q3,2020-08-18
2020-08-19,8100,1.0,2020,8,19,34,Wednesday,2,False,2020-08,2020-08-17/2020-08-23,3,2020Q3,2020-08-19
2020-08-20,9200,0.0,2020,8,20,34,Thursday,3,False,2020-08,2020-08-17/2020-08-23,3,2020Q3,2020-08-20
2020-08-21,12900,0.0,2020,8,21,34,Friday,4,False,2020-08,2020-08-17/2020-08-23,3,2020Q3,2020-08-21
2020-08-22,15900,0.0,2020,8,22,34,Saturday,5,True,2020-08,2020-08-17/2020-08-23,3,2020Q3,2020-08-22
2020-08-23,12000,0.0,2020,8,23,34,Sunday,6,True,2020-08,2020-08-17/2020-08-23,3,2020Q3,2020-08-23
2020-08-24,7700,0.0,2020,8,24,35,Monday,0,False,2020-08,2020-08-24/2020-08-30,3,2020Q3,2020-08-24
2020-08-25,6900,0.0,2020,8,25,35,Tuesday,1,False,2020-08,2020-08-24/2020-08-30,3,2020Q3,2020-08-25
2020-08-26,6900,1.0,2020,8,26,35,Wednesday,2,False,2020-08,2020-08-24/2020-08-30,3,2020Q3,2020-08-26
2020-08-27,8300,1.0,2020,8,27,35,Thursday,3,False,2020-08,2020-08-24/2020-08-30,3,2020Q3,2020-08-27
2020-08-28,9800,0.0,2020,8,28,35,Friday,4,False,2020-08,2020-08-24/2020-08-30,3,2020Q3,2020-08-28
2020-08-29,14900,0.0,2020,8,29,35,Saturday,5,True,2020-08,2020-08-24/2020-08-30,3,2020Q3,2020-08-29
2020-08-30,11500,0.0,2020,8,30,35,Sunday,6,True,2020-08,2020-08-24/2020-08-30,3,2020Q3,2020-08-30
2020-08-31,6400,0.0,2020,8,31,36,Monday,0,False,2020-08,2020-08-31/2020-09-06,3,2020Q3,2020-08-31
2020-09-01,7300,0.0,2020,9,1,36,Tuesday,1,False,2020-09,2020-08-31/2020-09-06,3,2020Q3,2020-09-01
2020-09-02,7200,0.0,2020,9,2,36,Wednesday,2,False,2020-09,2020-08-31/2020-09-06,3,2020Q3,2020-09-02
2020-09-03,9200,0.0,2020,9,3,36,Thursday,3,False,2020-09,2020-08-31/2020-09-06,3,2020Q3,2020-09-03
2020-09-04,13400,0.0,2020,9,4,36,Friday,4,False,2020-09,2020-08-31/2020-09-06,3,2020Q3,2020-09-04
2020-09-05,17900,0.0,2020,9,5,36,Saturday,5,True,2020-09,2020-08-31/2020-09-06,3,2020Q3,2020-09-05
2020-09-06,17000,0.0,2020,9,6,36,Sunday,6,True,2020-09,2020-08-31/2020-09-06,3,2020Q3,2020-09-06
2020-09-07,9700,0.0,2020,9,7,37,Monday,0,False,2020-09,2020-09-07/2020-09-13,3,2020Q3,2020-09-07
2020-09-08,1000,0.0,2020,9,8,37,Tuesday,1,False,2020-09,2020-09-07/2020-09-13,3,2020Q3,2020-09-08
2020-09-09,2800,0.0,2020,9,9,37,Wednesday,2,False,2020-09,2020-09-07/2020-09-13,3,2020Q3,2020-09-09
2020-09-10,5200,0.0,2020,9,10,37,Thursday,3,False,2020-09,2020-09-07/2020-09-13,3,2020Q3,2020-09-10
2020-09-11,10400,0.0,2020,9,11,37,Friday,4,False,2020-09,2020-09-07/2020-09-13,3,2020Q3,2020-09-11
2020-09-12,16100,0.0,2020,9,12,37,Saturday,5,True,2020-09,2020-09-07/2020-09-13,3,2020Q3,2020-09-12
2020-09-13,12300,0.0,2020,9,13,37,Sunday,6,True,2020-09,2020-09-07/2020-09-13,3,2020Q3,2020-09-13
2020-09-14,7100,0.0,2020,9,14,38,Monday,0,False,2020-09,2020-09-14/2020-09-20,3,2020Q3,2020-09-14
2020-09-15,7300,0.0,2020,9,15,38,Tuesday,1,False,2020-09,2020-09-14/2020-09-20,3,2020Q3,2020-09-15
2020-09-16,6900,0.0,2020,9,16,38,Wednesday,2,False,2020-09,2020-09-14/2020-09-20,3,2020Q3,2020-09-16
2020-09-17,8500,0.0,2020,9,17,38,Thursday,3,False,2020-09,2020-09-14/2020-09-20,3,2020Q3,2020-09-17
2020-09-18,13500,0.0,2020,9,18,38,Friday,4,False,2020-09,2020-09-14/2020-09-20,3,2020Q3,2020-09-18
2020-09-19,17300,0.0,2020,9,19,38,Saturday,5,True,2020-09,2020-09-14/2020-09-20,3,2020Q3,2020-09-19
2020-09-20,11300,0.0,2020,9,20,38,Sunday,6,True,2020-09,2020-09-14/2020-09-20,3,2020Q3,2020-09-20
2020-09-21,7700,0.0,2020,9,21,39,Monday,0,False,2020-09,2020-09-21/2020-09-27,3,2020Q3,2020-09-21
2020-09-22,7400,0.0,2020,9,22,39,Tuesday,1,False,2020-09,2020-09-21/2020-09-27,3,2020Q3,2020-09-22
2020-09-23,7800,0.0,2020,9,23,39,Wednesday,2,False,2020-09,2020-09-21/2020-09-27,3,2020Q3,2020-09-23
2020-09-24,8900,0.0,2020,9,24,39,Thursday,3,False,2020-09,2020-09-21/2020-09-27,3,2020Q3,2020-09-24
2020-09-25,12800,0.0,2020,9,25,39,Friday,4,False,2020-09,2020-09-21/2020-09-27,3,2020Q3,2020-09-25
2020-09-26,16700,0.0,2020,9,26,39,Saturday,5,True,2020-09,2020-09-21/2020-09-27,3,2020Q3,2020-09-26
2020-09-27,8500,0.0,2020,9,27,39,Sunday,6,True,2020-09,2020-09-21/2020-09-27,3,2020Q3,2020-09-27
2020-09-28,6300,0.0,2020,9,28,40,Monday,0,False,2020-09,2020-09-28/2020-10-04,3,2020Q3,2020-09-28
2020-09-29,6800,0.0,2020,9,29,40,Tuesday,1,False,2020-09,2020-09-28/2020-10-04,3,2020Q3,2020-09-29
2020-09-30,6600,0.0,2020,9,30,40,Wednesday,2,False,2020-09,2020-09-28/2020-10-04,3,2020Q3,2020-09-30
2020-10-01,7300,0.0,2020,10,1,40,Thursday,3,False,2020-10,2020-09-28/2020-10-04,4,2020Q4,2020-10-01
2020-10-02,11500,0.0,2020,10,2,40,Friday,4,False,2020-10,2020-09-28/2020-10-04,4,2020Q4,2020-10-02
2020-10-03,15400,0.0,2020,10,3,40,Saturday,5,True,2020-10,2020-09-28/2020-10-04,4,2020Q4,2020-10-03
2020-10-04,11300,0.0,2020,10,4,40,Sunday,6,True,2020-10,2020-09-28/2020-10-04,4,2020Q4,2020-10-04
2020-10-05,6700,0.0,2020,10,5,41,Monday,0,False,2020-10,2020-10-05/2020-10-11,4,2020Q4,2020-10-05
2020-10-06,6600,0.0,2020,10,6,41,Tuesday,1,False,2020-10,2020-10-05/2020-10-11,4,2020Q4,2020-10-06
2020-10-07,6800,0.0,2020,10,7,41,Wednesday,2,False,2020-10,2020-10-05/2020-10-11,4,2020Q4,2020-10-07
2020-10-08,8100,0.0,2020,10,8,41,Thursday,3,False,2020-10,2020-10-05/2020-10-11,4,2020Q4,2020-10-08
2020-10-09,12600,0.0,2020,10,9,41,Friday,4,False,2020-10,2020-10-05/2020-10-11,4,2020Q4,2020-10-09
2020-10-10,16800,0.0,2020,10,10,41,Saturday,5,True,2020-10,2020-10-05/2020-10-11,4,2020Q4,2020-10-10
2020-10-11,9300,0.0,2020,10,11,41,Sunday,6,True,2020-10,2020-10-05/2020-10-11,4,2020Q4,2020-10-11
2020-10-12,6600,0.0,2020,10,12,42,Monday,0,False,2020-10,2020-10-12/2020-10-18,4,2020Q4,2020-10-12
2020-10-13,6500,0.0,2020,10,13,42,Tuesday,1,False,2020-10,2020-10-12/2020-10-18,4,2020Q4,2020-10-13
2020-10-14,5600,0.0,2020,10,14,42,Wednesday,2,False,2020-10,2020-10-12/2020-10-18,4,2020Q4,2020-10-14
2020-10-15,5700,0.0,2020,10,15,42,Thursday,3,False,2020-10,2020-10-12/2020-10-18,4,2020Q4,2020-10-15
2020-10-16,10300,0.0,2020,10,16,42,Friday,4,False,2020-10,2020-10-12/2020-10-18,4,2020Q4,2020-10-16
2020-10-17,13800,0.0,2020,10,17,42,Saturday,5,True,2020-10,2020-10-12/2020-10-18,4,2020Q4,2020-10-17
2020-10-18,6200,0.0,2020,10,18,42,Sunday,6,True,2020-10,2020-10-12/2020-10-18,4,2020Q4,2020-10-18
2020-10-19,5000,0.0,2020,10,19,43,Monday,0,False,2020-10,2020-10-19/2020-10-25,4,2020Q4,2020-10-19
2020-10-20,5300,0.0,2020,10,20,43,Tuesday,1,False,2020-10,2020-10-19/2020-10-25,4,2020Q4,2020-10-20
2020-10-21,5700,0.0,2020,10,21,43,Wednesday,2,False,2020-10,2020-10-19/2020-10-25,4,2020Q4,2020-10-21
2020-10-22,3100,0.0,2020,10,22,43,Thursday,3,False,2020-10,2020-10-19/2020-10-25,4,2020Q4,2020-10-22
2020-10-23,4900,0.0,2020,10,23,43,Friday,4,False,2020-10,2020-10-19/2020-10-25,4,2020Q4,2020-10-23
2020-10-24,8100,0.0,2020,10,24,43,Saturday,5,True,2020-10,2020-10-19/2020-10-25,4,2020Q4,2020-10-24
2020-10-25,200,0.0,2020,10,25,43,Sunday,6,True,2020-10,2020-10-19/2020-10-25,4,2020Q4,2020-10-25
2020-10-26,100,0.0,2020,10,26,44,Monday,0,False,2020-10,2020-10-26/2020-11-01,4,2020Q4,2020-10-26
2020-10-27,700,0.0,2020,10,27,44,Tuesday,1,False,2020-10,2020-10-26/2020-11-01,4,2020Q4,2020-10-27
2020-10-28,2800,0.0,2020,10,28,44,Wednesday,2,False,2020-10,2020-10-26/2020-11-01,4,2020Q4,2020-10-28
2020-10-29,4900,0.0,2020,10,29,44,Thursday,3,False,2020-10,2020-10-26/2020-11-01,4,2020Q4,2020-10-29
2020-10-30,8000,0.0,2020,10,30,44,Friday,4,False,2020-10,2020-10-26/2020-11-01,4,2020Q4,2020-10-30
2020-10-31,9800,0.0,2020,10,31,44,Saturday,5,True,2020-10,2020-10-26/2020-11-01,4,2020Q4,2020-10-31
2020-11-01,7400,0.0,2020,11,1,44,Sunday,6,True,2020-11,2020-10-26/2020-11-01,4,2020Q4,2020-11-01
2020-11-02,4500,0.0,2020,11,2,45,Monday,0,False,2020-11,2020-11-02/2020-11-08,4,2020Q4,2020-11-02
2020-11-03,4700,0.0,2020,11,3,45,Tuesday,1,False,2020-11,2020-11-02/2020-11-08,4,2020Q4,2020-11-03
2020-11-04,4400,0.0,2020,11,4,45,Wednesday,2,False,2020-11,2020-11-02/2020-11-08,4,2020Q4,2020-11-04
2020-11-05,5700,0.0,2020,11,5,45,Thursday,3,False,2020-11,2020-11-02/2020-11-08,4,2020Q4,2020-11-05
2020-11-06,8000,0.0,2020,11,6,45,Friday,4,False,2020-11,2020-11-02/2020-11-08,4,2020Q4,2020-11-06
2020-11-07,11200,0.0,2020,11,7,45,Saturday,5,True,2020-11,2020-11-02/2020-11-08,4,2020Q4,2020-11-07
2020-11-08,6700,0.0,2020,11,8,45,Sunday,6,True,2020-11,2020-11-02/2020-11-08,4,2020Q4,2020-11-08
2020-11-09,1600,0.0,2020,11,9,46,Monday,0,False,2020-11,2020-11-09/2020-11-15,4,2020Q4,2020-11-09
2020-11-10,2800,0.0,2020,11,10,46,Tuesday,1,False,2020-11,2020-11-09/2020-11-15,4,2020Q4,2020-11-10
2020-11-11,3100,0.0,2020,11,11,46,Wednesday,2,False,2020-11,2020-11-09/2020-11-15,4,2020Q4,2020-11-11
2020-11-12,3400,1.0,2020,11,12,46,Thursday,3,False,2020-11,2020-11-09/2020-11-15,4,2020Q4,2020-11-12
2020-11-13,6700,0.0,2020,11,13,46,Friday,4,False,2020-11,2020-11-09/2020-11-15,4,2020Q4,2020-11-13
2020-11-14,4300,0.0,2020,11,14,46,Saturday,5,True,2020-11,2020-11-09/2020-11-15,4,2020Q4,2020-11-14
2020-11-15,5700,0.0,2020,11,15,46,Sunday,6,True,2020-11,2020-11-09/2020-11-15,4,2020Q4,2020-11-15
2020-11-16,3900,0.0,2020,11,16,47,Monday,0,False,2020-11,2020-11-16/2020-11-22,4,2020Q4,2020-11-16
2020-11-17,3800,0.0,2020,11,17,47,Tuesday,1,False,2020-11,2020-11-16/2020-11-22,4,2020Q4,2020-11-17
2020-11-18,3700,0.0,2020,11,18,47,Wednesday,2,False,2020-11,2020-11-16/2020-11-22,4,2020Q4,2020-11-18
2020-11-19,4200,0.0,2020,11,19,47,Thursday,3,False,2020-11,2020-11-16/2020-11-22,4,2020Q4,2020-11-19
2020-11-20,4000,0.0,2020,11,20,47,Friday,4,False,2020-11,2020-11-16/2020-11-22,4,2020Q4,2020-11-20
2020-11-21,4300,0.0,2020,11,21,47,Saturday,5,True,2020-11,2020-11-16/2020-11-22,4,2020Q4,2020-11-21
2020-11-22,3300,0.0,2020,11,22,47,Sunday,6,True,2020-11,2020-11-16/2020-11-22,4,2020Q4,2020-11-22
2020-11-23,3100,0.0,2020,11,23,48,Monday,0,False,2020-11,2020-11-23/2020-11-29,4,2020Q4,2020-11-23
2020-11-24,400,0.0,2020,11,24,48,Tuesday,1,False,2020-11,2020-11-23/2020-11-29,4,2020Q4,2020-11-24
2020-11-25,1500,0.0,2020,11,25,48,Wednesday,2,False,2020-11,2020-11-23/2020-11-29,4,2020Q4,2020-11-25
2020-11-26,1300,0.0,2020,11,26,48,Thursday,3,False,2020-11,2020-11-23/2020-11-29,4,2020Q4,2020-11-26
2020-11-27,2600,0.0,2020,11,27,48,Friday,4,False,2020-11,2020-11-23/2020-11-29,4,2020Q4,2020-11-27
2020-11-28,4000,0.0,2020,11,28,48,Saturday,5,True,2020-11,2020-11-23/2020-11-29,4,2020Q4,2020-11-28
2020-11-29,2500,0.0,2020,11,29,48,Sunday,6,True,2020-11,2020-11-23/2020-11-29,4,2020Q4,2020-11-29
2020-11-30,2300,0.0,2020,11,30,49,Monday,0,False,2020-11,2020-11-30/2020-12-06,4,2020Q4,2020-11-30
2020-12-01,1700,0.0,2020,12,1,49,Tuesday,1,False,2020-12,2020-11-30/2020-12-06,4,2020Q4,2020-12-01
2020-12-02,1600,0.0,2020,12,2,49,Wednesday,2,False,2020-12,2020-11-30/2020-12-06,4,2020Q4,2020-12-02
2020-12-03,2500,0.0,2020,12,3,49,Thursday,3,False,2020-12,2020-11-30/2020-12-06,4,2020Q4,2020-12-03
2020-12-04,4000,0.0,2020,12,4,49,Friday,4,False,2020-12,2020-11-30/2020-12-06,4,2020Q4,2020-12-04
2020-12-05,5200,0.0,2020,12,5,49,Saturday,5,True,2020-12,2020-11-30/2020-12-06,4,2020Q4,2020-12-05
2020-12-06,4500,0.0,2020,12,6,49,Sunday,6,True,2020-12,2020-11-30/2020-12-06,4,2020Q4,2020-12-06
2020-12-07,2800,0.0,2020,12,7,50,Monday,0,False,2020-12,2020-12-07/2020-12-13,4,2020Q4,2020-12-07
2020-12-08,3000,0.0,2020,12,8,50,Tuesday,1,False,2020-12,2020-12-07/2020-12-13,4,2020Q4,2020-12-08
2020-12-09,2900,0.0,2020,12,9,50,Wednesday,2,False,2020-12,2020-12-07/2020-12-13,4,2020Q4,2020-12-09
2020-12-10,2300,0.0,2020,12,10,50,Thursday,3,False,2020-12,2020-12-07/2020-12-13,4,2020Q4,2020-12-10
2020-12-11,1000,0.0,2020,12,11,50,Friday,4,False,2020-12,2020-12-07/2020-12-13,4,2020Q4,2020-12-11
2020-12-12,1600,0.0,2020,12,12,50,Saturday,5,True,2020-12,2020-12-07/2020-12-13,4,2020Q4,2020-12-12
2020-12-13,500,0.0,2020,12,13,50,Sunday,6,True,2020-12,2020-12-07/2020-12-13,4,2020Q4,2020-12-13
2020-12-14,700,0.0,2020,12,14,51,Monday,0,False,2020-12,2020-12-14/2020-12-20,4,2020Q4,2020-12-14
2020-12-15,500,0.0,2020,12,15,51,Tuesday,1,False,2020-12,2020-12-14/2020-12-20,4,2020Q4,2020-12-15
2020-12-16,900,0.0,2020,12,16,51,Wednesday,2,False,2020-12,2020-12-14/2020-12-20,4,2020Q4,2020-12-16
2020-12-17,1700,0.0,2020,12,17,51,Thursday,3,False,2020-12,2020-12-14/2020-12-20,4,2020Q4,2020-12-17
2020-12-18,2000,0.0,2020,12,18,51,Friday,4,False,2020-12,2020-12-14/2020-12-20,4,2020Q4,2020-12-18
2020-12-19,2900,0.0,2020,12,19,51,Saturday,5,True,2020-12,2020-12-14/2020-12-20,4,2020Q4,2020-12-19
2020-12-20,3200,0.0,2020,12,20,51,Sunday,6,True,2020-12,2020-12-14/2020-12-20,4,2020Q4,2020-12-20
2020-12-21,3000,0.0,2020,12,21,52,Monday,0,False,2020-12,2020-12-21/2020-12-27,4,2020Q4,2020-12-21
2020-12-22,2800,0.0,2020,12,22,52,Tuesday,1,False,2020-12,2020-12-21/2020-12-27,4,2020Q4,2020-12-22
2020-12-23,1600,0.0,2020,12,23,52,Wednesday,2,False,2020-12,2020-12-21/2020-12-27,4,2020Q4,2020-12-23
2020-12-24,2500,0.0,2020,12,24,52,Thursday,3,False,2020-12,2020-12-21/2020-12-27,4,2020Q4,2020-12-24
2020-12-25,3800,0.0,2020,12,25,52,Friday,4,False,2020-12,2020-12-21/2020-12-27,4,2020Q4,2020-12-25
2020-12-26,5700,0.0,2020,12,26,52,Saturday,5,True,2020-12,2020-12-21/2020-12-27,4,2020Q4,2020-12-26
2020-12-27,3800,0.0,2020,12,27,52,Sunday,6,True,2020-12,2020-12-21/2020-12-27,4,2020Q4,2020-12-27
2020-12-28,1300,0.0,2020,12,28,53,Monday,0,False,2020-12,2020-12-28/2021-01-03,4,2020Q4,2020-12-28
2020-12-29,1200,0.0,2020,12,29,53,Tuesday,1,False,2020-12,2020-12-28/2021-01-03,4,2020Q4,2020-12-29
2020-12-30,2200,0.0,2020,12,30,53,Wednesday,2,False,2020-12,2020-12-28/2021-01-03,4,2020Q4,2020-12-30
2020-12-31,4300,0.0,2020,12,31,53,Thursday,3,False,2020-12,2020-12-28/2021-01-03,4,2020Q4,2020-12-31
2021-01-01,4400,0.0,2021,1,1,53,Friday,4,False,2021-01,2020-12-28/2021-01-03,1,2021Q1,2021-01-01
2021-01-02,4500,0.0,2021,1,2,53,Saturday,5,True,2021-01,2020-12-28/2021-01-03,1,2021Q1,2021-01-02
2021-01-03,4000,0.0,2021,1,3,53,Sunday,6,True,2021-01,2020-12-28/2021-01-03,1,2021Q1,2021-01-03
2021-01-04,2900,1.0,2021,1,4,1,Monday,0,False,2021-01,2021-01-04/2021-01-10,1,2021Q1,2021-01-04
2021-01-05,2600,1.0,2021,1,5,1,Tuesday,1,False,2021-01,2021-01-04/2021-01-10,1,2021Q1,2021-01-05
2021-01-06,2400,0.0,2021,1,6,1,Wednesday,2,False,2021-01,2021-01-04/2021-01-10,1,2021Q1,2021-01-06
2021-01-07,2400,0.0,2021,1,7,1,Thursday,3,False,2021-01,2021-01-04/2021-01-10,1,2021Q1,2021-01-07
2021-01-08,3700,0.0,2021,1,8,1,Friday,4,False,2021-01,2021-01-04/2021-01-10,1,2021Q1,2021-01-08
2021-01-09,2000,0.0,2021,1,9,1,Saturday,5,True,2021-01,2021-01-04/2021-01-10,1,2021Q1,2021-01-09
2021-01-10,1600,0.0,2021,1,10,1,Sunday,6,True,2021-01,2021-01-04/2021-01-10,1,2021Q1,2021-01-10
2021-01-11,2000,0.0,2021,1,11,2,Monday,0,False,2021-01,2021-01-11/2021-01-17,1,2021Q1,2021-01-11
2021-01-12,2300,0.0,2021,1,12,2,Tuesday,1,False,2021-01,2021-01-11/2021-01-17,1,2021Q1,2021-01-12
2021-01-13,3100,0.0,2021,1,13,2,Wednesday,2,False,2021-01,2021-01-11/2021-01-17,1,2021Q1,2021-01-13
2021-01-14,2300,0.0,2021,1,14,2,Thursday,3,False,2021-01,2021-01-11/2021-01-17,1,2021Q1,2021-01-14
2021-01-15,3800,0.0,2021,1,15,2,Friday,4,False,2021-01,2021-01-11/2021-01-17,1,2021Q1,2021-01-15
2021-01-16,5700,0.0,2021,1,16,2,Saturday,5,True,2021-01,2021-01-11/2021-01-17,1,2021Q1,2021-01-16
2021-01-17,4800,0.0,2021,1,17,2,Sunday,6,True,2021-01,2021-01-11/2021-01-17,1,2021Q1,2021-01-17
2021-01-18,2300,0.0,2021,1,18,3,Monday,0,False,2021-01,2021-01-18/2021-01-24,1,2021Q1,2021-01-18
2021-01-19,2200,0.0,2021,1,19,3,Tuesday,1,False,2021-01,2021-01-18/2021-01-24,1,2021Q1,2021-01-19
2021-01-20,2700,0.0,2021,1,20,3,Wednesday,2,False,2021-01,2021-01-18/2021-01-24,1,2021Q1,2021-01-20
2021-01-21,3000,0.0,2021,1,21,3,Thursday,3,False,2021-01,2021-01-18/2021-01-24,1,2021Q1,2021-01-21
2021-01-22,4200,0.0,2021,1,22,3,Friday,4,False,2021-01,2021-01-18/2021-01-24,1,2021Q1,2021-01-22
2021-01-23,5200,0.0,2021,1,23,3,Saturday,5,True,2021-01,2021-01-18/2021-01-24,1,2021Q1,2021-01-23
2021-01-24,3000,0.0,2021,1,24,3,Sunday,6,True,2021-01,2021-01-18/2021-01-24,1,2021Q1,2021-01-24
2021-01-25,1900,0.0,2021,1,25,4,Monday,0,False,2021-01,2021-01-25/2021-01-31,1,2021Q1,2021-01-25
2021-01-26,300,0.0,2021,1,26,4,Tuesday,1,False,2021-01,2021-01-25/2021-01-31,1,2021Q1,2021-01-26
2021-01-27,300,0.0,2021,1,27,4,Wednesday,2,False,2021-01,2021-01-25/2021-01-31,1,2021Q1,2021-01-27
2021-01-28,1400,0.0,2021,1,28,4,Thursday,3,False,2021-01,2021-01-25/2021-01-31,1,2021Q1,2021-01-28
2021-01-29,4300,0.0,2021,1,29,4,Friday,4,False,2021-01,2021-01-25/2021-01-31,1,2021Q1,2021-01-29
2021-01-30,6100,0.0,2021,1,30,4,Saturday,5,True,2021-01,2021-01-25/2021-01-31,1,2021Q1,2021-01-30
2021-01-31,5000,0.0,2021,1,31,4,Sunday,6,True,2021-01,2021-01-25/2021-01-31,1,2021Q1,2021-01-31
2021-02-01,2600,0.0,2021,2,1,5,Monday,0,False,2021-02,2021-02-01/2021-02-07,1,2021Q1,2021-02-01
2021-02-02,3300,0.0,2021,2,2,5,Tuesday,1,False,2021-02,2021-02-01/2021-02-07,1,2021Q1,2021-02-02
2021-02-03,2700,0.0,2021,2,3,5,Wednesday,2,False,2021-02,2021-02-01/2021-02-07,1,2021Q1,2021-02-03
2021-02-04,2500,0.0,2021,2,4,5,Thursday,3,False,2021-02,2021-02-01/2021-02-07,1,2021Q1,2021-02-04
2021-02-05,4100,0.0,2021,2,5,5,Friday,4,False,2021-02,2021-02-01/2021-02-07,1,2021Q1,2021-02-05
2021-02-06,5800,0.0,2021,2,6,5,Saturday,5,True,2021-02,2021-02-01/2021-02-07,1,2021Q1,2021-02-06
2021-02-07,3800,0.0,2021,2,7,5,Sunday,6,True,2021-02,2021-02-01/2021-02-07,1,2021Q1,2021-02-07
2021-02-08,1700,0.0,2021,2,8,6,Monday,0,False,2021-02,2021-02-08/2021-02-14,1,2021Q1,2021-02-08
2021-02-09,1700,0.0,2021,2,9,6,Tuesday,1,False,2021-02,2021-02-08/2021-02-14,1,2021Q1,2021-02-09
2021-02-10,1600,0.0,2021,2,10,6,Wednesday,2,False,2021-02,2021-02-08/2021-02-14,1,2021Q1,2021-02-10
2021-02-11,1600,0.0,2021,2,11,6,Thursday,3,False,2021-02,2021-02-08/2021-02-14,1,2021Q1,2021-02-11
2021-02-12,1100,0.0,2021,2,12,6,Friday,4,False,2021-02,2021-02-08/2021-02-14,1,2021Q1,2021-02-12
2021-02-13,700,0.0,2021,2,13,6,Saturday,5,True,2021-02,2021-02-08/2021-02-14,1,2021Q1,2021-02-13
2021-02-14,100,0.0,2021,2,14,6,Sunday,6,True,2021-02,2021-02-08/2021-02-14,1,2021Q1,2021-02-14
2021-02-15,800,0.0,2021,2,15,7,Monday,0,False,2021-02,2021-02-15/2021-02-21,1,2021Q1,2021-02-15
2021-02-16,1900,0.0,2021,2,16,7,Tuesday,1,False,2021-02,2021-02-15/2021-02-21,1,2021Q1,2021-02-16
2021-02-17,1300,0.0,2021,2,17,7,Wednesday,2,False,2021-02,2021-02-15/2021-02-21,1,2021Q1,2021-02-17
2021-02-18,700,0.0,2021,2,18,7,Thursday,3,False,2021-02,2021-02-15/2021-02-21,1,2021Q1,2021-02-18
2021-02-19,3500,0.0,2021,2,19,7,Friday,4,False,2021-02,2021-02-15/2021-02-21,1,2021Q1,2021-02-19
2021-02-20,5000,0.0,2021,2,20,7,Saturday,5,True,2021-02,2021-02-15/2021-02-21,1,2021Q1,2021-02-20
2021-02-21,3000,0.0,2021,2,21,7,Sunday,6,True,2021-02,2021-02-15/2021-02-21,1,2021Q1,2021-02-21
2021-02-22,3100,0.0,2021,2,22,8,Monday,0,False,2021-02,2021-02-22/2021-02-28,1,2021Q1,2021-02-22
2021-02-23,3300,0.0,2021,2,23,8,Tuesday,1,False,2021-02,2021-02-22/2021-02-28,1,2021Q1,2021-02-23
2021-02-24,1900,0.0,2021,2,24,8,Wednesday,2,False,2021-02,2021-02-22/2021-02-28,1,2021Q1,2021-02-24
2021-02-25,600,0.0,2021,2,25,8,Thursday,3,False,2021-02,2021-02-22/2021-02-28,1,2021Q1,2021-02-25
2021-02-26,2700,0.0,2021,2,26,8,Friday,4,False,2021-02,2021-02-22/2021-02-28,1,2021Q1,2021-02-26
2021-02-27,3600,0.0,2021,2,27,8,Saturday,5,True,2021-02,2021-02-22/2021-02-28,1,2021Q1,2021-02-27
2021-02-28,3100,1.0,2021,2,28,8,Sunday,6,True,2021-02,2021-02-22/2021-02-28,1,2021Q1,2021-02-28
2021-03-01,2800,0.0,2021,3,1,9,Monday,0,False,2021-03,2021-03-01/2021-03-07,1,2021Q1,2021-03-01
2021-03-02,3400,0.0,2021,3,2,9,Tuesday,1,False,2021-03,2021-03-01/2021-03-07,1,2021Q1,2021-03-02
2021-03-03,3800,0.0,2021,3,3,9,Wednesday,2,False,2021-03,2021-03-01/2021-03-07,1,2021Q1,2021-03-03
2021-03-04,1800,0.0,2021,3,4,9,Thursday,3,False,2021-03,2021-03-01/2021-03-07,1,2021Q1,2021-03-04
2021-03-05,6800,0.0,2021,3,5,9,Friday,4,False,2021-03,2021-03-01/2021-03-07,1,2021Q1,2021-03-05
2021-03-06,11900,0.0,2021,3,6,9,Saturday,5,True,2021-03,2021-03-01/2021-03-07,1,2021Q1,2021-03-06
2021-03-07,9400,0.0,2021,3,7,9,Sunday,6,True,2021-03,2021-03-01/2021-03-07,1,2021Q1,2021-03-07
2021-03-08,4300,0.0,2021,3,8,10,Monday,0,False,2021-03,2021-03-08/2021-03-14,1,2021Q1,2021-03-08
2021-03-09,4400,0.0,2021,3,9,10,Tuesday,1,False,2021-03,2021-03-08/2021-03-14,1,2021Q1,2021-03-09
2021-03-10,3000,0.0,2021,3,10,10,Wednesday,2,False,2021-03,2021-03-08/2021-03-14,1,2021Q1,2021-03-10
2021-03-11,3500,0.0,2021,3,11,10,Thursday,3,False,2021-03,2021-03-08/2021-03-14,1,2021Q1,2021-03-11
2021-03-12,3000,0.0,2021,3,12,10,Friday,4,False,2021-03,2021-03-08/2021-03-14,1,2021Q1,2021-03-12
2021-03-13,100,0.0,2021,3,13,10,Saturday,5,True,2021-03,2021-03-08/2021-03-14,1,2021Q1,2021-03-13
2021-03-14,0,0.0,2021,3,14,10,Sunday,6,True,2021-03,2021-03-08/2021-03-14,1,2021Q1,2021-03-14
2021-03-15,0,0.0,2021,3,15,11,Monday,0,False,2021-03,2021-03-15/2021-03-21,1,2021Q1,2021-03-15
2021-03-16,0,0.0,2021,3,16,11,Tuesday,1,False,2021-03,2021-03-15/2021-03-21,1,2021Q1,2021-03-16
2021-03-17,900,0.0,2021,3,17,11,Wednesday,2,False,2021-03,2021-03-15/2021-03-21,1,2021Q1,2021-03-17
2021-03-18,2300,0.0,2021,3,18,11,Thursday,3,False,2021-03,2021-03-15/2021-03-21,1,2021Q1,2021-03-18
2021-03-19,8600,0.0,2021,3,19,11,Friday,4,False,2021-03,2021-03-15/2021-03-21,1,2021Q1,2021-03-19
2021-03-20,14500,0.0,2021,3,20,11,Saturday,5,True,2021-03,2021-03-15/2021-03-21,1,2021Q1,2021-03-20
2021-03-21,4600,0.0,2021,3,21,11,Sunday,6,True,2021-03,2021-03-15/2021-03-21,1,2021Q1,2021-03-21
2021-03-22,2500,0.0,2021,3,22,12,Monday,0,False,2021-03,2021-03-22/2021-03-28,1,2021Q1,2021-03-22
2021-03-23,2700,0.0,2021,3,23,12,Tuesday,1,False,2021-03,2021-03-22/2021-03-28,1,2021Q1,2021-03-23
2021-03-24,3200,0.0,2021,3,24,12,Wednesday,2,False,2021-03,2021-03-22/2021-03-28,1,2021Q1,2021-03-24
2021-03-25,5300,0.0,2021,3,25,12,Thursday,3,False,2021-03,2021-03-22/2021-03-28,1,2021Q1,2021-03-25
2021-03-26,6700,0.0,2021,3,26,12,Friday,4,False,2021-03,2021-03-22/2021-03-28,1,2021Q1,2021-03-26
2021-03-27,11300,0.0,2021,3,27,12,Saturday,5,True,2021-03,2021-03-22/2021-03-28,1,2021Q1,2021-03-27
2021-03-28,10100,1.0,2021,3,28,12,Sunday,6,True,2021-03,2021-03-22/2021-03-28,1,2021Q1,2021-03-28
2021-03-29,6200,0.0,2021,3,29,13,Monday,0,False,2021-03,2021-03-29/2021-04-04,1,2021Q1,2021-03-29
2021-03-30,2700,0.0,2021,3,30,13,Tuesday,1,False,2021-03,2021-03-29/2021-04-04,1,2021Q1,2021-03-30
2021-03-31,4400,0.0,2021,3,31,13,Wednesday,2,False,2021-03,2021-03-29/2021-04-04,1,2021Q1,2021-03-31
2021-04-01,10300,1.0,2021,4,1,13,Thursday,3,False,2021-04,2021-03-29/2021-04-04,2,2021Q2,2021-04-01
2021-04-02,13000,0.0,2021,4,2,13,Friday,4,False,2021-04,2021-03-29/2021-04-04,2,2021Q2,2021-04-02
2021-04-03,16600,0.0,2021,4,3,13,Saturday,5,True,2021-04,2021-03-29/2021-04-04,2,2021Q2,2021-04-03
2021-04-04,12000,0.0,2021,4,4,13,Sunday,6,True,2021-04,2021-03-29/2021-04-04,2,2021Q2,2021-04-04
2021-04-05,6800,0.0,2021,4,5,14,Monday,0,False,2021-04,2021-04-05/2021-04-11,2,2021Q2,2021-04-05
2021-04-06,3800,0.0,2021,4,6,14,Tuesday,1,False,2021-04,2021-04-05/2021-04-11,2,2021Q2,2021-04-06
2021-04-07,6700,0.0,2021,4,7,14,Wednesday,2,False,2021-04,2021-04-05/2021-04-11,2,2021Q2,2021-04-07
2021-04-08,7700,0.0,2021,4,8,14,Thursday,3,False,2021-04,2021-04-05/2021-04-11,2,2021Q2,2021-04-08
2021-04-09,8100,0.0,2021,4,9,14,Friday,4,False,2021-04,2021-04-05/2021-04-11,2,2021Q2,2021-04-09
2021-04-10,14000,0.0,2021,4,10,14,Saturday,5,True,2021-04,2021-04-05/2021-04-11,2,2021Q2,2021-04-10
2021-04-11,8500,0.0,2021,4,11,14,Sunday,6,True,2021-04,2021-04-05/2021-04-11,2,2021Q2,2021-04-11
2021-04-12,3700,0.0,2021,4,12,15,Monday,0,False,2021-04,2021-04-12/2021-04-18,2,2021Q2,2021-04-12
2021-04-13,3400,0.0,2021,4,13,15,Tuesday,1,False,2021-04,2021-04-12/2021-04-18,2,2021Q2,2021-04-13
2021-04-14,3400,0.0,2021,4,14,15,Wednesday,2,False,2021-04,2021-04-12/2021-04-18,2,2021Q2,2021-04-14
2021-04-15,1600,0.0,2021,4,15,15,Thursday,3,False,2021-04,2021-04-12/2021-04-18,2,2021Q2,2021-04-15
2021-04-16,2000,0.0,2021,4,16,15,Friday,4,False,2021-04,2021-04-12/2021-04-18,2,2021Q2,2021-04-16
2021-04-17,8600,0.0,2021,4,17,15,Saturday,5,True,2021-04,2021-04-12/2021-04-18,2,2021Q2,2021-04-17
2021-04-18,9800,0.0,2021,4,18,15,Sunday,6,True,2021-04,2021-04-12/2021-04-18,2,2021Q2,2021-04-18
2021-04-19,1800,0.0,2021,4,19,16,Monday,0,False,2021-04,2021-04-19/2021-04-25,2,2021Q2,2021-04-19
2021-04-20,3200,1.0,2021,4,20,16,Tuesday,1,False,2021-04,2021-04-19/2021-04-25,2,2021Q2,2021-04-20
2021-04-21,2100,0.0,2021,4,21,16,Wednesday,2,False,2021-04,2021-04-19/2021-04-25,2,2021Q2,2021-04-21
2021-04-22,4500,0.0,2021,4,22,16,Thursday,3,False,2021-04,2021-04-19/2021-04-25,2,2021Q2,2021-04-22
2021-04-23,9500,0.0,2021,4,23,16,Friday,4,False,2021-04,2021-04-19/2021-04-25,2,2021Q2,2021-04-23
2021-04-24,15700,0.0,2021,4,24,16,Saturday,5,True,2021-04,2021-04-19/2021-04-25,2,2021Q2,2021-04-24
2021-04-25,13500,1.0,2021,4,25,16,Sunday,6,True,2021-04,2021-04-19/2021-04-25,2,2021Q2,2021-04-25
2021-04-26,6300,0.0,2021,4,26,17,Monday,0,False,2021-04,2021-04-26/2021-05-02,2,2021Q2,2021-04-26
2021-04-27,2900,0.0,2021,4,27,17,Tuesday,1,False,2021-04,2021-04-26/2021-05-02,2,2021Q2,2021-04-27
2021-04-28,4400,0.0,2021,4,28,17,Wednesday,2,False,2021-04,2021-04-26/2021-05-02,2,2021Q2,2021-04-28
2021-04-29,7000,0.0,2021,4,29,17,Thursday,3,False,2021-04,2021-04-26/2021-05-02,2,2021Q2,2021-04-29
2021-04-30,11700,0.0,2021,4,30,17,Friday,4,False,2021-04,2021-04-26/2021-05-02,2,2021Q2,2021-04-30
2021-05-01,17200,0.0,2021,5,1,17,Saturday,5,True,2021-05,2021-04-26/2021-05-02,2,2021Q2,2021-05-01
2021-05-02,7600,0.0,2021,5,2,17,Sunday,6,True,2021-05,2021-04-26/2021-05-02,2,2021Q2,2021-05-02
2021-05-03,1600,0.0,2021,5,3,18,Monday,0,False,2021-05,2021-05-03/2021-05-09,2,2021Q2,2021-05-03
2021-05-04,5400,0.0,2021,5,4,18,Tuesday,1,False,2021-05,2021-05-03/2021-05-09,2,2021Q2,2021-05-04
2021-05-05,6900,0.0,2021,5,5,18,Wednesday,2,False,2021-05,2021-05-03/2021-05-09,2,2021Q2,2021-05-05
2021-05-06,6800,0.0,2021,5,6,18,Thursday,3,False,2021-05,2021-05-03/2021-05-09,2,2021Q2,2021-05-06
2021-05-07,12300,0.0,2021,5,7,18,Friday,4,False,2021-05,2021-05-03/2021-05-09,2,2021Q2,2021-05-07
2021-05-08,12500,1.0,2021,5,8,18,Saturday,5,True,2021-05,2021-05-03/2021-05-09,2,2021Q2,2021-05-08
2021-05-09,5300,0.0,2021,5,9,18,Sunday,6,True,2021-05,2021-05-03/2021-05-09,2,2021Q2,2021-05-09
2021-05-10,2400,0.0,2021,5,10,19,Monday,0,False,2021-05,2021-05-10/2021-05-16,2,2021Q2,2021-05-10
2021-05-11,3000,0.0,2021,5,11,19,Tuesday,1,False,2021-05,2021-05-10/2021-05-16,2,2021Q2,2021-05-11
2021-05-12,6100,0.0,2021,5,12,19,Wednesday,2,False,2021-05,2021-05-10/2021-05-16,2,2021Q2,2021-05-12
2021-05-13,8300,0.0,2021,5,13,19,Thursday,3,False,2021-05,2021-05-10/2021-05-16,2,2021Q2,2021-05-13
2021-05-14,11400,0.0,2021,5,14,19,Friday,4,False,2021-05,2021-05-10/2021-05-16,2,2021Q2,2021-05-14
2021-05-15,13200,0.0,2021,5,15,19,Saturday,5,True,2021-05,2021-05-10/2021-05-16,2,2021Q2,2021-05-15
2021-05-16,8300,1.0,2021,5,16,19,Sunday,6,True,2021-05,2021-05-10/2021-05-16,2,2021Q2,2021-05-16
2021-05-17,4200,0.0,2021,5,17,20,Monday,0,False,2021-05,2021-05-17/2021-05-23,2,2021Q2,2021-05-17
2021-05-18,5500,0.0,2021,5,18,20,Tuesday,1,False,2021-05,2021-05-17/2021-05-23,2,2021Q2,2021-05-18
2021-05-19,8200,0.0,2021,5,19,20,Wednesday,2,False,2021-05,2021-05-17/2021-05-23,2,2021Q2,2021-05-19
2021-05-20,9600,0.0,2021,5,20,20,Thursday,3,False,2021-05,2021-05-17/2021-05-23,2,2021Q2,2021-05-20
2021-05-21,14400,0.0,2021,5,21,20,Friday,4,False,2021-05,2021-05-17/2021-05-23,2,2021Q2,2021-05-21
2021-05-22,15600,0.0,2021,5,22,20,Saturday,5,True,2021-05,2021-05-17/2021-05-23,2,2021Q2,2021-05-22
2021-05-23,13100,0.0,2021,5,23,20,Sunday,6,True,2021-05,2021-05-17/2021-05-23,2,2021Q2,2021-05-23
2021-05-24,7800,0.0,2021,5,24,21,Monday,0,False,2021-05,2021-05-24/2021-05-30,2,2021Q2,2021-05-24
2021-05-25,7300,1.0,2021,5,25,21,Tuesday,1,False,2021-05,2021-05-24/2021-05-30,2,2021Q2,2021-05-25
2021-05-26,7100,0.0,2021,5,26,21,Wednesday,2,False,2021-05,2021-05-24/2021-05-30,2,2021Q2,2021-05-26
2021-05-27,9200,0.0,2021,5,27,21,Thursday,3,False,2021-05,2021-05-24/2021-05-30,2,2021Q2,2021-05-27
2021-05-28,14200,1.0,2021,5,28,21,Friday,4,False,2021-05,2021-05-24/2021-05-30,2,2021Q2,2021-05-28
2021-05-29,15500,0.0,2021,5,29,21,Saturday,5,True,2021-05,2021-05-24/2021-05-30,2,2021Q2,2021-05-29
2021-05-30,5100,0.0,2021,5,30,21,Sunday,6,True,2021-05,2021-05-24/2021-05-30,2,2021Q2,2021-05-30
2021-05-31,7500,0.0,2021,5,31,22,Monday,0,False,2021-05,2021-05-31/2021-06-06,2,2021Q2,2021-05-31
2021-06-01,7800,0.0,2021,6,1,22,Tuesday,1,False,2021-06,2021-05-31/2021-06-06,2,2021Q2,2021-06-01
2021-06-02,9200,1.0,2021,6,2,22,Wednesday,2,False,2021-06,2021-05-31/2021-06-06,2,2021Q2,2021-06-02
2021-06-03,10700,0.0,2021,6,3,22,Thursday,3,False,2021-06,2021-05-31/2021-06-06,2,2021Q2,2021-06-03
2021-06-04,14500,1.0,2021,6,4,22,Friday,4,False,2021-06,2021-05-31/2021-06-06,2,2021Q2,2021-06-04
2021-06-05,16600,0.0,2021,6,5,22,Saturday,5,True,2021-06,2021-05-31/2021-06-06,2,2021Q2,2021-06-05
2021-06-06,12700,0.0,2021,6,6,22,Sunday,6,True,2021-06,2021-05-31/2021-06-06,2,2021Q2,2021-06-06
2021-06-07,7800,0.0,2021,6,7,23,Monday,0,False,2021-06,2021-06-07/2021-06-13,2,2021Q2,2021-06-07
2021-06-08,8600,1.0,2021,6,8,23,Tuesday,1,False,2021-06,2021-06-07/2021-06-13,2,2021Q2,2021-06-08
2021-06-09,9000,0.0,2021,6,9,23,Wednesday,2,False,2021-06,2021-06-07/2021-06-13,2,2021Q2,2021-06-09
2021-06-10,9900,0.0,2021,6,10,23,Thursday,3,False,2021-06,2021-06-07/2021-06-13,2,2021Q2,2021-06-10
2021-06-11,15700,0.0,2021,6,11,23,Friday,4,False,2021-06,2021-06-07/2021-06-13,2,2021Q2,2021-06-11
2021-06-12,17200,0.0,2021,6,12,23,Saturday,5,True,2021-06,2021-06-07/2021-06-13,2,2021Q2,2021-06-12
2021-06-13,13200,0.0,2021,6,13,23,Sunday,6,True,2021-06,2021-06-07/2021-06-13,2,2021Q2,2021-06-13
2021-06-14,7900,0.0,2021,6,14,24,Monday,0,False,2021-06,2021-06-14/2021-06-20,2,2021Q2,2021-06-14
2021-06-15,9900,0.0,2021,6,15,24,Tuesday,1,False,2021-06,2021-06-14/2021-06-20,2,2021Q2,2021-06-15
2021-06-16,9900,0.0,2021,6,16,24,Wednesday,2,False,2021-06,2021-06-14/2021-06-20,2,2021Q2,2021-06-16
2021-06-17,12600,0.0,2021,6,17,24,Thursday,3,False,2021-06,2021-06-14/2021-06-20,2,2021Q2,2021-06-17
2021-06-18,16800,0.0,2021,6,18,24,Friday,4,False,2021-06,2021-06-14/2021-06-20,2,2021Q2,2021-06-18
2021-06-19,17700,0.0,2021,6,19,24,Saturday,5,True,2021-06,2021-06-14/2021-06-20,2,2021Q2,2021-06-19
2021-06-20,13900,1.0,2021,6,20,24,Sunday,6,True,2021-06,2021-06-14/2021-06-20,2,2021Q2,2021-06-20
2021-06-21,8500,0.0,2021,6,21,25,Monday,0,False,2021-06,2021-06-21/2021-06-27,2,2021Q2,2021-06-21
2021-06-22,9200,2.0,2021,6,22,25,Tuesday,1,False,2021-06,2021-06-21/2021-06-27,2,2021Q2,2021-06-22
2021-06-23,10100,0.0,2021,6,23,25,Wednesday,2,False,2021-06,2021-06-21/2021-06-27,2,2021Q2,2021-06-23
2021-06-24,11000,1.0,2021,6,24,25,Thursday,3,False,2021-06,2021-06-21/2021-06-27,2,2021Q2,2021-06-24
2021-06-25,13000,1.0,2021,6,25,25,Friday,4,False,2021-06,2021-06-21/2021-06-27,2,2021Q2,2021-06-25
2021-06-26,17200,0.0,2021,6,26,25,Saturday,5,True,2021-06,2021-06-21/2021-06-27,2,2021Q2,2021-06-26
2021-06-27,13900,0.0,2021,6,27,25,Sunday,6,True,2021-06,2021-06-21/2021-06-27,2,2021Q2,2021-06-27
2021-06-28,11200,0.0,2021,6,28,26,Monday,0,False,2021-06,2021-06-28/2021-07-04,2,2021Q2,2021-06-28
2021-06-29,9900,0.0,2021,6,29,26,Tuesday,1,False,2021-06,2021-06-28/2021-07-04,2,2021Q2,2021-06-29
2021-06-30,11300,0.0,2021,6,30,26,Wednesday,2,False,2021-06,2021-06-28/2021-07-04,2,2021Q2,2021-06-30
2021-07-01,11300,0.0,2021,7,1,26,Thursday,3,False,2021-07,2021-06-28/2021-07-04,3,2021Q3,2021-07-01
2021-07-02,18100,0.0,2021,7,2,26,Friday,4,False,2021-07,2021-06-28/2021-07-04,3,2021Q3,2021-07-02
2021-07-03,20700,0.0,2021,7,3,26,Saturday,5,True,2021-07,2021-06-28/2021-07-04,3,2021Q3,2021-07-03
2021-07-04,22900,1.0,2021,7,4,26,Sunday,6,True,2021-07,2021-06-28/2021-07-04,3,2021Q3,2021-07-04
2021-07-05,12400,0.0,2021,7,5,27,Monday,0,False,2021-07,2021-07-05/2021-07-11,3,2021Q3,2021-07-05
2021-07-06,9200,0.0,2021,7,6,27,Tuesday,1,False,2021-07,2021-07-05/2021-07-11,3,2021Q3,2021-07-06
2021-07-07,9900,0.0,2021,7,7,27,Wednesday,2,False,2021-07,2021-07-05/2021-07-11,3,2021Q3,2021-07-07
2021-07-08,12000,0.0,2021,7,8,27,Thursday,3,False,2021-07,2021-07-05/2021-07-11,3,2021Q3,2021-07-08
2021-07-09,17900,0.0,2021,7,9,27,Friday,4,False,2021-07,2021-07-05/2021-07-11,3,2021Q3,2021-07-09
2021-07-10,22200,1.0,2021,7,10,27,Saturday,5,True,2021-07,2021-07-05/2021-07-11,3,2021Q3,2021-07-10
2021-07-11,19700,0.0,2021,7,11,27,Sunday,6,True,2021-07,2021-07-05/2021-07-11,3,2021Q3,2021-07-11
2021-07-12,17200,0.0,2021,7,12,28,Monday,0,False,2021-07,2021-07-12/2021-07-18,3,2021Q3,2021-07-12
2021-07-13,17500,0.0,2021,7,13,28,Tuesday,1,False,2021-07,2021-07-12/2021-07-18,3,2021Q3,2021-07-13
2021-07-14,10700,0.0,2021,7,14,28,Wednesday,2,False,2021-07,2021-07-12/2021-07-18,3,2021Q3,2021-07-14
2021-07-15,13900,0.0,2021,7,15,28,Thursday,3,False,2021-07,2021-07-12/2021-07-18,3,2021Q3,2021-07-15
2021-07-16,21800,0.0,2021,7,16,28,Friday,4,False,2021-07,2021-07-12/2021-07-18,3,2021Q3,2021-07-16
2021-07-17,22000,0.0,2021,7,17,28,Saturday,5,True,2021-07,2021-07-12/2021-07-18,3,2021Q3,2021-07-17
2021-07-18,16000,0.0,2021,7,18,28,Sunday,6,True,2021-07,2021-07-12/2021-07-18,3,2021Q3,2021-07-18
2021-07-19,11000,0.0,2021,7,19,29,Monday,0,False,2021-07,2021-07-19/2021-07-25,3,2021Q3,2021-07-19
2021-07-20,13000,0.0,2021,7,20,29,Tuesday,1,False,2021-07,2021-07-19/2021-07-25,3,2021Q3,2021-07-20
2021-07-21,12700,0.0,2021,7,21,29,Wednesday,2,False,2021-07,2021-07-19/2021-07-25,3,2021Q3,2021-07-21
2021-07-22,12700,1.0,2021,7,22,29,Thursday,3,False,2021-07,2021-07-19/2021-07-25,3,2021Q3,2021-07-22
2021-07-23,19100,0.0,2021,7,23,29,Friday,4,False,2021-07,2021-07-19/2021-07-25,3,2021Q3,2021-07-23
2021-07-24,21500,1.0,2021,7,24,29,Saturday,5,True,2021-07,2021-07-19/2021-07-25,3,2021Q3,2021-07-24
2021-07-25,14700,0.0,2021,7,25,29,Sunday,6,True,2021-07,2021-07-19/2021-07-25,3,2021Q3,2021-07-25
2021-07-26,11500,0.0,2021,7,26,30,Monday,0,False,2021-07,2021-07-26/2021-08-01,3,2021Q3,2021-07-26
2021-07-27,11600,0.0,2021,7,27,30,Tuesday,1,False,2021-07,2021-07-26/2021-08-01,3,2021Q3,2021-07-27
2021-07-28,11800,0.0,2021,7,28,30,Wednesday,2,False,2021-07,2021-07-26/2021-08-01,3,2021Q3,2021-07-28
2021-07-29,13200,0.0,2021,7,29,30,Thursday,3,False,2021-07,2021-07-26/2021-08-01,3,2021Q3,2021-07-29
2021-07-30,13500,0.0,2021,7,30,30,Friday,4,False,2021-07,2021-07-26/2021-08-01,3,2021Q3,2021-07-30
2021-07-31,16900,1.0,2021,7,31,30,Saturday,5,True,2021-07,2021-07-26/2021-08-01,3,2021Q3,2021-07-31
2021-08-01,16200,1.0,2021,8,1,30,Sunday,6,True,2021-08,2021-07-26/2021-08-01,3,2021Q3,2021-08-01
2021-08-02,10800,0.0,2021,8,2,31,Monday,0,False,2021-08,2021-08-02/2021-08-08,3,2021Q3,2021-08-02
2021-08-03,13200,1.0,2021,8,3,31,Tuesday,1,False,2021-08,2021-08-02/2021-08-08,3,2021Q3,2021-08-03
2021-08-04,13400,0.0,2021,8,4,31,Wednesday,2,False,2021-08,2021-08-02/2021-08-08,3,2021Q3,2021-08-04
2021-08-05,15000,0.0,2021,8,5,31,Thursday,3,False,2021-08,2021-08-02/2021-08-08,3,2021Q3,2021-08-05
2021-08-06,19200,0.0,2021,8,6,31,Friday,4,False,2021-08,2021-08-02/2021-08-08,3,2021Q3,2021-08-06
2021-08-07,22000,0.0,2021,8,7,31,Saturday,5,True,2021-08,2021-08-02/2021-08-08,3,2021Q3,2021-08-07
2021-08-08,15800,0.0,2021,8,8,31,Sunday,6,True,2021-08,2021-08-02/2021-08-08,3,2021Q3,2021-08-08
2021-08-09,10000,0.0,2021,8,9,32,Monday,0,False,2021-08,2021-08-09/2021-08-15,3,2021Q3,2021-08-09
2021-08-10,11500,0.0,2021,8,10,32,Tuesday,1,False,2021-08,2021-08-09/2021-08-15,3,2021Q3,2021-08-10
2021-08-11,12900,0.0,2021,8,11,32,Wednesday,2,False,2021-08,2021-08-09/2021-08-15,3,2021Q3,2021-08-11
2021-08-12,15500,0.0,2021,8,12,32,Thursday,3,False,2021-08,2021-08-09/2021-08-15,3,2021Q3,2021-08-12
2021-08-13,20900,0.0,2021,8,13,32,Friday,4,False,2021-08,2021-08-09/2021-08-15,3,2021Q3,2021-08-13
2021-08-14,20300,0.0,2021,8,14,32,Saturday,5,True,2021-08,2021-08-09/2021-08-15,3,2021Q3,2021-08-14
2021-08-15,15700,0.0,2021,8,15,32,Sunday,6,True,2021-08,2021-08-09/2021-08-15,3,2021Q3,2021-08-15
2021-08-16,12100,0.0,2021,8,16,33,Monday,0,False,2021-08,2021-08-16/2021-08-22,3,2021Q3,2021-08-16
2021-08-17,9700,0.0,2021,8,17,33,Tuesday,1,False,2021-08,2021-08-16/2021-08-22,3,2021Q3,2021-08-17
2021-08-18,8400,2.0,2021,8,18,33,Wednesday,2,False,2021-08,2021-08-16/2021-08-22,3,2021Q3,2021-08-18
2021-08-19,13000,0.0,2021,8,19,33,Thursday,3,False,2021-08,2021-08-16/2021-08-22,3,2021Q3,2021-08-19
2021-08-20,22200,0.0,2021,8,20,33,Friday,4,False,2021-08,2021-08-16/2021-08-22,3,2021Q3,2021-08-20
2021-08-21,22500,0.0,2021,8,21,33,Saturday,5,True,2021-08,2021-08-16/2021-08-22,3,2021Q3,2021-08-21
2021-08-22,16400,0.0,2021,8,22,33,Sunday,6,True,2021-08,2021-08-16/2021-08-22,3,2021Q3,2021-08-22
2021-08-23,10500,1.0,2021,8,23,34,Monday,0,False,2021-08,2021-08-23/2021-08-29,3,2021Q3,2021-08-23
2021-08-24,11500,0.0,2021,8,24,34,Tuesday,1,False,2021-08,2021-08-23/2021-08-29,3,2021Q3,2021-08-24
2021-08-25,11900,1.0,2021,8,25,34,Wednesday,2,False,2021-08,2021-08-23/2021-08-29,3,2021Q3,2021-08-25
2021-08-26,13000,1.0,2021,8,26,34,Thursday,3,False,2021-08,2021-08-23/2021-08-29,3,2021Q3,2021-08-26
2021-08-27,19900,0.0,2021,8,27,34,Friday,4,False,2021-08,2021-08-23/2021-08-29,3,2021Q3,2021-08-27
2021-08-28,26100,0.0,2021,8,28,34,Saturday,5,True,2021-08,2021-08-23/2021-08-29,3,2021Q3,2021-08-28
2021-08-29,14900,0.0,2021,8,29,34,Sunday,6,True,2021-08,2021-08-23/2021-08-29,3,2021Q3,2021-08-29
2021-08-30,11000,0.0,2021,8,30,35,Monday,0,False,2021-08,2021-08-30/2021-09-05,3,2021Q3,2021-08-30
2021-08-31,11600,0.0,2021,8,31,35,Tuesday,1,False,2021-08,2021-08-30/2021-09-05,3,2021Q3,2021-08-31
2021-09-01,11000,1.0,2021,9,1,35,Wednesday,2,False,2021-09,2021-08-30/2021-09-05,3,2021Q3,2021-09-01
2021-09-02,14600,0.0,2021,9,2,35,Thursday,3,False,2021-09,2021-08-30/2021-09-05,3,2021Q3,2021-09-02
2021-09-03,20600,1.0,2021,9,3,35,Friday,4,False,2021-09,2021-08-30/2021-09-05,3,2021Q3,2021-09-03
2021-09-04,26200,0.0,2021,9,4,35,Saturday,5,True,2021-09,2021-08-30/2021-09-05,3,2021Q3,2021-09-04
2021-09-05,25300,1.0,2021,9,5,35,Sunday,6,True,2021-09,2021-08-30/2021-09-05,3,2021Q3,2021-09-05
2021-09-06,17100,0.0,2021,9,6,36,Monday,0,False,2021-09,2021-09-06/2021-09-12,3,2021Q3,2021-09-06
2021-09-07,13800,0.0,2021,9,7,36,Tuesday,1,False,2021-09,2021-09-06/2021-09-12,3,2021Q3,2021-09-07
2021-09-08,12800,1.0,2021,9,8,36,Wednesday,2,False,2021-09,2021-09-06/2021-09-12,3,2021Q3,2021-09-08
2021-09-09,14900,0.0,2021,9,9,36,Thursday,3,False,2021-09,2021-09-06/2021-09-12,3,2021Q3,2021-09-09
2021-09-10,21500,1.0,2021,9,10,36,Friday,4,False,2021-09,2021-09-06/2021-09-12,3,2021Q3,2021-09-10
2021-09-11,28800,0.0,2021,9,11,36,Saturday,5,True,2021-09,2021-09-06/2021-09-12,3,2021Q3,2021-09-11
2021-09-12,17500,0.0,2021,9,12,36,Sunday,6,True,2021-09,2021-09-06/2021-09-12,3,2021Q3,2021-09-12
2021-09-13,10600,0.0,2021,9,13,37,Monday,0,False,2021-09,2021-09-13/2021-09-19,3,2021Q3,2021-09-13
2021-09-14,11600,0.0,2021,9,14,37,Tuesday,1,False,2021-09,2021-09-13/2021-09-19,3,2021Q3,2021-09-14
2021-09-15,12500,1.0,2021,9,15,37,Wednesday,2,False,2021-09,2021-09-13/2021-09-19,3,2021Q3,2021-09-15
2021-09-16,14900,0.0,2021,9,16,37,Thursday,3,False,2021-09,2021-09-13/2021-09-19,3,2021Q3,2021-09-16
2021-09-17,20700,0.0,2021,9,17,37,Friday,4,False,2021-09,2021-09-13/2021-09-19,3,2021Q3,2021-09-17
2021-09-18,27100,1.0,2021,9,18,37,Saturday,5,True,2021-09,2021-09-13/2021-09-19,3,2021Q3,2021-09-18
2021-09-19,17200,1.0,2021,9,19,37,Sunday,6,True,2021-09,2021-09-13/2021-09-19,3,2021Q3,2021-09-19
2021-09-20,11700,0.0,2021,9,20,38,Monday,0,False,2021-09,2021-09-20/2021-09-26,3,2021Q3,2021-09-20
2021-09-21,12000,3.0,2021,9,21,38,Tuesday,1,False,2021-09,2021-09-20/2021-09-26,3,2021Q3,2021-09-21
2021-09-22,14400,1.0,2021,9,22,38,Wednesday,2,False,2021-09,2021-09-20/2021-09-26,3,2021Q3,2021-09-22
2021-09-23,15700,0.0,2021,9,23,38,Thursday,3,False,2021-09,2021-09-20/2021-09-26,3,2021Q3,2021-09-23
2021-09-24,22000,0.0,2021,9,24,38,Friday,4,False,2021-09,2021-09-20/2021-09-26,3,2021Q3,2021-09-24
2021-09-25,28200,0.0,2021,9,25,38,Saturday,5,True,2021-09,2021-09-20/2021-09-26,3,2021Q3,2021-09-25
2021-09-26,21500,1.0,2021,9,26,38,Sunday,6,True,2021-09,2021-09-20/2021-09-26,3,2021Q3,2021-09-26
2021-09-27,12700,0.0,2021,9,27,39,Monday,0,False,2021-09,2021-09-27/2021-10-03,3,2021Q3,2021-09-27
2021-09-28,13100,0.0,2021,9,28,39,Tuesday,1,False,2021-09,2021-09-27/2021-10-03,3,2021Q3,2021-09-28
2021-09-29,9600,1.0,2021,9,29,39,Wednesday,2,False,2021-09,2021-09-27/2021-10-03,3,2021Q3,2021-09-29
2021-09-30,11100,0.0,2021,9,30,39,Thursday,3,False,2021-09,2021-09-27/2021-10-03,3,2021Q3,2021-09-30
2021-10-01,19300,0.0,2021,10,1,39,Friday,4,False,2021-10,2021-09-27/2021-10-03,4,2021Q4,2021-10-01
2021-10-02,24100,0.0,2021,10,2,39,Saturday,5,True,2021-10,2021-09-27/2021-10-03,4,2021Q4,2021-10-02
2021-10-03,20700,0.0,2021,10,3,39,Sunday,6,True,2021-10,2021-09-27/2021-10-03,4,2021Q4,2021-10-03
2021-10-04,10500,0.0,2021,10,4,40,Monday,0,False,2021-10,2021-10-04/2021-10-10,4,2021Q4,2021-10-04
2021-10-05,11300,0.0,2021,10,5,40,Tuesday,1,False,2021-10,2021-10-04/2021-10-10,4,2021Q4,2021-10-05
2021-10-06,11600,0.0,2021,10,6,40,Wednesday,2,False,2021-10,2021-10-04/2021-10-10,4,2021Q4,2021-10-06
2021-10-07,13100,0.0,2021,10,7,40,Thursday,3,False,2021-10,2021-10-04/2021-10-10,4,2021Q4,2021-10-07
2021-10-08,18900,0.0,2021,10,8,40,Friday,4,False,2021-10,2021-10-04/2021-10-10,4,2021Q4,2021-10-08
2021-10-09,22700,0.0,2021,10,9,40,Saturday,5,True,2021-10,2021-10-04/2021-10-10,4,2021Q4,2021-10-09
2021-10-10,16000,0.0,2021,10,10,40,Sunday,6,True,2021-10,2021-10-04/2021-10-10,4,2021Q4,2021-10-10
2021-10-11,10100,0.0,2021,10,11,41,Monday,0,False,2021-10,2021-10-11/2021-10-17,4,2021Q4,2021-10-11
2021-10-12,7400,0.0,2021,10,12,41,Tuesday,1,False,2021-10,2021-10-11/2021-10-17,4,2021Q4,2021-10-12
2021-10-13,10300,0.0,2021,10,13,41,Wednesday,2,False,2021-10,2021-10-11/2021-10-17,4,2021Q4,2021-10-13
2021-10-14,9800,0.0,2021,10,14,41,Thursday,3,False,2021-10,2021-10-11/2021-10-17,4,2021Q4,2021-10-14
2021-10-15,14900,0.0,2021,10,15,41,Friday,4,False,2021-10,2021-10-11/2021-10-17,4,2021Q4,2021-10-15
2021-10-16,23900,0.0,2021,10,16,41,Saturday,5,True,2021-10,2021-10-11/2021-10-17,4,2021Q4,2021-10-16
2021-10-17,19900,0.0,2021,10,17,41,Sunday,6,True,2021-10,2021-10-11/2021-10-17,4,2021Q4,2021-10-17
2021-10-18,11200,1.0,2021,10,18,42,Monday,0,False,2021-10,2021-10-18/2021-10-24,4,2021Q4,2021-10-18
2021-10-19,9000,0.0,2021,10,19,42,Tuesday,1,False,2021-10,2021-10-18/2021-10-24,4,2021Q4,2021-10-19
2021-10-20,10300,0.0,2021,10,20,42,Wednesday,2,False,2021-10,2021-10-18/2021-10-24,4,2021Q4,2021-10-20
2021-10-21,10700,0.0,2021,10,21,42,Thursday,3,False,2021-10,2021-10-18/2021-10-24,4,2021Q4,2021-10-21
2021-10-22,12800,0.0,2021,10,22,42,Friday,4,False,2021-10,2021-10-18/2021-10-24,4,2021Q4,2021-10-22
2021-10-23,21700,1.0,2021,10,23,42,Saturday,5,True,2021-10,2021-10-18/2021-10-24,4,2021Q4,2021-10-23
2021-10-24,14600,0.0,2021,10,24,42,Sunday,6,True,2021-10,2021-10-18/2021-10-24,4,2021Q4,2021-10-24
2021-10-25,9700,0.0,2021,10,25,43,Monday,0,False,2021-10,2021-10-25/2021-10-31,4,2021Q4,2021-10-25
2021-10-26,8700,0.0,2021,10,26,43,Tuesday,1,False,2021-10,2021-10-25/2021-10-31,4,2021Q4,2021-10-26
2021-10-27,7500,0.0,2021,10,27,43,Wednesday,2,False,2021-10,2021-10-25/2021-10-31,4,2021Q4,2021-10-27
2021-10-28,10100,1.0,2021,10,28,43,Thursday,3,False,2021-10,2021-10-25/2021-10-31,4,2021Q4,2021-10-28
2021-10-29,16800,1.0,2021,10,29,43,Friday,4,False,2021-10,2021-10-25/2021-10-31,4,2021Q4,2021-10-29
2021-10-30,21800,0.0,2021,10,30,43,Saturday,5,True,2021-10,2021-10-25/2021-10-31,4,2021Q4,2021-10-30
2021-10-31,15000,0.0,2021,10,31,43,Sunday,6,True,2021-10,2021-10-25/2021-10-31,4,2021Q4,2021-10-31
2021-11-01,6100,0.0,2021,11,1,44,Monday,0,False,2021-11,2021-11-01/2021-11-07,4,2021Q4,2021-11-01
2021-11-02,5900,0.0,2021,11,2,44,Tuesday,1,False,2021-11,2021-11-01/2021-11-07,4,2021Q4,2021-11-02
2021-11-03,8900,0.0,2021,11,3,44,Wednesday,2,False,2021-11,2021-11-01/2021-11-07,4,2021Q4,2021-11-03
2021-11-04,10100,0.0,2021,11,4,44,Thursday,3,False,2021-11,2021-11-01/2021-11-07,4,2021Q4,2021-11-04
2021-11-05,16300,0.0,2021,11,5,44,Friday,4,False,2021-11,2021-11-01/2021-11-07,4,2021Q4,2021-11-05
2021-11-06,21100,0.0,2021,11,6,44,Saturday,5,True,2021-11,2021-11-01/2021-11-07,4,2021Q4,2021-11-06
2021-11-07,13300,1.0,2021,11,7,44,Sunday,6,True,2021-11,2021-11-01/2021-11-07,4,2021Q4,2021-11-07
2021-11-08,7900,0.0,2021,11,8,45,Monday,0,False,2021-11,2021-11-08/2021-11-14,4,2021Q4,2021-11-08
2021-11-09,7900,1.0,2021,11,9,45,Tuesday,1,False,2021-11,2021-11-08/2021-11-14,4,2021Q4,2021-11-09
2021-11-10,8500,0.0,2021,11,10,45,Wednesday,2,False,2021-11,2021-11-08/2021-11-14,4,2021Q4,2021-11-10
2021-11-11,9700,0.0,2021,11,11,45,Thursday,3,False,2021-11,2021-11-08/2021-11-14,4,2021Q4,2021-11-11
2021-11-12,15500,0.0,2021,11,12,45,Friday,4,False,2021-11,2021-11-08/2021-11-14,4,2021Q4,2021-11-12
2021-11-13,21600,0.0,2021,11,13,45,Saturday,5,True,2021-11,2021-11-08/2021-11-14,4,2021Q4,2021-11-13
2021-11-14,19600,0.0,2021,11,14,45,Sunday,6,True,2021-11,2021-11-08/2021-11-14,4,2021Q4,2021-11-14
2021-11-15,9700,0.0,2021,11,15,46,Monday,0,False,2021-11,2021-11-15/2021-11-21,4,2021Q4,2021-11-15
2021-11-16,8600,0.0,2021,11,16,46,Tuesday,1,False,2021-11,2021-11-15/2021-11-21,4,2021Q4,2021-11-16
2021-11-17,6300,0.0,2021,11,17,46,Wednesday,2,False,2021-11,2021-11-15/2021-11-21,4,2021Q4,2021-11-17
2021-11-18,8300,0.0,2021,11,18,46,Thursday,3,False,2021-11,2021-11-15/2021-11-21,4,2021Q4,2021-11-18
2021-11-19,13300,0.0,2021,11,19,46,Friday,4,False,2021-11,2021-11-15/2021-11-21,4,2021Q4,2021-11-19
2021-11-20,13300,1.0,2021,11,20,46,Saturday,5,True,2021-11,2021-11-15/2021-11-21,4,2021Q4,2021-11-20
2021-11-21,10000,2.0,2021,11,21,46,Sunday,6,True,2021-11,2021-11-15/2021-11-21,4,2021Q4,2021-11-21
2021-11-22,8000,0.0,2021,11,22,47,Monday,0,False,2021-11,2021-11-22/2021-11-28,4,2021Q4,2021-11-22
2021-11-23,7400,0.0,2021,11,23,47,Tuesday,1,False,2021-11,2021-11-22/2021-11-28,4,2021Q4,2021-11-23
2021-11-24,6200,1.0,2021,11,24,47,Wednesday,2,False,2021-11,2021-11-22/2021-11-28,4,2021Q4,2021-11-24
2021-11-25,5100,0.0,2021,11,25,47,Thursday,3,False,2021-11,2021-11-22/2021-11-28,4,2021Q4,2021-11-25
2021-11-26,11800,0.0,2021,11,26,47,Friday,4,False,2021-11,2021-11-22/2021-11-28,4,2021Q4,2021-11-26
2021-11-27,12500,0.0,2021,11,27,47,Saturday,5,True,2021-11,2021-11-22/2021-11-28,4,2021Q4,2021-11-27
2021-11-28,13500,0.0,2021,11,28,47,Sunday,6,True,2021-11,2021-11-22/2021-11-28,4,2021Q4,2021-11-28
2021-11-29,6600,0.0,2021,11,29,48,Monday,0,False,2021-11,2021-11-29/2021-12-05,4,2021Q4,2021-11-29
2021-11-30,6800,1.0,2021,11,30,48,Tuesday,1,False,2021-11,2021-11-29/2021-12-05,4,2021Q4,2021-11-30
2021-12-01,7600,1.0,2021,12,1,48,Wednesday,2,False,2021-12,2021-11-29/2021-12-05,4,2021Q4,2021-12-01
2021-12-02,9200,0.0,2021,12,2,48,Thursday,3,False,2021-12,2021-11-29/2021-12-05,4,2021Q4,2021-12-02
2021-12-03,11400,1.0,2021,12,3,48,Friday,4,False,2021-12,2021-11-29/2021-12-05,4,2021Q4,2021-12-03
2021-12-04,18800,0.0,2021,12,4,48,Saturday,5,True,2021-12,2021-11-29/2021-12-05,4,2021Q4,2021-12-04
2021-12-05,7800,0.0,2021,12,5,48,Sunday,6,True,2021-12,2021-11-29/2021-12-05,4,2021Q4,2021-12-05
2021-12-06,4500,0.0,2021,12,6,49,Monday,0,False,2021-12,2021-12-06/2021-12-12,4,2021Q4,2021-12-06
2021-12-07,6300,0.0,2021,12,7,49,Tuesday,1,False,2021-12,2021-12-06/2021-12-12,4,2021Q4,2021-12-07
2021-12-08,6900,0.0,2021,12,8,49,Wednesday,2,False,2021-12,2021-12-06/2021-12-12,4,2021Q4,2021-12-08
2021-12-09,7500,0.0,2021,12,9,49,Thursday,3,False,2021-12,2021-12-06/2021-12-12,4,2021Q4,2021-12-09
2021-12-10,5800,0.0,2021,12,10,49,Friday,4,False,2021-12,2021-12-06/2021-12-12,4,2021Q4,2021-12-10
2021-12-11,10200,0.0,2021,12,11,49,Saturday,5,True,2021-12,2021-12-06/2021-12-12,4,2021Q4,2021-12-11
2021-12-12,14200,0.0,2021,12,12,49,Sunday,6,True,2021-12,2021-12-06/2021-12-12,4,2021Q4,2021-12-12
2021-12-13,6900,0.0,2021,12,13,50,Monday,0,False,2021-12,2021-12-13/2021-12-19,4,2021Q4,2021-12-13
2021-12-14,8300,0.0,2021,12,14,50,Tuesday,1,False,2021-12,2021-12-13/2021-12-19,4,2021Q4,2021-12-14
2021-12-15,5500,0.0,2021,12,15,50,Wednesday,2,False,2021-12,2021-12-13/2021-12-19,4,2021Q4,2021-12-15
2021-12-16,7300,0.0,2021,12,16,50,Thursday,3,False,2021-12,2021-12-13/2021-12-19,4,2021Q4,2021-12-16
2021-12-17,8100,0.0,2021,12,17,50,Friday,4,False,2021-12,2021-12-13/2021-12-19,4,2021Q4,2021-12-17
2021-12-18,8600,0.0,2021,12,18,50,Saturday,5,True,2021-12,2021-12-13/2021-12-19,4,2021Q4,2021-12-18
2021-12-19,12800,0.0,2021,12,19,50,Sunday,6,True,2021-12,2021-12-13/2021-12-19,4,2021Q4,2021-12-19
2021-12-20,6300,0.0,2021,12,20,51,Monday,0,False,2021-12,2021-12-20/2021-12-26,4,2021Q4,2021-12-20
2021-12-21,6000,0.0,2021,12,21,51,Tuesday,1,False,2021-12,2021-12-20/2021-12-26,4,2021Q4,2021-12-21
2021-12-22,6400,0.0,2021,12,22,51,Wednesday,2,False,2021-12,2021-12-20/2021-12-26,4,2021Q4,2021-12-22
2021-12-23,7700,0.0,2021,12,23,51,Thursday,3,False,2021-12,2021-12-20/2021-12-26,4,2021Q4,2021-12-23
2021-12-24,4200,0.0,2021,12,24,51,Friday,4,False,2021-12,2021-12-20/2021-12-26,4,2021Q4,2021-12-24
2021-12-25,4600,0.0,2021,12,25,51,Saturday,5,True,2021-12,2021-12-20/2021-12-26,4,2021Q4,2021-12-25
2021-12-26,5300,0.0,2021,12,26,51,Sunday,6,True,2021-12,2021-12-20/2021-12-26,4,2021Q4,2021-12-26
2021-12-27,4500,0.0,2021,12,27,52,Monday,0,False,2021-12,2021-12-27/2022-01-02,4,2021Q4,2021-12-27
2021-12-28,4300,0.0,2021,12,28,52,Tuesday,1,False,2021-12,2021-12-27/2022-01-02,4,2021Q4,2021-12-28
2021-12-29,4400,0.0,2021,12,29,52,Wednesday,2,False,2021-12,2021-12-27/2022-01-02,4,2021Q4,2021-12-29
2021-12-30,6100,1.0,2021,12,30,52,Thursday,3,False,2021-12,2021-12-27/2022-01-02,4,2021Q4,2021-12-30
2021-12-31,3400,0.0,2021,12,31,52,Friday,4,False,2021-12,2021-12-27/2022-01-02,4,2021Q4,2021-12-31
2022-01-01,0,0.0,2022,1,1,52,Saturday,5,True,2022-01,2021-12-27/2022-01-02,1,2022Q1,2022-01-01
2022-01-02,400,0.0,2022,1,2,52,Sunday,6,True,2022-01,2021-12-27/2022-01-02,1,2022Q1,2022-01-02
2022-01-03,1400,0.0,2022,1,3,1,Monday,0,False,2022-01,2022-01-03/2022-01-09,1,2022Q1,2022-01-03
2022-01-04,2400,0.0,2022,1,4,1,Tuesday,1,False,2022-01,2022-01-03/2022-01-09,1,2022Q1,2022-01-04
2022-01-05,1300,0.0,2022,1,5,1,Wednesday,2,False,2022-01,2022-01-03/2022-01-09,1,2022Q1,2022-01-05
2022-01-06,0,0.0,2022,1,6,1,Thursday,3,False,2022-01,2022-01-03/2022-01-09,1,2022Q1,2022-01-06
2022-01-07,2500,0.0,2022,1,7,1,Friday,4,False,2022-01,2022-01-03/2022-01-09,1,2022Q1,2022-01-07
2022-01-08,7800,0.0,2022,1,8,1,Saturday,5,True,2022-01,2022-01-03/2022-01-09,1,2022Q1,2022-01-08
2022-01-09,4100,0.0,2022,1,9,1,Sunday,6,True,2022-01,2022-01-03/2022-01-09,1,2022Q1,2022-01-09
2022-01-10,4300,0.0,2022,1,10,2,Monday,0,False,2022-01,2022-01-10/2022-01-16,1,2022Q1,2022-01-10
2022-01-11,3700,0.0,2022,1,11,2,Tuesday,1,False,2022-01,2022-01-10/2022-01-16,1,2022Q1,2022-01-11
2022-01-12,4400,0.0,2022,1,12,2,Wednesday,2,False,2022-01,2022-01-10/2022-01-16,1,2022Q1,2022-01-12
2022-01-13,6000,0.0,2022,1,13,2,Thursday,3,False,2022-01,2022-01-10/2022-01-16,1,2022Q1,2022-01-13
2022-01-14,5200,0.0,2022,1,14,2,Friday,4,False,2022-01,2022-01-10/2022-01-16,1,2022Q1,2022-01-14
2022-01-15,9000,0.0,2022,1,15,2,Saturday,5,True,2022-01,2022-01-10/2022-01-16,1,2022Q1,2022-01-15
2022-01-16,8100,0.0,2022,1,16,2,Sunday,6,True,2022-01,2022-01-10/2022-01-16,1,2022Q1,2022-01-16
2022-01-17,6000,0.0,2022,1,17,3,Monday,0,False,2022-01,2022-01-17/2022-01-23,1,2022Q1,2022-01-17
2022-01-18,4900,0.0,2022,1,18,3,Tuesday,1,False,2022-01,2022-01-17/2022-01-23,1,2022Q1,2022-01-18
2022-01-19,2600,0.0,2022,1,19,3,Wednesday,2,False,2022-01,2022-01-17/2022-01-23,1,2022Q1,2022-01-19
2022-01-20,3700,0.0,2022,1,20,3,Thursday,3,False,2022-01,2022-01-17/2022-01-23,1,2022Q1,2022-01-20
2022-01-21,3100,0.0,2022,1,21,3,Friday,4,False,2022-01,2022-01-17/2022-01-23,1,2022Q1,2022-01-21
2022-01-22,7400,0.0,2022,1,22,3,Saturday,5,True,2022-01,2022-01-17/2022-01-23,1,2022Q1,2022-01-22
2022-01-23,5700,0.0,2022,1,23,3,Sunday,6,True,2022-01,2022-01-17/2022-01-23,1,2022Q1,2022-01-23
2022-01-24,2600,0.0,2022,1,24,4,Monday,0,False,2022-01,2022-01-24/2022-01-30,1,2022Q1,2022-01-24
2022-01-25,400,0.0,2022,1,25,4,Tuesday,1,False,2022-01,2022-01-24/2022-01-30,1,2022Q1,2022-01-25
2022-01-26,2200,1.0,2022,1,26,4,Wednesday,2,False,2022-01,2022-01-24/2022-01-30,1,2022Q1,2022-01-26
2022-01-27,1000,0.0,2022,1,27,4,Thursday,3,False,2022-01,2022-01-24/2022-01-30,1,2022Q1,2022-01-27
2022-01-28,3400,0.0,2022,1,28,4,Friday,4,False,2022-01,2022-01-24/2022-01-30,1,2022Q1,2022-01-28
2022-01-29,7200,0.0,2022,1,29,4,Saturday,5,True,2022-01,2022-01-24/2022-01-30,1,2022Q1,2022-01-29
2022-01-30,6700,0.0,2022,1,30,4,Sunday,6,True,2022-01,2022-01-24/2022-01-30,1,2022Q1,2022-01-30
2022-01-31,3900,0.0,2022,1,31,5,Monday,0,False,2022-01,2022-01-31/2022-02-06,1,2022Q1,2022-01-31
2022-02-01,1900,0.0,2022,2,1,5,Tuesday,1,False,2022-02,2022-01-31/2022-02-06,1,2022Q1,2022-02-01
2022-02-02,100,0.0,2022,2,2,5,Wednesday,2,False,2022-02,2022-01-31/2022-02-06,1,2022Q1,2022-02-02
2022-02-03,600,0.0,2022,2,3,5,Thursday,3,False,2022-02,2022-01-31/2022-02-06,1,2022Q1,2022-02-03
2022-02-04,2000,0.0,2022,2,4,5,Friday,4,False,2022-02,2022-01-31/2022-02-06,1,2022Q1,2022-02-04
2022-02-05,5000,0.0,2022,2,5,5,Saturday,5,True,2022-02,2022-01-31/2022-02-06,1,2022Q1,2022-02-05
2022-02-06,5000,0.0,2022,2,6,5,Sunday,6,True,2022-02,2022-01-31/2022-02-06,1,2022Q1,2022-02-06
2022-02-07,4000,0.0,2022,2,7,6,Monday,0,False,2022-02,2022-02-07/2022-02-13,1,2022Q1,2022-02-07
2022-02-08,5200,0.0,2022,2,8,6,Tuesday,1,False,2022-02,2022-02-07/2022-02-13,1,2022Q1,2022-02-08
2022-02-09,5800,0.0,2022,2,9,6,Wednesday,2,False,2022-02,2022-02-07/2022-02-13,1,2022Q1,2022-02-09
2022-02-10,7900,0.0,2022,2,10,6,Thursday,3,False,2022-02,2022-02-07/2022-02-13,1,2022Q1,2022-02-10
2022-02-11,2600,0.0,2022,2,11,6,Friday,4,False,2022-02,2022-02-07/2022-02-13,1,2022Q1,2022-02-11
2022-02-12,2600,0.0,2022,2,12,6,Saturday,5,True,2022-02,2022-02-07/2022-02-13,1,2022Q1,2022-02-12
2022-02-13,6000,0.0,2022,2,13,6,Sunday,6,True,2022-02,2022-02-07/2022-02-13,1,2022Q1,2022-02-13
2022-02-14,6800,0.0,2022,2,14,7,Monday,0,False,2022-02,2022-02-14/2022-02-20,1,2022Q1,2022-02-14
2022-02-15,7200,0.0,2022,2,15,7,Tuesday,1,False,2022-02,2022-02-14/2022-02-20,1,2022Q1,2022-02-15
2022-02-16,2800,0.0,2022,2,16,7,Wednesday,2,False,2022-02,2022-02-14/2022-02-20,1,2022Q1,2022-02-16
2022-02-17,1900,0.0,2022,2,17,7,Thursday,3,False,2022-02,2022-02-14/2022-02-20,1,2022Q1,2022-02-17
2022-02-18,7400,0.0,2022,2,18,7,Friday,4,False,2022-02,2022-02-14/2022-02-20,1,2022Q1,2022-02-18
2022-02-19,13700,0.0,2022,2,19,7,Saturday,5,True,2022-02,2022-02-14/2022-02-20,1,2022Q1,2022-02-19
2022-02-20,11900,0.0,2022,2,20,7,Sunday,6,True,2022-02,2022-02-14/2022-02-20,1,2022Q1,2022-02-20
2022-02-21,3700,0.0,2022,2,21,8,Monday,0,False,2022-02,2022-02-21/2022-02-27,1,2022Q1,2022-02-21
2022-02-22,700,0.0,2022,2,22,8,Tuesday,1,False,2022-02,2022-02-21/2022-02-27,1,2022Q1,2022-02-22
2022-02-23,700,0.0,2022,2,23,8,Wednesday,2,False,2022-02,2022-02-21/2022-02-27,1,2022Q1,2022-02-23
2022-02-24,1200,0.0,2022,2,24,8,Thursday,3,False,2022-02,2022-02-21/2022-02-27,1,2022Q1,2022-02-24
2022-02-25,3200,0.0,2022,2,25,8,Friday,4,False,2022-02,2022-02-21/2022-02-27,1,2022Q1,2022-02-25
2022-02-26,6000,0.0,2022,2,26,8,Saturday,5,True,2022-02,2022-02-21/2022-02-27,1,2022Q1,2022-02-26
2022-02-27,7100,1.0,2022,2,27,8,Sunday,6,True,2022-02,2022-02-21/2022-02-27,1,2022Q1,2022-02-27
2022-02-28,6100,0.0,2022,2,28,9,Monday,0,False,2022-02,2022-02-28/2022-03-06,1,2022Q1,2022-02-28
2022-03-01,8100,1.0,2022,3,1,9,Tuesday,1,False,2022-03,2022-02-28/2022-03-06,1,2022Q1,2022-03-01
2022-03-02,8400,0.0,2022,3,2,9,Wednesday,2,False,2022-03,2022-02-28/2022-03-06,1,2022Q1,2022-03-02
2022-03-03,8900,1.0,2022,3,3,9,Thursday,3,False,2022-03,2022-02-28/2022-03-06,1,2022Q1,2022-03-03
2022-03-04,11200,1.0,2022,3,4,9,Friday,4,False,2022-03,2022-02-28/2022-03-06,1,2022Q1,2022-03-04
2022-03-05,6800,0.0,2022,3,5,9,Saturday,5,True,2022-03,2022-02-28/2022-03-06,1,2022Q1,2022-03-05
2022-03-06,700,0.0,2022,3,6,9,Sunday,6,True,2022-03,2022-02-28/2022-03-06,1,2022Q1,2022-03-06
2022-03-07,2600,0.0,2022,3,7,10,Monday,0,False,2022-03,2022-03-07/2022-03-13,1,2022Q1,2022-03-07
2022-03-08,4500,0.0,2022,3,8,10,Tuesday,1,False,2022-03,2022-03-07/2022-03-13,1,2022Q1,2022-03-08
2022-03-09,1600,0.0,2022,3,9,10,Wednesday,2,False,2022-03,2022-03-07/2022-03-13,1,2022Q1,2022-03-09
2022-03-10,2100,0.0,2022,3,10,10,Thursday,3,False,2022-03,2022-03-07/2022-03-13,1,2022Q1,2022-03-10
2022-03-11,5300,0.0,2022,3,11,10,Friday,4,False,2022-03,2022-03-07/2022-03-13,1,2022Q1,2022-03-11
2022-03-12,16700,1.0,2022,3,12,10,Saturday,5,True,2022-03,2022-03-07/2022-03-13,1,2022Q1,2022-03-12
2022-03-13,11400,0.0,2022,3,13,10,Sunday,6,True,2022-03,2022-03-07/2022-03-13,1,2022Q1,2022-03-13
2022-03-14,8300,0.0,2022,3,14,11,Monday,0,False,2022-03,2022-03-14/2022-03-20,1,2022Q1,2022-03-14
2022-03-15,10700,1.0,2022,3,15,11,Tuesday,1,False,2022-03,2022-03-14/2022-03-20,1,2022Q1,2022-03-15
2022-03-16,6600,0.0,2022,3,16,11,Wednesday,2,False,2022-03,2022-03-14/2022-03-20,1,2022Q1,2022-03-16
2022-03-17,4400,0.0,2022,3,17,11,Thursday,3,False,2022-03,2022-03-14/2022-03-20,1,2022Q1,2022-03-17
2022-03-18,10600,1.0,2022,3,18,11,Friday,4,False,2022-03,2022-03-14/2022-03-20,1,2022Q1,2022-03-18
2022-03-19,17000,0.0,2022,3,19,11,Saturday,5,True,2022-03,2022-03-14/2022-03-20,1,2022Q1,2022-03-19
2022-03-20,13200,0.0,2022,3,20,11,Sunday,6,True,2022-03,2022-03-14/2022-03-20,1,2022Q1,2022-03-20
2022-03-21,4800,0.0,2022,3,21,12,Monday,0,False,2022-03,2022-03-21/2022-03-27,1,2022Q1,2022-03-21
2022-03-22,5800,0.0,2022,3,22,12,Tuesday,1,False,2022-03,2022-03-21/2022-03-27,1,2022Q1,2022-03-22
2022-03-23,8100,0.0,2022,3,23,12,Wednesday,2,False,2022-03,2022-03-21/2022-03-27,1,2022Q1,2022-03-23
2022-03-24,12100,2.0,2022,3,24,12,Thursday,3,False,2022-03,2022-03-21/2022-03-27,1,2022Q1,2022-03-24
2022-03-25,16400,1.0,2022,3,25,12,Friday,4,False,2022-03,2022-03-21/2022-03-27,1,2022Q1,2022-03-25
2022-03-26,23000,0.0,2022,3,26,12,Saturday,5,True,2022-03,2022-03-21/2022-03-27,1,2022Q1,2022-03-26
2022-03-27,15300,1.0,2022,3,27,12,Sunday,6,True,2022-03,2022-03-21/2022-03-27,1,2022Q1,2022-03-27
2022-03-28,9100,0.0,2022,3,28,13,Monday,0,False,2022-03,2022-03-28/2022-04-03,1,2022Q1,2022-03-28
2022-03-29,5600,0.0,2022,3,29,13,Tuesday,1,False,2022-03,2022-03-28/2022-04-03,1,2022Q1,2022-03-29
2022-03-30,7000,0.0,2022,3,30,13,Wednesday,2,False,2022-03,2022-03-28/2022-04-03,1,2022Q1,2022-03-30
2022-03-31,10700,0.0,2022,3,31,13,Thursday,3,False,2022-03,2022-03-28/2022-04-03,1,2022Q1,2022-03-31
2022-04-01,15100,0.0,2022,4,1,13,Friday,4,False,2022-04,2022-03-28/2022-04-03,2,2022Q2,2022-04-01
2022-04-02,21600,0.0,2022,4,2,13,Saturday,5,True,2022-04,2022-03-28/2022-04-03,2,2022Q2,2022-04-02
2022-04-03,10300,0.0,2022,4,3,13,Sunday,6,True,2022-04,2022-03-28/2022-04-03,2,2022Q2,2022-04-03
2022-04-04,8600,0.0,2022,4,4,14,Monday,0,False,2022-04,2022-04-04/2022-04-10,2,2022Q2,2022-04-04
2022-04-05,7200,0.0,2022,4,5,14,Tuesday,1,False,2022-04,2022-04-04/2022-04-10,2,2022Q2,2022-04-05
2022-04-06,7000,0.0,2022,4,6,14,Wednesday,2,False,2022-04,2022-04-04/2022-04-10,2,2022Q2,2022-04-06
2022-04-07,10100,0.0,2022,4,7,14,Thursday,3,False,2022-04,2022-04-04/2022-04-10,2,2022Q2,2022-04-07
2022-04-08,28300,1.0,2022,4,8,14,Friday,4,False,2022-04,2022-04-04/2022-04-10,2,2022Q2,2022-04-08
2022-04-09,26300,0.0,2022,4,9,14,Saturday,5,True,2022-04,2022-04-04/2022-04-10,2,2022Q2,2022-04-09
2022-04-10,14700,0.0,2022,4,10,14,Sunday,6,True,2022-04,2022-04-04/2022-04-10,2,2022Q2,2022-04-10
2022-04-11,8500,0.0,2022,4,11,15,Monday,0,False,2022-04,2022-04-11/2022-04-17,2,2022Q2,2022-04-11
2022-04-12,8100,0.0,2022,4,12,15,Tuesday,1,False,2022-04,2022-04-11/2022-04-17,2,2022Q2,2022-04-12
2022-04-13,7200,0.0,2022,4,13,15,Wednesday,2,False,2022-04,2022-04-11/2022-04-17,2,2022Q2,2022-04-13
2022-04-14,12400,0.0,2022,4,14,15,Thursday,3,False,2022-04,2022-04-11/2022-04-17,2,2022Q2,2022-04-14
2022-04-15,17600,0.0,2022,4,15,15,Friday,4,False,2022-04,2022-04-11/2022-04-17,2,2022Q2,2022-04-15
2022-04-16,20600,0.0,2022,4,16,15,Saturday,5,True,2022-04,2022-04-11/2022-04-17,2,2022Q2,2022-04-16
2022-04-17,15600,1.0,2022,4,17,15,Sunday,6,True,2022-04,2022-04-11/2022-04-17,2,2022Q2,2022-04-17
2022-04-18,11400,0.0,2022,4,18,16,Monday,0,False,2022-04,2022-04-18/2022-04-24,2,2022Q2,2022-04-18
2022-04-19,14000,0.0,2022,4,19,16,Tuesday,1,False,2022-04,2022-04-18/2022-04-24,2,2022Q2,2022-04-19
2022-04-20,20700,0.0,2022,4,20,16,Wednesday,2,False,2022-04,2022-04-18/2022-04-24,2,2022Q2,2022-04-20
2022-04-21,16300,2.0,2022,4,21,16,Thursday,3,False,2022-04,2022-04-18/2022-04-24,2,2022Q2,2022-04-21
2022-04-22,17400,1.0,2022,4,22,16,Friday,4,False,2022-04,2022-04-18/2022-04-24,2,2022Q2,2022-04-22
2022-04-23,19000,0.0,2022,4,23,16,Saturday,5,True,2022-04,2022-04-18/2022-04-24,2,2022Q2,2022-04-23
2022-04-24,12300,0.0,2022,4,24,16,Sunday,6,True,2022-04,2022-04-18/2022-04-24,2,2022Q2,2022-04-24
2022-04-25,9000,0.0,2022,4,25,17,Monday,0,False,2022-04,2022-04-25/2022-05-01,2,2022Q2,2022-04-25
2022-04-26,11700,0.0,2022,4,26,17,Tuesday,1,False,2022-04,2022-04-25/2022-05-01,2,2022Q2,2022-04-26
2022-04-27,11300,0.0,2022,4,27,17,Wednesday,2,False,2022-04,2022-04-25/2022-05-01,2,2022Q2,2022-04-27
2022-04-28,14300,0.0,2022,4,28,17,Thursday,3,False,2022-04,2022-04-25/2022-05-01,2,2022Q2,2022-04-28
2022-04-29,16700,0.0,2022,4,29,17,Friday,4,False,2022-04,2022-04-25/2022-05-01,2,2022Q2,2022-04-29
2022-04-30,29100,0.0,2022,4,30,17,Saturday,5,True,2022-04,2022-04-25/2022-05-01,2,2022Q2,2022-04-30
2022-05-01,14900,0.0,2022,5,1,17,Sunday,6,True,2022-05,2022-04-25/2022-05-01,2,2022Q2,2022-05-01
2022-05-02,6100,0.0,2022,5,2,18,Monday,0,False,2022-05,2022-05-02/2022-05-08,2,2022Q2,2022-05-02
2022-05-03,11400,1.0,2022,5,3,18,Tuesday,1,False,2022-05,2022-05-02/2022-05-08,2,2022Q2,2022-05-03
2022-05-04,7900,0.0,2022,5,4,18,Wednesday,2,False,2022-05,2022-05-02/2022-05-08,2,2022Q2,2022-05-04
2022-05-05,17800,0.0,2022,5,5,18,Thursday,3,False,2022-05,2022-05-02/2022-05-08,2,2022Q2,2022-05-05
2022-05-06,20500,1.0,2022,5,6,18,Friday,4,False,2022-05,2022-05-02/2022-05-08,2,2022Q2,2022-05-06
2022-05-07,26100,0.0,2022,5,7,18,Saturday,5,True,2022-05,2022-05-02/2022-05-08,2,2022Q2,2022-05-07
2022-05-08,15800,0.0,2022,5,8,18,Sunday,6,True,2022-05,2022-05-02/2022-05-08,2,2022Q2,2022-05-08
2022-05-09,10600,0.0,2022,5,9,19,Monday,0,False,2022-05,2022-05-09/2022-05-15,2,2022Q2,2022-05-09
2022-05-10,11600,0.0,2022,5,10,19,Tuesday,1,False,2022-05,2022-05-09/2022-05-15,2,2022Q2,2022-05-10
2022-05-11,12600,0.0,2022,5,11,19,Wednesday,2,False,2022-05,2022-05-09/2022-05-15,2,2022Q2,2022-05-11
2022-05-12,14900,0.0,2022,5,12,19,Thursday,3,False,2022-05,2022-05-09/2022-05-15,2,2022Q2,2022-05-12
2022-05-13,22300,0.0,2022,5,13,19,Friday,4,False,2022-05,2022-05-09/2022-05-15,2,2022Q2,2022-05-13
2022-05-14,29200,2.0,2022,5,14,19,Saturday,5,True,2022-05,2022-05-09/2022-05-15,2,2022Q2,2022-05-14
2022-05-15,22200,0.0,2022,5,15,19,Sunday,6,True,2022-05,2022-05-09/2022-05-15,2,2022Q2,2022-05-15
2022-05-16,12500,0.0,2022,5,16,20,Monday,0,False,2022-05,2022-05-16/2022-05-22,2,2022Q2,2022-05-16
2022-05-17,14600,0.0,2022,5,17,20,Tuesday,1,False,2022-05,2022-05-16/2022-05-22,2,2022Q2,2022-05-17
2022-05-18,15000,0.0,2022,5,18,20,Wednesday,2,False,2022-05,2022-05-16/2022-05-22,2,2022Q2,2022-05-18
2022-05-19,15700,0.0,2022,5,19,20,Thursday,3,False,2022-05,2022-05-16/2022-05-22,2,2022Q2,2022-05-19
2022-05-20,4400,0.0,2022,5,20,20,Friday,4,False,2022-05,2022-05-16/2022-05-22,2,2022Q2,2022-05-20
2022-05-21,17700,0.0,2022,5,21,20,Saturday,5,True,2022-05,2022-05-16/2022-05-22,2,2022Q2,2022-05-21
2022-05-22,15700,0.0,2022,5,22,20,Sunday,6,True,2022-05,2022-05-16/2022-05-22,2,2022Q2,2022-05-22
2022-05-23,8900,0.0,2022,5,23,21,Monday,0,False,2022-05,2022-05-23/2022-05-29,2,2022Q2,2022-05-23
2022-05-24,9300,0.0,2022,5,24,21,Tuesday,1,False,2022-05,2022-05-23/2022-05-29,2,2022Q2,2022-05-24
2022-05-25,13700,0.0,2022,5,25,21,Wednesday,2,False,2022-05,2022-05-23/2022-05-29,2,2022Q2,2022-05-25
2022-05-26,14500,1.0,2022,5,26,21,Thursday,3,False,2022-05,2022-05-23/2022-05-29,2,2022Q2,2022-05-26
2022-05-27,19000,0.0,2022,5,27,21,Friday,4,False,2022-05,2022-05-23/2022-05-29,2,2022Q2,2022-05-27
2022-05-28,23400,1.0,2022,5,28,21,Saturday,5,True,2022-05,2022-05-23/2022-05-29,2,2022Q2,2022-05-28
2022-05-29,15700,2.0,2022,5,29,21,Sunday,6,True,2022-05,2022-05-23/2022-05-29,2,2022Q2,2022-05-29
2022-05-30,15300,0.0,2022,5,30,22,Monday,0,False,2022-05,2022-05-30/2022-06-05,2,2022Q2,2022-05-30
2022-05-31,6900,0.0,2022,5,31,22,Tuesday,1,False,2022-05,2022-05-30/2022-06-05,2,2022Q2,2022-05-31
2022-06-01,9200,0.0,2022,6,1,22,Wednesday,2,False,2022-06,2022-05-30/2022-06-05,2,2022Q2,2022-06-01
2022-06-02,17500,0.0,2022,6,2,22,Thursday,3,False,2022-06,2022-05-30/2022-06-05,2,2022Q2,2022-06-02
2022-06-03,21200,0.0,2022,6,3,22,Friday,4,False,2022-06,2022-05-30/2022-06-05,2,2022Q2,2022-06-03
2022-06-04,28100,2.0,2022,6,4,22,Saturday,5,True,2022-06,2022-05-30/2022-06-05,2,2022Q2,2022-06-04
2022-06-05,19000,0.0,2022,6,5,22,Sunday,6,True,2022-06,2022-05-30/2022-06-05,2,2022Q2,2022-06-05
2022-06-06,11400,0.0,2022,6,6,23,Monday,0,False,2022-06,2022-06-06/2022-06-12,2,2022Q2,2022-06-06
2022-06-07,12000,0.0,2022,6,7,23,Tuesday,1,False,2022-06,2022-06-06/2022-06-12,2,2022Q2,2022-06-07
2022-06-08,14300,0.0,2022,6,8,23,Wednesday,2,False,2022-06,2022-06-06/2022-06-12,2,2022Q2,2022-06-08
2022-06-09,15500,1.0,2022,6,9,23,Thursday,3,False,2022-06,2022-06-06/2022-06-12,2,2022Q2,2022-06-09
2022-06-10,21500,0.0,2022,6,10,23,Friday,4,False,2022-06,2022-06-06/2022-06-12,2,2022Q2,2022-06-10
2022-06-11,25200,0.0,2022,6,11,23,Saturday,5,True,2022-06,2022-06-06/2022-06-12,2,2022Q2,2022-06-11
2022-06-12,17200,0.0,2022,6,12,23,Sunday,6,True,2022-06,2022-06-06/2022-06-12,2,2022Q2,2022-06-12
2022-06-13,13000,0.0,2022,6,13,24,Monday,0,False,2022-06,2022-06-13/2022-06-19,2,2022Q2,2022-06-13
2022-06-14,14500,1.0,2022,6,14,24,Tuesday,1,False,2022-06,2022-06-13/2022-06-19,2,2022Q2,2022-06-14
2022-06-15,21300,0.0,2022,6,15,24,Wednesday,2,False,2022-06,2022-06-13/2022-06-19,2,2022Q2,2022-06-15
2022-06-16,17100,0.0,2022,6,16,24,Thursday,3,False,2022-06,2022-06-13/2022-06-19,2,2022Q2,2022-06-16
2022-06-17,21500,1.0,2022,6,17,24,Friday,4,False,2022-06,2022-06-13/2022-06-19,2,2022Q2,2022-06-17
2022-06-18,33200,0.0,2022,6,18,24,Saturday,5,True,2022-06,2022-06-13/2022-06-19,2,2022Q2,2022-06-18
2022-06-19,19400,0.0,2022,6,19,24,Sunday,6,True,2022-06,2022-06-13/2022-06-19,2,2022Q2,2022-06-19
2022-06-20,15600,1.0,2022,6,20,25,Monday,0,False,2022-06,2022-06-20/2022-06-26,2,2022Q2,2022-06-20
2022-06-21,12600,0.0,2022,6,21,25,Tuesday,1,False,2022-06,2022-06-20/2022-06-26,2,2022Q2,2022-06-21
2022-06-22,17700,0.0,2022,6,22,25,Wednesday,2,False,2022-06,2022-06-20/2022-06-26,2,2022Q2,2022-06-22
2022-06-23,15600,0.0,2022,6,23,25,Thursday,3,False,2022-06,2022-06-20/2022-06-26,2,2022Q2,2022-06-23
2022-06-24,33600,1.0,2022,6,24,25,Friday,4,False,2022-06,2022-06-20/2022-06-26,2,2022Q2,2022-06-24
2022-06-25,24200,0.0,2022,6,25,25,Saturday,5,True,2022-06,2022-06-20/2022-06-26,2,2022Q2,2022-06-25
2022-06-26,27100,2.0,2022,6,26,25,Sunday,6,True,2022-06,2022-06-20/2022-06-26,2,2022Q2,2022-06-26
2022-06-27,14000,0.0,2022,6,27,26,Monday,0,False,2022-06,2022-06-27/2022-07-03,2,2022Q2,2022-06-27
2022-06-28,13900,0.0,2022,6,28,26,Tuesday,1,False,2022-06,2022-06-27/2022-07-03,2,2022Q2,2022-06-28
2022-06-29,13600,1.0,2022,6,29,26,Wednesday,2,False,2022-06,2022-06-27/2022-07-03,2,2022Q2,2022-06-29
2022-06-30,27600,0.0,2022,6,30,26,Thursday,3,False,2022-06,2022-06-27/2022-07-03,2,2022Q2,2022-06-30
2022-07-01,20100,0.0,2022,7,1,26,Friday,4,False,2022-07,2022-06-27/2022-07-03,3,2022Q3,2022-07-01
2022-07-02,23800,0.0,2022,7,2,26,Saturday,5,True,2022-07,2022-06-27/2022-07-03,3,2022Q3,2022-07-02
2022-07-03,21700,0.0,2022,7,3,26,Sunday,6,True,2022-07,2022-06-27/2022-07-03,3,2022Q3,2022-07-03
2022-07-04,17300,0.0,2022,7,4,27,Monday,0,False,2022-07,2022-07-04/2022-07-10,3,2022Q3,2022-07-04
2022-07-05,11000,2.0,2022,7,5,27,Tuesday,1,False,2022-07,2022-07-04/2022-07-10,3,2022Q3,2022-07-05
2022-07-06,10700,0.0,2022,7,6,27,Wednesday,2,False,2022-07,2022-07-04/2022-07-10,3,2022Q3,2022-07-06
2022-07-07,13400,0.0,2022,7,7,27,Thursday,3,False,2022-07,2022-07-04/2022-07-10,3,2022Q3,2022-07-07
2022-07-08,19400,0.0,2022,7,8,27,Friday,4,False,2022-07,2022-07-04/2022-07-10,3,2022Q3,2022-07-08
2022-07-09,24000,0.0,2022,7,9,27,Saturday,5,True,2022-07,2022-07-04/2022-07-10,3,2022Q3,2022-07-09
2022-07-10,16200,0.0,2022,7,10,27,Sunday,6,True,2022-07,2022-07-04/2022-07-10,3,2022Q3,2022-07-10
2022-07-11,13200,0.0,2022,7,11,28,Monday,0,False,2022-07,2022-07-11/2022-07-17,3,2022Q3,2022-07-11
2022-07-12,14500,1.0,2022,7,12,28,Tuesday,1,False,2022-07,2022-07-11/2022-07-17,3,2022Q3,2022-07-12
2022-07-13,14800,0.0,2022,7,13,28,Wednesday,2,False,2022-07,2022-07-11/2022-07-17,3,2022Q3,2022-07-13
2022-07-14,16500,0.0,2022,7,14,28,Thursday,3,False,2022-07,2022-07-11/2022-07-17,3,2022Q3,2022-07-14
2022-07-15,21300,0.0,2022,7,15,28,Friday,4,False,2022-07,2022-07-11/2022-07-17,3,2022Q3,2022-07-15
2022-07-16,23100,1.0,2022,7,16,28,Saturday,5,True,2022-07,2022-07-11/2022-07-17,3,2022Q3,2022-07-16
2022-07-17,17800,0.0,2022,7,17,28,Sunday,6,True,2022-07,2022-07-11/2022-07-17,3,2022Q3,2022-07-17
2022-07-18,11100,0.0,2022,7,18,29,Monday,0,False,2022-07,2022-07-18/2022-07-24,3,2022Q3,2022-07-18
2022-07-19,12200,0.0,2022,7,19,29,Tuesday,1,False,2022-07,2022-07-18/2022-07-24,3,2022Q3,2022-07-19
2022-07-20,12900,0.0,2022,7,20,29,Wednesday,2,False,2022-07,2022-07-18/2022-07-24,3,2022Q3,2022-07-20
2022-07-21,16800,0.0,2022,7,21,29,Thursday,3,False,2022-07,2022-07-18/2022-07-24,3,2022Q3,2022-07-21
2022-07-22,21900,1.0,2022,7,22,29,Friday,4,False,2022-07,2022-07-18/2022-07-24,3,2022Q3,2022-07-22
2022-07-23,23700,0.0,2022,7,23,29,Saturday,5,True,2022-07,2022-07-18/2022-07-24,3,2022Q3,2022-07-23
2022-07-24,13700,0.0,2022,7,24,29,Sunday,6,True,2022-07,2022-07-18/2022-07-24,3,2022Q3,2022-07-24
2022-07-25,12400,0.0,2022,7,25,30,Monday,0,False,2022-07,2022-07-25/2022-07-31,3,2022Q3,2022-07-25
2022-07-26,14700,0.0,2022,7,26,30,Tuesday,1,False,2022-07,2022-07-25/2022-07-31,3,2022Q3,2022-07-26
2022-07-27,15300,0.0,2022,7,27,30,Wednesday,2,False,2022-07,2022-07-25/2022-07-31,3,2022Q3,2022-07-27
2022-07-28,16600,1.0,2022,7,28,30,Thursday,3,False,2022-07,2022-07-25/2022-07-31,3,2022Q3,2022-07-28
2022-07-29,22900,0.0,2022,7,29,30,Friday,4,False,2022-07,2022-07-25/2022-07-31,3,2022Q3,2022-07-29
2022-07-30,27800,0.0,2022,7,30,30,Saturday,5,True,2022-07,2022-07-25/2022-07-31,3,2022Q3,2022-07-30
2022-07-31,19800,0.0,2022,7,31,30,Sunday,6,True,2022-07,2022-07-25/2022-07-31,3,2022Q3,2022-07-31
2022-08-01,12100,0.0,2022,8,1,31,Monday,0,False,2022-08,2022-08-01/2022-08-07,3,2022Q3,2022-08-01
2022-08-02,13300,0.0,2022,8,2,31,Tuesday,1,False,2022-08,2022-08-01/2022-08-07,3,2022Q3,2022-08-02
2022-08-03,13800,0.0,2022,8,3,31,Wednesday,2,False,2022-08,2022-08-01/2022-08-07,3,2022Q3,2022-08-03
2022-08-04,15100,1.0,2022,8,4,31,Thursday,3,False,2022-08,2022-08-01/2022-08-07,3,2022Q3,2022-08-04
2022-08-05,20500,0.0,2022,8,5,31,Friday,4,False,2022-08,2022-08-01/2022-08-07,3,2022Q3,2022-08-05
2022-08-06,21300,0.0,2022,8,6,31,Saturday,5,True,2022-08,2022-08-01/2022-08-07,3,2022Q3,2022-08-06
2022-08-07,15600,0.0,2022,8,7,31,Sunday,6,True,2022-08,2022-08-01/2022-08-07,3,2022Q3,2022-08-07
2022-08-08,11800,1.0,2022,8,8,32,Monday,0,False,2022-08,2022-08-08/2022-08-14,3,2022Q3,2022-08-08
2022-08-09,15100,0.0,2022,8,9,32,Tuesday,1,False,2022-08,2022-08-08/2022-08-14,3,2022Q3,2022-08-09
2022-08-10,16300,0.0,2022,8,10,32,Wednesday,2,False,2022-08,2022-08-08/2022-08-14,3,2022Q3,2022-08-10
2022-08-11,17600,0.0,2022,8,11,32,Thursday,3,False,2022-08,2022-08-08/2022-08-14,3,2022Q3,2022-08-11
2022-08-12,22800,0.0,2022,8,12,32,Friday,4,False,2022-08,2022-08-08/2022-08-14,3,2022Q3,2022-08-12
2022-08-13,27500,0.0,2022,8,13,32,Saturday,5,True,2022-08,2022-08-08/2022-08-14,3,2022Q3,2022-08-13
2022-08-14,17100,0.0,2022,8,14,32,Sunday,6,True,2022-08,2022-08-08/2022-08-14,3,2022Q3,2022-08-14
2022-08-15,9100,0.0,2022,8,15,33,Monday,0,False,2022-08,2022-08-15/2022-08-21,3,2022Q3,2022-08-15
2022-08-16,10200,0.0,2022,8,16,33,Tuesday,1,False,2022-08,2022-08-15/2022-08-21,3,2022Q3,2022-08-16
2022-08-17,12800,1.0,2022,8,17,33,Wednesday,2,False,2022-08,2022-08-15/2022-08-21,3,2022Q3,2022-08-17
2022-08-18,20300,1.0,2022,8,18,33,Thursday,3,False,2022-08,2022-08-15/2022-08-21,3,2022Q3,2022-08-18
2022-08-19,24400,0.0,2022,8,19,33,Friday,4,False,2022-08,2022-08-15/2022-08-21,3,2022Q3,2022-08-19
2022-08-20,24600,0.0,2022,8,20,33,Saturday,5,True,2022-08,2022-08-15/2022-08-21,3,2022Q3,2022-08-20
2022-08-21,19000,0.0,2022,8,21,33,Sunday,6,True,2022-08,2022-08-15/2022-08-21,3,2022Q3,2022-08-21
2022-08-22,12800,0.0,2022,8,22,34,Monday,0,False,2022-08,2022-08-22/2022-08-28,3,2022Q3,2022-08-22
2022-08-23,15800,3.0,2022,8,23,34,Tuesday,1,False,2022-08,2022-08-22/2022-08-28,3,2022Q3,2022-08-23
2022-08-24,15100,3.0,2022,8,24,34,Wednesday,2,False,2022-08,2022-08-22/2022-08-28,3,2022Q3,2022-08-24
2022-08-25,14200,0.0,2022,8,25,34,Thursday,3,False,2022-08,2022-08-22/2022-08-28,3,2022Q3,2022-08-25
2022-08-26,17600,0.0,2022,8,26,34,Friday,4,False,2022-08,2022-08-22/2022-08-28,3,2022Q3,2022-08-26
2022-08-27,27700,2.0,2022,8,27,34,Saturday,5,True,2022-08,2022-08-22/2022-08-28,3,2022Q3,2022-08-27
2022-08-28,15400,1.0,2022,8,28,34,Sunday,6,True,2022-08,2022-08-22/2022-08-28,3,2022Q3,2022-08-28
2022-08-29,11900,1.0,2022,8,29,35,Monday,0,False,2022-08,2022-08-29/2022-09-04,3,2022Q3,2022-08-29
2022-08-30,12600,0.0,2022,8,30,35,Tuesday,1,False,2022-08,2022-08-29/2022-09-04,3,2022Q3,2022-08-30
2022-08-31,14100,0.0,2022,8,31,35,Wednesday,2,False,2022-08,2022-08-29/2022-09-04,3,2022Q3,2022-08-31
2022-09-01,15800,0.0,2022,9,1,35,Thursday,3,False,2022-09,2022-08-29/2022-09-04,3,2022Q3,2022-09-01
2022-09-02,19100,0.0,2022,9,2,35,Friday,4,False,2022-09,2022-08-29/2022-09-04,3,2022Q3,2022-09-02
2022-09-03,25900,0.0,2022,9,3,35,Saturday,5,True,2022-09,2022-08-29/2022-09-04,3,2022Q3,2022-09-03
2022-09-04,24100,0.0,2022,9,4,35,Sunday,6,True,2022-09,2022-08-29/2022-09-04,3,2022Q3,2022-09-04
2022-09-05,17800,0.0,2022,9,5,36,Monday,0,False,2022-09,2022-09-05/2022-09-11,3,2022Q3,2022-09-05
2022-09-06,14800,0.0,2022,9,6,36,Tuesday,1,False,2022-09,2022-09-05/2022-09-11,3,2022Q3,2022-09-06
2022-09-07,14500,0.0,2022,9,7,36,Wednesday,2,False,2022-09,2022-09-05/2022-09-11,3,2022Q3,2022-09-07
2022-09-08,16400,0.0,2022,9,8,36,Thursday,3,False,2022-09,2022-09-05/2022-09-11,3,2022Q3,2022-09-08
2022-09-09,16900,0.0,2022,9,9,36,Friday,4,False,2022-09,2022-09-05/2022-09-11,3,2022Q3,2022-09-09
2022-09-10,16000,0.0,2022,9,10,36,Saturday,5,True,2022-09,2022-09-05/2022-09-11,3,2022Q3,2022-09-10
2022-09-11,16300,0.0,2022,9,11,36,Sunday,6,True,2022-09,2022-09-05/2022-09-11,3,2022Q3,2022-09-11
2022-09-12,12100,0.0,2022,9,12,37,Monday,0,False,2022-09,2022-09-12/2022-09-18,3,2022Q3,2022-09-12
2022-09-13,12400,1.0,2022,9,13,37,Tuesday,1,False,2022-09,2022-09-12/2022-09-18,3,2022Q3,2022-09-13
2022-09-14,11600,0.0,2022,9,14,37,Wednesday,2,False,2022-09,2022-09-12/2022-09-18,3,2022Q3,2022-09-14
2022-09-15,15500,0.0,2022,9,15,37,Thursday,3,False,2022-09,2022-09-12/2022-09-18,3,2022Q3,2022-09-15
2022-09-16,20300,0.0,2022,9,16,37,Friday,4,False,2022-09,2022-09-12/2022-09-18,3,2022Q3,2022-09-16
2022-09-17,26300,0.0,2022,9,17,37,Saturday,5,True,2022-09,2022-09-12/2022-09-18,3,2022Q3,2022-09-17
2022-09-18,23100,0.0,2022,9,18,37,Sunday,6,True,2022-09,2022-09-12/2022-09-18,3,2022Q3,2022-09-18
2022-09-19,13400,0.0,2022,9,19,38,Monday,0,False,2022-09,2022-09-19/2022-09-25,3,2022Q3,2022-09-19
2022-09-20,14100,0.0,2022,9,20,38,Tuesday,1,False,2022-09,2022-09-19/2022-09-25,3,2022Q3,2022-09-20
2022-09-21,10300,0.0,2022,9,21,38,Wednesday,2,False,2022-09,2022-09-19/2022-09-25,3,2022Q3,2022-09-21
2022-09-22,13900,0.0,2022,9,22,38,Thursday,3,False,2022-09,2022-09-19/2022-09-25,3,2022Q3,2022-09-22
2022-09-23,21400,0.0,2022,9,23,38,Friday,4,False,2022-09,2022-09-19/2022-09-25,3,2022Q3,2022-09-23
2022-09-24,27100,0.0,2022,9,24,38,Saturday,5,True,2022-09,2022-09-19/2022-09-25,3,2022Q3,2022-09-24
2022-09-25,24900,0.0,2022,9,25,38,Sunday,6,True,2022-09,2022-09-19/2022-09-25,3,2022Q3,2022-09-25
2022-09-26,13100,0.0,2022,9,26,39,Monday,0,False,2022-09,2022-09-26/2022-10-02,3,2022Q3,2022-09-26
2022-09-27,14000,0.0,2022,9,27,39,Tuesday,1,False,2022-09,2022-09-26/2022-10-02,3,2022Q3,2022-09-27
2022-09-28,14000,0.0,2022,9,28,39,Wednesday,2,False,2022-09,2022-09-26/2022-10-02,3,2022Q3,2022-09-28
2022-09-29,14800,0.0,2022,9,29,39,Thursday,3,False,2022-09,2022-09-26/2022-10-02,3,2022Q3,2022-09-29
2022-09-30,14200,0.0,2022,9,30,39,Friday,4,False,2022-09,2022-09-26/2022-10-02,3,2022Q3,2022-09-30
2022-10-01,20200,0.0,2022,10,1,39,Saturday,5,True,2022-10,2022-09-26/2022-10-02,4,2022Q4,2022-10-01
2022-10-02,15600,0.0,2022,10,2,39,Sunday,6,True,2022-10,2022-09-26/2022-10-02,4,2022Q4,2022-10-02
2022-10-03,10400,0.0,2022,10,3,40,Monday,0,False,2022-10,2022-10-03/2022-10-09,4,2022Q4,2022-10-03
2022-10-04,12100,1.0,2022,10,4,40,Tuesday,1,False,2022-10,2022-10-03/2022-10-09,4,2022Q4,2022-10-04
2022-10-05,14000,0.0,2022,10,5,40,Wednesday,2,False,2022-10,2022-10-03/2022-10-09,4,2022Q4,2022-10-05
2022-10-06,22500,0.0,2022,10,6,40,Thursday,3,False,2022-10,2022-10-03/2022-10-09,4,2022Q4,2022-10-06
2022-10-07,15900,1.0,2022,10,7,40,Friday,4,False,2022-10,2022-10-03/2022-10-09,4,2022Q4,2022-10-07
2022-10-08,22000,0.0,2022,10,8,40,Saturday,5,True,2022-10,2022-10-03/2022-10-09,4,2022Q4,2022-10-08
2022-10-09,14900,0.0,2022,10,9,40,Sunday,6,True,2022-10,2022-10-03/2022-10-09,4,2022Q4,2022-10-09
2022-10-10,11400,0.0,2022,10,10,41,Monday,0,False,2022-10,2022-10-10/2022-10-16,4,2022Q4,2022-10-10
2022-10-11,12200,0.0,2022,10,11,41,Tuesday,1,False,2022-10,2022-10-10/2022-10-16,4,2022Q4,2022-10-11
2022-10-12,13300,0.0,2022,10,12,41,Wednesday,2,False,2022-10,2022-10-10/2022-10-16,4,2022Q4,2022-10-12
2022-10-13,13200,1.0,2022,10,13,41,Thursday,3,False,2022-10,2022-10-10/2022-10-16,4,2022Q4,2022-10-13
2022-10-14,18000,0.0,2022,10,14,41,Friday,4,False,2022-10,2022-10-10/2022-10-16,4,2022Q4,2022-10-14
2022-10-15,19200,0.0,2022,10,15,41,Saturday,5,True,2022-10,2022-10-10/2022-10-16,4,2022Q4,2022-10-15
2022-10-16,12700,1.0,2022,10,16,41,Sunday,6,True,2022-10,2022-10-10/2022-10-16,4,2022Q4,2022-10-16
2022-10-17,9800,1.0,2022,10,17,42,Monday,0,False,2022-10,2022-10-17/2022-10-23,4,2022Q4,2022-10-17
2022-10-18,10700,0.0,2022,10,18,42,Tuesday,1,False,2022-10,2022-10-17/2022-10-23,4,2022Q4,2022-10-18
2022-10-19,12600,0.0,2022,10,19,42,Wednesday,2,False,2022-10,2022-10-17/2022-10-23,4,2022Q4,2022-10-19
2022-10-20,13200,0.0,2022,10,20,42,Thursday,3,False,2022-10,2022-10-17/2022-10-23,4,2022Q4,2022-10-20
2022-10-21,18600,0.0,2022,10,21,42,Friday,4,False,2022-10,2022-10-17/2022-10-23,4,2022Q4,2022-10-21
2022-10-22,22400,0.0,2022,10,22,42,Saturday,5,True,2022-10,2022-10-17/2022-10-23,4,2022Q4,2022-10-22
2022-10-23,16700,0.0,2022,10,23,42,Sunday,6,True,2022-10,2022-10-17/2022-10-23,4,2022Q4,2022-10-23
2022-10-24,8000,1.0,2022,10,24,43,Monday,0,False,2022-10,2022-10-24/2022-10-30,4,2022Q4,2022-10-24
2022-10-25,9000,0.0,2022,10,25,43,Tuesday,1,False,2022-10,2022-10-24/2022-10-30,4,2022Q4,2022-10-25
2022-10-26,11500,0.0,2022,10,26,43,Wednesday,2,False,2022-10,2022-10-24/2022-10-30,4,2022Q4,2022-10-26
2022-10-27,7600,0.0,2022,10,27,43,Thursday,3,False,2022-10,2022-10-24/2022-10-30,4,2022Q4,2022-10-27
2022-10-28,14000,0.0,2022,10,28,43,Friday,4,False,2022-10,2022-10-24/2022-10-30,4,2022Q4,2022-10-28
2022-10-29,16600,1.0,2022,10,29,43,Saturday,5,True,2022-10,2022-10-24/2022-10-30,4,2022Q4,2022-10-29
2022-10-30,12700,0.0,2022,10,30,43,Sunday,6,True,2022-10,2022-10-24/2022-10-30,4,2022Q4,2022-10-30
2022-10-31,10000,0.0,2022,10,31,44,Monday,0,False,2022-10,2022-10-31/2022-11-06,4,2022Q4,2022-10-31
2022-11-01,9800,0.0,2022,11,1,44,Tuesday,1,False,2022-11,2022-10-31/2022-11-06,4,2022Q4,2022-11-01
2022-11-02,10100,0.0,2022,11,2,44,Wednesday,2,False,2022-11,2022-10-31/2022-11-06,4,2022Q4,2022-11-02
2022-11-03,7100,0.0,2022,11,3,44,Thursday,3,False,2022-11,2022-10-31/2022-11-06,4,2022Q4,2022-11-03
2022-11-04,9800,0.0,2022,11,4,44,Friday,4,False,2022-11,2022-10-31/2022-11-06,4,2022Q4,2022-11-04
2022-11-05,14500,0.0,2022,11,5,44,Saturday,5,True,2022-11,2022-10-31/2022-11-06,4,2022Q4,2022-11-05
2022-11-06,9300,0.0,2022,11,6,44,Sunday,6,True,2022-11,2022-10-31/2022-11-06,4,2022Q4,2022-11-06
2022-11-07,8000,1.0,2022,11,7,45,Monday,0,False,2022-11,2022-11-07/2022-11-13,4,2022Q4,2022-11-07
2022-11-08,7100,1.0,2022,11,8,45,Tuesday,1,False,2022-11,2022-11-07/2022-11-13,4,2022Q4,2022-11-08
2022-11-09,8300,1.0,2022,11,9,45,Wednesday,2,False,2022-11,2022-11-07/2022-11-13,4,2022Q4,2022-11-09
2022-11-10,9600,0.0,2022,11,10,45,Thursday,3,False,2022-11,2022-11-07/2022-11-13,4,2022Q4,2022-11-10
2022-11-11,8600,0.0,2022,11,11,45,Friday,4,False,2022-11,2022-11-07/2022-11-13,4,2022Q4,2022-11-11
2022-11-12,10800,1.0,2022,11,12,45,Saturday,5,True,2022-11,2022-11-07/2022-11-13,4,2022Q4,2022-11-12
2022-11-13,7700,1.0,2022,11,13,45,Sunday,6,True,2022-11,2022-11-07/2022-11-13,4,2022Q4,2022-11-13
2022-11-14,6200,0.0,2022,11,14,46,Monday,0,False,2022-11,2022-11-14/2022-11-20,4,2022Q4,2022-11-14
2022-11-15,4100,0.0,2022,11,15,46,Tuesday,1,False,2022-11,2022-11-14/2022-11-20,4,2022Q4,2022-11-15
2022-11-16,6800,1.0,2022,11,16,46,Wednesday,2,False,2022-11,2022-11-14/2022-11-20,4,2022Q4,2022-11-16
2022-11-17,1300,0.0,2022,11,17,46,Thursday,3,False,2022-11,2022-11-14/2022-11-20,4,2022Q4,2022-11-17
2022-11-18,2000,0.0,2022,11,18,46,Friday,4,False,2022-11,2022-11-14/2022-11-20,4,2022Q4,2022-11-18
2022-11-19,4400,0.0,2022,11,19,46,Saturday,5,True,2022-11,2022-11-14/2022-11-20,4,2022Q4,2022-11-19
2022-11-20,8000,0.0,2022,11,20,46,Sunday,6,True,2022-11,2022-11-14/2022-11-20,4,2022Q4,2022-11-20
2022-11-21,5200,0.0,2022,11,21,47,Monday,0,False,2022-11,2022-11-21/2022-11-27,4,2022Q4,2022-11-21
2022-11-22,6100,0.0,2022,11,22,47,Tuesday,1,False,2022-11,2022-11-21/2022-11-27,4,2022Q4,2022-11-22
2022-11-23,6400,0.0,2022,11,23,47,Wednesday,2,False,2022-11,2022-11-21/2022-11-27,4,2022Q4,2022-11-23
2022-11-24,3600,1.0,2022,11,24,47,Thursday,3,False,2022-11,2022-11-21/2022-11-27,4,2022Q4,2022-11-24
2022-11-25,7800,0.0,2022,11,25,47,Friday,4,False,2022-11,2022-11-21/2022-11-27,4,2022Q4,2022-11-25
2022-11-26,9500,1.0,2022,11,26,47,Saturday,5,True,2022-11,2022-11-21/2022-11-27,4,2022Q4,2022-11-26
2022-11-27,6000,0.0,2022,11,27,47,Sunday,6,True,2022-11,2022-11-21/2022-11-27,4,2022Q4,2022-11-27
2022-11-28,6000,0.0,2022,11,28,48,Monday,0,False,2022-11,2022-11-28/2022-12-04,4,2022Q4,2022-11-28
2022-11-29,2300,0.0,2022,11,29,48,Tuesday,1,False,2022-11,2022-11-28/2022-12-04,4,2022Q4,2022-11-29
2022-11-30,4800,0.0,2022,11,30,48,Wednesday,2,False,2022-11,2022-11-28/2022-12-04,4,2022Q4,2022-11-30
2022-12-01,6800,0.0,2022,12,1,48,Thursday,3,False,2022-12,2022-11-28/2022-12-04,4,2022Q4,2022-12-01
2022-12-02,7500,0.0,2022,12,2,48,Friday,4,False,2022-12,2022-11-28/2022-12-04,4,2022Q4,2022-12-02
2022-12-03,13800,1.0,2022,12,3,48,Saturday,5,True,2022-12,2022-11-28/2022-12-04,4,2022Q4,2022-12-03
2022-12-04,6900,0.0,2022,12,4,48,Sunday,6,True,2022-12,2022-11-28/2022-12-04,4,2022Q4,2022-12-04
2022-12-05,6300,1.0,2022,12,5,49,Monday,0,False,2022-12,2022-12-05/2022-12-11,4,2022Q4,2022-12-05
2022-12-06,8000,0.0,2022,12,6,49,Tuesday,1,False,2022-12,2022-12-05/2022-12-11,4,2022Q4,2022-12-06
2022-12-07,7800,1.0,2022,12,7,49,Wednesday,2,False,2022-12,2022-12-05/2022-12-11,4,2022Q4,2022-12-07
2022-12-08,6900,1.0,2022,12,8,49,Thursday,3,False,2022-12,2022-12-05/2022-12-11,4,2022Q4,2022-12-08
2022-12-09,10100,0.0,2022,12,9,49,Friday,4,False,2022-12,2022-12-05/2022-12-11,4,2022Q4,2022-12-09
2022-12-10,12500,0.0,2022,12,10,49,Saturday,5,True,2022-12,2022-12-05/2022-12-11,4,2022Q4,2022-12-10
2022-12-11,14300,0.0,2022,12,11,49,Sunday,6,True,2022-12,2022-12-05/2022-12-11,4,2022Q4,2022-12-11
2022-12-12,6200,1.0,2022,12,12,50,Monday,0,False,2022-12,2022-12-12/2022-12-18,4,2022Q4,2022-12-12
2022-12-13,5300,0.0,2022,12,13,50,Tuesday,1,False,2022-12,2022-12-12/2022-12-18,4,2022Q4,2022-12-13
2022-12-14,6300,0.0,2022,12,14,50,Wednesday,2,False,2022-12,2022-12-12/2022-12-18,4,2022Q4,2022-12-14
2022-12-15,6700,0.0,2022,12,15,50,Thursday,3,False,2022-12,2022-12-12/2022-12-18,4,2022Q4,2022-12-15
2022-12-16,6900,1.0,2022,12,16,50,Friday,4,False,2022-12,2022-12-12/2022-12-18,4,2022Q4,2022-12-16
2022-12-17,8100,0.0,2022,12,17,50,Saturday,5,True,2022-12,2022-12-12/2022-12-18,4,2022Q4,2022-12-17
2022-12-18,9700,0.0,2022,12,18,50,Sunday,6,True,2022-12,2022-12-12/2022-12-18,4,2022Q4,2022-12-18
2022-12-19,5800,0.0,2022,12,19,51,Monday,0,False,2022-12,2022-12-19/2022-12-25,4,2022Q4,2022-12-19
2022-12-20,6200,0.0,2022,12,20,51,Tuesday,1,False,2022-12,2022-12-19/2022-12-25,4,2022Q4,2022-12-20
2022-12-21,4000,0.0,2022,12,21,51,Wednesday,2,False,2022-12,2022-12-19/2022-12-25,4,2022Q4,2022-12-21
2022-12-22,0,0.0,2022,12,22,51,Thursday,3,False,2022-12,2022-12-19/2022-12-25,4,2022Q4,2022-12-22
2022-12-23,200,0.0,2022,12,23,51,Friday,4,False,2022-12,2022-12-19/2022-12-25,4,2022Q4,2022-12-23
2022-12-24,900,0.0,2022,12,24,51,Saturday,5,True,2022-12,2022-12-19/2022-12-25,4,2022Q4,2022-12-24
2022-12-25,2100,0.0,2022,12,25,51,Sunday,6,True,2022-12,2022-12-19/2022-12-25,4,2022Q4,2022-12-25
2022-12-26,3600,0.0,2022,12,26,52,Monday,0,False,2022-12,2022-12-26/2023-01-01,4,2022Q4,2022-12-26
2022-12-27,5300,2.0,2022,12,27,52,Tuesday,1,False,2022-12,2022-12-26/2023-01-01,4,2022Q4,2022-12-27
2022-12-28,3100,0.0,2022,12,28,52,Wednesday,2,False,2022-12,2022-12-26/2023-01-01,4,2022Q4,2022-12-28
2022-12-29,700,0.0,2022,12,29,52,Thursday,3,False,2022-12,2022-12-26/2023-01-01,4,2022Q4,2022-12-29
2022-12-30,1600,0.0,2022,12,30,52,Friday,4,False,2022-12,2022-12-26/2023-01-01,4,2022Q4,2022-12-30
2022-12-31,3200,0.0,2022,12,31,52,Saturday,5,True,2022-12,2022-12-26/2023-01-01,4,2022Q4,2022-12-31
2023-01-01,3800,0.0,2023,1,1,52,Sunday,6,True,2023-01,2022-12-26/2023-01-01,1,2023Q1,2023-01-01
2023-01-02,900,0.0,2023,1,2,1,Monday,0,False,2023-01,2023-01-02/2023-01-08,1,2023Q1,2023-01-02
2023-01-03,1300,0.0,2023,1,3,1,Tuesday,1,False,2023-01,2023-01-02/2023-01-08,1,2023Q1,2023-01-03
2023-01-04,2300,0.0,2023,1,4,1,Wednesday,2,False,2023-01,2023-01-02/2023-01-08,1,2023Q1,2023-01-04
2023-01-05,3100,0.0,2023,1,5,1,Thursday,3,False,2023-01,2023-01-02/2023-01-08,1,2023Q1,2023-01-05
2023-01-06,2800,0.0,2023,1,6,1,Friday,4,False,2023-01,2023-01-02/2023-01-08,1,2023Q1,2023-01-06
2023-01-07,3100,0.0,2023,1,7,1,Saturday,5,True,2023-01,2023-01-02/2023-01-08,1,2023Q1,2023-01-07
2023-01-08,4400,0.0,2023,1,8,1,Sunday,6,True,2023-01,2023-01-02/2023-01-08,1,2023Q1,2023-01-08
2023-01-09,3300,0.0,2023,1,9,2,Monday,0,False,2023-01,2023-01-09/2023-01-15,1,2023Q1,2023-01-09
2023-01-10,5000,0.0,2023,1,10,2,Tuesday,1,False,2023-01,2023-01-09/2023-01-15,1,2023Q1,2023-01-10
2023-01-11,3600,0.0,2023,1,11,2,Wednesday,2,False,2023-01,2023-01-09/2023-01-15,1,2023Q1,2023-01-11
2023-01-12,4900,0.0,2023,1,12,2,Thursday,3,False,2023-01,2023-01-09/2023-01-15,1,2023Q1,2023-01-12
2023-01-13,6500,0.0,2023,1,13,2,Friday,4,False,2023-01,2023-01-09/2023-01-15,1,2023Q1,2023-01-13
2023-01-14,10100,0.0,2023,1,14,2,Saturday,5,True,2023-01,2023-01-09/2023-01-15,1,2023Q1,2023-01-14
2023-01-15,6900,0.0,2023,1,15,2,Sunday,6,True,2023-01,2023-01-09/2023-01-15,1,2023Q1,2023-01-15
2023-01-16,5600,0.0,2023,1,16,3,Monday,0,False,2023-01,2023-01-16/2023-01-22,1,2023Q1,2023-01-16
2023-01-17,4200,0.0,2023,1,17,3,Tuesday,1,False,2023-01,2023-01-16/2023-01-22,1,2023Q1,2023-01-17
2023-01-18,0,0.0,2023,1,18,3,Wednesday,2,False,2023-01,2023-01-16/2023-01-22,1,2023Q1,2023-01-18
2023-01-19,700,0.0,2023,1,19,3,Thursday,3,False,2023-01,2023-01-16/2023-01-22,1,2023Q1,2023-01-19
2023-01-20,2500,0.0,2023,1,20,3,Friday,4,False,2023-01,2023-01-16/2023-01-22,1,2023Q1,2023-01-20
2023-01-21,2500,0.0,2023,1,21,3,Saturday,5,True,2023-01,2023-01-16/2023-01-22,1,2023Q1,2023-01-21
2023-01-22,3300,0.0,2023,1,22,3,Sunday,6,True,2023-01,2023-01-16/2023-01-22,1,2023Q1,2023-01-22
2023-01-23,2500,0.0,2023,1,23,4,Monday,0,False,2023-01,2023-01-23/2023-01-29,1,2023Q1,2023-01-23
2023-01-24,3900,0.0,2023,1,24,4,Tuesday,1,False,2023-01,2023-01-23/2023-01-29,1,2023Q1,2023-01-24
2023-01-25,2900,0.0,2023,1,25,4,Wednesday,2,False,2023-01,2023-01-23/2023-01-29,1,2023Q1,2023-01-25
2023-01-26,4400,0.0,2023,1,26,4,Thursday,3,False,2023-01,2023-01-23/2023-01-29,1,2023Q1,2023-01-26
2023-01-27,5600,0.0,2023,1,27,4,Friday,4,False,2023-01,2023-01-23/2023-01-29,1,2023Q1,2023-01-27
2023-01-28,4600,0.0,2023,1,28,4,Saturday,5,True,2023-01,2023-01-23/2023-01-29,1,2023Q1,2023-01-28
2023-01-29,900,0.0,2023,1,29,4,Sunday,6,True,2023-01,2023-01-23/2023-01-29,1,2023Q1,2023-01-29
2023-01-30,1300,0.0,2023,1,30,5,Monday,0,False,2023-01,2023-01-30/2023-02-05,1,2023Q1,2023-01-30
2023-01-31,2400,0.0,2023,1,31,5,Tuesday,1,False,2023-01,2023-01-30/2023-02-05,1,2023Q1,2023-01-31
2023-02-01,3900,1.0,2023,2,1,5,Wednesday,2,False,2023-02,2023-01-30/2023-02-05,1,2023Q1,2023-02-01
2023-02-02,5300,0.0,2023,2,2,5,Thursday,3,False,2023-02,2023-01-30/2023-02-05,1,2023Q1,2023-02-02
2023-02-03,6900,0.0,2023,2,3,5,Friday,4,False,2023-02,2023-01-30/2023-02-05,1,2023Q1,2023-02-03
2023-02-04,9500,0.0,2023,2,4,5,Saturday,5,True,2023-02,2023-01-30/2023-02-05,1,2023Q1,2023-02-04
2023-02-05,6100,0.0,2023,2,5,5,Sunday,6,True,2023-02,2023-01-30/2023-02-05,1,2023Q1,2023-02-05
2023-02-06,4400,0.0,2023,2,6,6,Monday,0,False,2023-02,2023-02-06/2023-02-12,1,2023Q1,2023-02-06
2023-02-07,5500,0.0,2023,2,7,6,Tuesday,1,False,2023-02,2023-02-06/2023-02-12,1,2023Q1,2023-02-07
2023-02-08,5300,0.0,2023,2,8,6,Wednesday,2,False,2023-02,2023-02-06/2023-02-12,1,2023Q1,2023-02-08
2023-02-09,4500,0.0,2023,2,9,6,Thursday,3,False,2023-02,2023-02-06/2023-02-12,1,2023Q1,2023-02-09
2023-02-10,7200,0.0,2023,2,10,6,Friday,4,False,2023-02,2023-02-06/2023-02-12,1,2023Q1,2023-02-10
2023-02-11,9600,0.0,2023,2,11,6,Saturday,5,True,2023-02,2023-02-06/2023-02-12,1,2023Q1,2023-02-11
2023-02-12,7400,0.0,2023,2,12,6,Sunday,6,True,2023-02,2023-02-06/2023-02-12,1,2023Q1,2023-02-12
2023-02-13,5700,0.0,2023,2,13,7,Monday,0,False,2023-02,2023-02-13/2023-02-19,1,2023Q1,2023-02-13
2023-02-14,5900,0.0,2023,2,14,7,Tuesday,1,False,2023-02,2023-02-13/2023-02-19,1,2023Q1,2023-02-14
2023-02-15,300,0.0,2023,2,15,7,Wednesday,2,False,2023-02,2023-02-13/2023-02-19,1,2023Q1,2023-02-15
2023-02-16,1800,0.0,2023,2,16,7,Thursday,3,False,2023-02,2023-02-13/2023-02-19,1,2023Q1,2023-02-16
2023-02-17,6300,0.0,2023,2,17,7,Friday,4,False,2023-02,2023-02-13/2023-02-19,1,2023Q1,2023-02-17
2023-02-18,9800,0.0,2023,2,18,7,Saturday,5,True,2023-02,2023-02-13/2023-02-19,1,2023Q1,2023-02-18
2023-02-19,8000,0.0,2023,2,19,7,Sunday,6,True,2023-02,2023-02-13/2023-02-19,1,2023Q1,2023-02-19
2023-02-20,5700,0.0,2023,2,20,8,Monday,0,False,2023-02,2023-02-20/2023-02-26,1,2023Q1,2023-02-20
2023-02-21,6100,0.0,2023,2,21,8,Tuesday,1,False,2023-02,2023-02-20/2023-02-26,1,2023Q1,2023-02-21
2023-02-22,1000,0.0,2023,2,22,8,Wednesday,2,False,2023-02,2023-02-20/2023-02-26,1,2023Q1,2023-02-22
2023-02-23,600,0.0,2023,2,23,8,Thursday,3,False,2023-02,2023-02-20/2023-02-26,1,2023Q1,2023-02-23
2023-02-24,4000,0.0,2023,2,24,8,Friday,4,False,2023-02,2023-02-20/2023-02-26,1,2023Q1,2023-02-24
2023-02-25,9900,0.0,2023,2,25,8,Saturday,5,True,2023-02,2023-02-20/2023-02-26,1,2023Q1,2023-02-25
2023-02-26,8600,0.0,2023,2,26,8,Sunday,6,True,2023-02,2023-02-20/2023-02-26,1,2023Q1,2023-02-26
2023-02-27,6900,0.0,2023,2,27,9,Monday,0,False,2023-02,2023-02-27/2023-03-05,1,2023Q1,2023-02-27
2023-02-28,6900,0.0,2023,2,28,9,Tuesday,1,False,2023-02,2023-02-27/2023-03-05,1,2023Q1,2023-02-28
2023-03-01,7100,0.0,2023,3,1,9,Wednesday,2,False,2023-03,2023-02-27/2023-03-05,1,2023Q1,2023-03-01
2023-03-02,8800,0.0,2023,3,2,9,Thursday,3,False,2023-03,2023-02-27/2023-03-05,1,2023Q1,2023-03-02
2023-03-03,9700,0.0,2023,3,3,9,Friday,4,False,2023-03,2023-02-27/2023-03-05,1,2023Q1,2023-03-03
2023-03-04,10900,0.0,2023,3,4,9,Saturday,5,True,2023-03,2023-02-27/2023-03-05,1,2023Q1,2023-03-04
2023-03-05,9500,0.0,2023,3,5,9,Sunday,6,True,2023-03,2023-02-27/2023-03-05,1,2023Q1,2023-03-05
2023-03-06,6500,0.0,2023,3,6,10,Monday,0,False,2023-03,2023-03-06/2023-03-12,1,2023Q1,2023-03-06
2023-03-07,5300,0.0,2023,3,7,10,Tuesday,1,False,2023-03,2023-03-06/2023-03-12,1,2023Q1,2023-03-07
2023-03-08,6500,1.0,2023,3,8,10,Wednesday,2,False,2023-03,2023-03-06/2023-03-12,1,2023Q1,2023-03-08
2023-03-09,7900,0.0,2023,3,9,10,Thursday,3,False,2023-03,2023-03-06/2023-03-12,1,2023Q1,2023-03-09
2023-03-10,9800,0.0,2023,3,10,10,Friday,4,False,2023-03,2023-03-06/2023-03-12,1,2023Q1,2023-03-10
2023-03-11,16500,1.0,2023,3,11,10,Saturday,5,True,2023-03,2023-03-06/2023-03-12,1,2023Q1,2023-03-11
2023-03-12,7900,0.0,2023,3,12,10,Sunday,6,True,2023-03,2023-03-06/2023-03-12,1,2023Q1,2023-03-12
2023-03-13,6800,0.0,2023,3,13,11,Monday,0,False,2023-03,2023-03-13/2023-03-19,1,2023Q1,2023-03-13
2023-03-14,8600,0.0,2023,3,14,11,Tuesday,1,False,2023-03,2023-03-13/2023-03-19,1,2023Q1,2023-03-14
2023-03-15,8700,0.0,2023,3,15,11,Wednesday,2,False,2023-03,2023-03-13/2023-03-19,1,2023Q1,2023-03-15
2023-03-16,5300,0.0,2023,3,16,11,Thursday,3,False,2023-03,2023-03-13/2023-03-19,1,2023Q1,2023-03-16
2023-03-17,13700,0.0,2023,3,17,11,Friday,4,False,2023-03,2023-03-13/2023-03-19,1,2023Q1,2023-03-17
2023-03-18,12000,0.0,2023,3,18,11,Saturday,5,True,2023-03,2023-03-13/2023-03-19,1,2023Q1,2023-03-18
2023-03-19,9700,0.0,2023,3,19,11,Sunday,6,True,2023-03,2023-03-13/2023-03-19,1,2023Q1,2023-03-19
2023-03-20,7200,0.0,2023,3,20,12,Monday,0,False,2023-03,2023-03-20/2023-03-26,1,2023Q1,2023-03-20
2023-03-21,7800,0.0,2023,3,21,12,Tuesday,1,False,2023-03,2023-03-20/2023-03-26,1,2023Q1,2023-03-21
2023-03-22,7000,0.0,2023,3,22,12,Wednesday,2,False,2023-03,2023-03-20/2023-03-26,1,2023Q1,2023-03-22
2023-03-23,7700,0.0,2023,3,23,12,Thursday,3,False,2023-03,2023-03-20/2023-03-26,1,2023Q1,2023-03-23
2023-03-24,9800,0.0,2023,3,24,12,Friday,4,False,2023-03,2023-03-20/2023-03-26,1,2023Q1,2023-03-24
2023-03-25,8600,0.0,2023,3,25,12,Saturday,5,True,2023-03,2023-03-20/2023-03-26,1,2023Q1,2023-03-25
2023-03-26,6500,0.0,2023,3,26,12,Sunday,6,True,2023-03,2023-03-20/2023-03-26,1,2023Q1,2023-03-26
2023-03-27,4300,0.0,2023,3,27,13,Monday,0,False,2023-03,2023-03-27/2023-04-02,1,2023Q1,2023-03-27
2023-03-28,6500,0.0,2023,3,28,13,Tuesday,1,False,2023-03,2023-03-27/2023-04-02,1,2023Q1,2023-03-28
2023-03-29,7600,0.0,2023,3,29,13,Wednesday,2,False,2023-03,2023-03-27/2023-04-02,1,2023Q1,2023-03-29
2023-03-30,9100,0.0,2023,3,30,13,Thursday,3,False,2023-03,2023-03-27/2023-04-02,1,2023Q1,2023-03-30
2023-03-31,8700,1.0,2023,3,31,13,Friday,4,False,2023-03,2023-03-27/2023-04-02,1,2023Q1,2023-03-31
2023-04-01,17100,0.0,2023,4,1,13,Saturday,5,True,2023-04,2023-03-27/2023-04-02,2,2023Q2,2023-04-01
2023-04-02,14100,0.0,2023,4,2,13,Sunday,6,True,2023-04,2023-03-27/2023-04-02,2,2023Q2,2023-04-02
2023-04-03,8300,0.0,2023,4,3,14,Monday,0,False,2023-04,2023-04-03/2023-04-09,2,2023Q2,2023-04-03
2023-04-04,3600,1.0,2023,4,4,14,Tuesday,1,False,2023-04,2023-04-03/2023-04-09,2,2023Q2,2023-04-04
2023-04-05,6100,0.0,2023,4,5,14,Wednesday,2,False,2023-04,2023-04-03/2023-04-09,2,2023Q2,2023-04-05
2023-04-06,16800,0.0,2023,4,6,14,Thursday,3,False,2023-04,2023-04-03/2023-04-09,2,2023Q2,2023-04-06
2023-04-07,15700,3.0,2023,4,7,14,Friday,4,False,2023-04,2023-04-03/2023-04-09,2,2023Q2,2023-04-07
2023-04-08,17100,0.0,2023,4,8,14,Saturday,5,True,2023-04,2023-04-03/2023-04-09,2,2023Q2,2023-04-08
2023-04-09,14100,1.0,2023,4,9,14,Sunday,6,True,2023-04,2023-04-03/2023-04-09,2,2023Q2,2023-04-09
2023-04-10,10400,0.0,2023,4,10,15,Monday,0,False,2023-04,2023-04-10/2023-04-16,2,2023Q2,2023-04-10
2023-04-11,13200,0.0,2023,4,11,15,Tuesday,1,False,2023-04,2023-04-10/2023-04-16,2,2023Q2,2023-04-11
2023-04-12,12800,0.0,2023,4,12,15,Wednesday,2,False,2023-04,2023-04-10/2023-04-16,2,2023Q2,2023-04-12
2023-04-13,12800,1.0,2023,4,13,15,Thursday,3,False,2023-04,2023-04-10/2023-04-16,2,2023Q2,2023-04-13
2023-04-14,6100,0.0,2023,4,14,15,Friday,4,False,2023-04,2023-04-10/2023-04-16,2,2023Q2,2023-04-14
2023-04-15,12300,0.0,2023,4,15,15,Saturday,5,True,2023-04,2023-04-10/2023-04-16,2,2023Q2,2023-04-15
2023-04-16,14000,0.0,2023,4,16,15,Sunday,6,True,2023-04,2023-04-10/2023-04-16,2,2023Q2,2023-04-16
2023-04-17,10700,0.0,2023,4,17,16,Monday,0,False,2023-04,2023-04-17/2023-04-23,2,2023Q2,2023-04-17
2023-04-18,12800,0.0,2023,4,18,16,Tuesday,1,False,2023-04,2023-04-17/2023-04-23,2,2023Q2,2023-04-18
2023-04-19,10000,1.0,2023,4,19,16,Wednesday,2,False,2023-04,2023-04-17/2023-04-23,2,2023Q2,2023-04-19
2023-04-20,12800,0.0,2023,4,20,16,Thursday,3,False,2023-04,2023-04-17/2023-04-23,2,2023Q2,2023-04-20
2023-04-21,9900,0.0,2023,4,21,16,Friday,4,False,2023-04,2023-04-17/2023-04-23,2,2023Q2,2023-04-21
2023-04-22,8500,0.0,2023,4,22,16,Saturday,5,True,2023-04,2023-04-17/2023-04-23,2,2023Q2,2023-04-22
2023-04-23,12100,0.0,2023,4,23,16,Sunday,6,True,2023-04,2023-04-17/2023-04-23,2,2023Q2,2023-04-23
2023-04-24,8600,1.0,2023,4,24,17,Monday,0,False,2023-04,2023-04-24/2023-04-30,2,2023Q2,2023-04-24
2023-04-25,6200,0.0,2023,4,25,17,Tuesday,1,False,2023-04,2023-04-24/2023-04-30,2,2023Q2,2023-04-25
2023-04-26,10300,1.0,2023,4,26,17,Wednesday,2,False,2023-04,2023-04-24/2023-04-30,2,2023Q2,2023-04-26
2023-04-27,8900,1.0,2023,4,27,17,Thursday,3,False,2023-04,2023-04-24/2023-04-30,2,2023Q2,2023-04-27
2023-04-28,14800,1.0,2023,4,28,17,Friday,4,False,2023-04,2023-04-24/2023-04-30,2,2023Q2,2023-04-28
2023-04-29,23400,1.0,2023,4,29,17,Saturday,5,True,2023-04,2023-04-24/2023-04-30,2,2023Q2,2023-04-29
2023-04-30,17900,0.0,2023,4,30,17,Sunday,6,True,2023-04,2023-04-24/2023-04-30,2,2023Q2,2023-04-30
2023-05-01,11700,0.0,2023,5,1,18,Monday,0,False,2023-05,2023-05-01/2023-05-07,2,2023Q2,2023-05-01
2023-05-02,10500,0.0,2023,5,2,18,Tuesday,1,False,2023-05,2023-05-01/2023-05-07,2,2023Q2,2023-05-02
2023-05-03,13300,0.0,2023,5,3,18,Wednesday,2,False,2023-05,2023-05-01/2023-05-07,2,2023Q2,2023-05-03
2023-05-04,12300,1.0,2023,5,4,18,Thursday,3,False,2023-05,2023-05-01/2023-05-07,2,2023Q2,2023-05-04
2023-05-05,20300,0.0,2023,5,5,18,Friday,4,False,2023-05,2023-05-01/2023-05-07,2,2023Q2,2023-05-05
2023-05-06,24400,0.0,2023,5,6,18,Saturday,5,True,2023-05,2023-05-01/2023-05-07,2,2023Q2,2023-05-06
2023-05-07,15000,1.0,2023,5,7,18,Sunday,6,True,2023-05,2023-05-01/2023-05-07,2,2023Q2,2023-05-07
2023-05-08,10500,1.0,2023,5,8,19,Monday,0,False,2023-05,2023-05-08/2023-05-14,2,2023Q2,2023-05-08
2023-05-09,13200,2.0,2023,5,9,19,Tuesday,1,False,2023-05,2023-05-08/2023-05-14,2,2023Q2,2023-05-09
2023-05-10,7300,0.0,2023,5,10,19,Wednesday,2,False,2023-05,2023-05-08/2023-05-14,2,2023Q2,2023-05-10
2023-05-11,3700,0.0,2023,5,11,19,Thursday,3,False,2023-05,2023-05-08/2023-05-14,2,2023Q2,2023-05-11
2023-05-12,13900,0.0,2023,5,12,19,Friday,4,False,2023-05,2023-05-08/2023-05-14,2,2023Q2,2023-05-12
2023-05-13,19400,0.0,2023,5,13,19,Saturday,5,True,2023-05,2023-05-08/2023-05-14,2,2023Q2,2023-05-13
2023-05-14,12100,0.0,2023,5,14,19,Sunday,6,True,2023-05,2023-05-08/2023-05-14,2,2023Q2,2023-05-14
2023-05-15,10200,1.0,2023,5,15,20,Monday,0,False,2023-05,2023-05-15/2023-05-21,2,2023Q2,2023-05-15
2023-05-16,13800,0.0,2023,5,16,20,Tuesday,1,False,2023-05,2023-05-15/2023-05-21,2,2023Q2,2023-05-16
2023-05-17,12900,0.0,2023,5,17,20,Wednesday,2,False,2023-05,2023-05-15/2023-05-21,2,2023Q2,2023-05-17
2023-05-18,11500,0.0,2023,5,18,20,Thursday,3,False,2023-05,2023-05-15/2023-05-21,2,2023Q2,2023-05-18
2023-05-19,11300,0.0,2023,5,19,20,Friday,4,False,2023-05,2023-05-15/2023-05-21,2,2023Q2,2023-05-19
2023-05-20,20000,0.0,2023,5,20,20,Saturday,5,True,2023-05,2023-05-15/2023-05-21,2,2023Q2,2023-05-20
2023-05-21,18400,0.0,2023,5,21,20,Sunday,6,True,2023-05,2023-05-15/2023-05-21,2,2023Q2,2023-05-21
2023-05-22,12300,0.0,2023,5,22,21,Monday,0,False,2023-05,2023-05-22/2023-05-28,2,2023Q2,2023-05-22
2023-05-23,12300,0.0,2023,5,23,21,Tuesday,1,False,2023-05,2023-05-22/2023-05-28,2,2023Q2,2023-05-23
2023-05-24,11900,0.0,2023,5,24,21,Wednesday,2,False,2023-05,2023-05-22/2023-05-28,2,2023Q2,2023-05-24
2023-05-25,12000,0.0,2023,5,25,21,Thursday,3,False,2023-05,2023-05-22/2023-05-28,2,2023Q2,2023-05-25
2023-05-26,14100,0.0,2023,5,26,21,Friday,4,False,2023-05,2023-05-22/2023-05-28,2,2023Q2,2023-05-26
2023-05-27,18300,0.0,2023,5,27,21,Saturday,5,True,2023-05,2023-05-22/2023-05-28,2,2023Q2,2023-05-27
2023-05-28,20500,0.0,2023,5,28,21,Sunday,6,True,2023-05,2023-05-22/2023-05-28,2,2023Q2,2023-05-28
2023-05-29,14600,0.0,2023,5,29,22,Monday,0,False,2023-05,2023-05-29/2023-06-04,2,2023Q2,2023-05-29
2023-05-30,11300,0.0,2023,5,30,22,Tuesday,1,False,2023-05,2023-05-29/2023-06-04,2,2023Q2,2023-05-30
2023-05-31,11600,1.0,2023,5,31,22,Wednesday,2,False,2023-05,2023-05-29/2023-06-04,2,2023Q2,2023-05-31
2023-06-01,16800,1.0,2023,6,1,22,Thursday,3,False,2023-06,2023-05-29/2023-06-04,2,2023Q2,2023-06-01
2023-06-02,16700,0.0,2023,6,2,22,Friday,4,False,2023-06,2023-05-29/2023-06-04,2,2023Q2,2023-06-02
2023-06-03,14300,0.0,2023,6,3,22,Saturday,5,True,2023-06,2023-05-29/2023-06-04,2,2023Q2,2023-06-03
2023-06-04,13000,0.0,2023,6,4,22,Sunday,6,True,2023-06,2023-05-29/2023-06-04,2,2023Q2,2023-06-04
2023-06-05,9300,1.0,2023,6,5,23,Monday,0,False,2023-06,2023-06-05/2023-06-11,2,2023Q2,2023-06-05
2023-06-06,13400,0.0,2023,6,6,23,Tuesday,1,False,2023-06,2023-06-05/2023-06-11,2,2023Q2,2023-06-06
2023-06-07,15800,2.0,2023,6,7,23,Wednesday,2,False,2023-06,2023-06-05/2023-06-11,2,2023Q2,2023-06-07
2023-06-08,14000,0.0,2023,6,8,23,Thursday,3,False,2023-06,2023-06-05/2023-06-11,2,2023Q2,2023-06-08
2023-06-09,21500,0.0,2023,6,9,23,Friday,4,False,2023-06,2023-06-05/2023-06-11,2,2023Q2,2023-06-09
2023-06-10,23200,0.0,2023,6,10,23,Saturday,5,True,2023-06,2023-06-05/2023-06-11,2,2023Q2,2023-06-10
2023-06-11,12100,0.0,2023,6,11,23,Sunday,6,True,2023-06,2023-06-05/2023-06-11,2,2023Q2,2023-06-11
2023-06-12,22600,1.0,2023,6,12,24,Monday,0,False,2023-06,2023-06-12/2023-06-18,2,2023Q2,2023-06-12
2023-06-13,12600,0.0,2023,6,13,24,Tuesday,1,False,2023-06,2023-06-12/2023-06-18,2,2023Q2,2023-06-13
2023-06-14,12500,0.0,2023,6,14,24,Wednesday,2,False,2023-06,2023-06-12/2023-06-18,2,2023Q2,2023-06-14
2023-06-15,31800,3.0,2023,6,15,24,Thursday,3,False,2023-06,2023-06-12/2023-06-18,2,2023Q2,2023-06-15
2023-06-16,9100,0.0,2023,6,16,24,Friday,4,False,2023-06,2023-06-12/2023-06-18,2,2023Q2,2023-06-16
2023-06-17,21100,0.0,2023,6,17,24,Saturday,5,True,2023-06,2023-06-12/2023-06-18,2,2023Q2,2023-06-17
2023-06-18,18800,0.0,2023,6,18,24,Sunday,6,True,2023-06,2023-06-12/2023-06-18,2,2023Q2,2023-06-18
2023-06-19,13400,1.0,2023,6,19,25,Monday,0,False,2023-06,2023-06-19/2023-06-25,2,2023Q2,2023-06-19
2023-06-20,14200,0.0,2023,6,20,25,Tuesday,1,False,2023-06,2023-06-19/2023-06-25,2,2023Q2,2023-06-20
2023-06-21,12700,1.0,2023,6,21,25,Wednesday,2,False,2023-06,2023-06-19/2023-06-25,2,2023Q2,2023-06-21
2023-06-22,12500,0.0,2023,6,22,25,Thursday,3,False,2023-06,2023-06-19/2023-06-25,2,2023Q2,2023-06-22
2023-06-23,22500,2.0,2023,6,23,25,Friday,4,False,2023-06,2023-06-19/2023-06-25,2,2023Q2,2023-06-23
2023-06-24,30800,1.0,2023,6,24,25,Saturday,5,True,2023-06,2023-06-19/2023-06-25,2,2023Q2,2023-06-24
2023-06-25,25900,1.0,2023,6,25,25,Sunday,6,True,2023-06,2023-06-19/2023-06-25,2,2023Q2,2023-06-25
2023-06-26,12800,0.0,2023,6,26,26,Monday,0,False,2023-06,2023-06-26/2023-07-02,2,2023Q2,2023-06-26
2023-06-27,15600,1.0,2023,6,27,26,Tuesday,1,False,2023-06,2023-06-26/2023-07-02,2,2023Q2,2023-06-27
2023-06-28,16200,0.0,2023,6,28,26,Wednesday,2,False,2023-06,2023-06-26/2023-07-02,2,2023Q2,2023-06-28
2023-06-29,14400,1.0,2023,6,29,26,Thursday,3,False,2023-06,2023-06-26/2023-07-02,2,2023Q2,2023-06-29
2023-06-30,18200,1.0,2023,6,30,26,Friday,4,False,2023-06,2023-06-26/2023-07-02,2,2023Q2,2023-06-30
2023-07-01,24000,0.0,2023,7,1,26,Saturday,5,True,2023-07,2023-06-26/2023-07-02,3,2023Q3,2023-07-01
2023-07-02,20300,0.0,2023,7,2,26,Sunday,6,True,2023-07,2023-06-26/2023-07-02,3,2023Q3,2023-07-02
2023-07-03,18900,1.0,2023,7,3,27,Monday,0,False,2023-07,2023-07-03/2023-07-09,3,2023Q3,2023-07-03
2023-07-04,15500,0.0,2023,7,4,27,Tuesday,1,False,2023-07,2023-07-03/2023-07-09,3,2023Q3,2023-07-04
2023-07-05,11100,0.0,2023,7,5,27,Wednesday,2,False,2023-07,2023-07-03/2023-07-09,3,2023Q3,2023-07-05
2023-07-06,14700,1.0,2023,7,6,27,Thursday,3,False,2023-07,2023-07-03/2023-07-09,3,2023Q3,2023-07-06
2023-07-07,16100,1.0,2023,7,7,27,Friday,4,False,2023-07,2023-07-03/2023-07-09,3,2023Q3,2023-07-07
2023-07-08,21000,1.0,2023,7,8,27,Saturday,5,True,2023-07,2023-07-03/2023-07-09,3,2023Q3,2023-07-08
2023-07-09,17700,0.0,2023,7,9,27,Sunday,6,True,2023-07,2023-07-03/2023-07-09,3,2023Q3,2023-07-09
2023-07-10,13400,0.0,2023,7,10,28,Monday,0,False,2023-07,2023-07-10/2023-07-16,3,2023Q3,2023-07-10
2023-07-11,15000,1.0,2023,7,11,28,Tuesday,1,False,2023-07,2023-07-10/2023-07-16,3,2023Q3,2023-07-11
2023-07-12,15700,0.0,2023,7,12,28,Wednesday,2,False,2023-07,2023-07-10/2023-07-16,3,2023Q3,2023-07-12
2023-07-13,18200,0.0,2023,7,13,28,Thursday,3,False,2023-07,2023-07-10/2023-07-16,3,2023Q3,2023-07-13
2023-07-14,27500,1.0,2023,7,14,28,Friday,4,False,2023-07,2023-07-10/2023-07-16,3,2023Q3,2023-07-14
2023-07-15,31800,0.0,2023,7,15,28,Saturday,5,True,2023-07,2023-07-10/2023-07-16,3,2023Q3,2023-07-15
2023-07-16,21100,1.0,2023,7,16,28,Sunday,6,True,2023-07,2023-07-10/2023-07-16,3,2023Q3,2023-07-16
2023-07-17,14600,1.0,2023,7,17,29,Monday,0,False,2023-07,2023-07-17/2023-07-23,3,2023Q3,2023-07-17
2023-07-18,16200,1.0,2023,7,18,29,Tuesday,1,False,2023-07,2023-07-17/2023-07-23,3,2023Q3,2023-07-18
2023-07-19,16900,0.0,2023,7,19,29,Wednesday,2,False,2023-07,2023-07-17/2023-07-23,3,2023Q3,2023-07-19
2023-07-20,14900,1.0,2023,7,20,29,Thursday,3,False,2023-07,2023-07-17/2023-07-23,3,2023Q3,2023-07-20
2023-07-21,19600,0.0,2023,7,21,29,Friday,4,False,2023-07,2023-07-17/2023-07-23,3,2023Q3,2023-07-21
2023-07-22,24600,1.0,2023,7,22,29,Saturday,5,True,2023-07,2023-07-17/2023-07-23,3,2023Q3,2023-07-22
2023-07-23,18400,2.0,2023,7,23,29,Sunday,6,True,2023-07,2023-07-17/2023-07-23,3,2023Q3,2023-07-23
2023-07-24,13000,0.0,2023,7,24,30,Monday,0,False,2023-07,2023-07-24/2023-07-30,3,2023Q3,2023-07-24
2023-07-25,14300,0.0,2023,7,25,30,Tuesday,1,False,2023-07,2023-07-24/2023-07-30,3,2023Q3,2023-07-25
2023-07-26,14600,2.0,2023,7,26,30,Wednesday,2,False,2023-07,2023-07-24/2023-07-30,3,2023Q3,2023-07-26
2023-07-27,16300,0.0,2023,7,27,30,Thursday,3,False,2023-07,2023-07-24/2023-07-30,3,2023Q3,2023-07-27
2023-07-28,22200,0.0,2023,7,28,30,Friday,4,False,2023-07,2023-07-24/2023-07-30,3,2023Q3,2023-07-28
2023-07-29,26000,1.0,2023,7,29,30,Saturday,5,True,2023-07,2023-07-24/2023-07-30,3,2023Q3,2023-07-29
2023-07-30,19400,0.0,2023,7,30,30,Sunday,6,True,2023-07,2023-07-24/2023-07-30,3,2023Q3,2023-07-30
2023-07-31,13000,0.0,2023,7,31,31,Monday,0,False,2023-07,2023-07-31/2023-08-06,3,2023Q3,2023-07-31
2023-08-01,14200,3.0,2023,8,1,31,Tuesday,1,False,2023-08,2023-07-31/2023-08-06,3,2023Q3,2023-08-01
2023-08-02,15800,0.0,2023,8,2,31,Wednesday,2,False,2023-08,2023-07-31/2023-08-06,3,2023Q3,2023-08-02
2023-08-03,16200,1.0,2023,8,3,31,Thursday,3,False,2023-08,2023-07-31/2023-08-06,3,2023Q3,2023-08-03
2023-08-04,21100,0.0,2023,8,4,31,Friday,4,False,2023-08,2023-07-31/2023-08-06,3,2023Q3,2023-08-04
2023-08-05,21300,1.0,2023,8,5,31,Saturday,5,True,2023-08,2023-07-31/2023-08-06,3,2023Q3,2023-08-05
2023-08-06,15200,0.0,2023,8,6,31,Sunday,6,True,2023-08,2023-07-31/2023-08-06,3,2023Q3,2023-08-06
2023-08-07,13000,0.0,2023,8,7,32,Monday,0,False,2023-08,2023-08-07/2023-08-13,3,2023Q3,2023-08-07
2023-08-08,14400,0.0,2023,8,8,32,Tuesday,1,False,2023-08,2023-08-07/2023-08-13,3,2023Q3,2023-08-08
2023-08-09,15300,0.0,2023,8,9,32,Wednesday,2,False,2023-08,2023-08-07/2023-08-13,3,2023Q3,2023-08-09
2023-08-10,16300,0.0,2023,8,10,32,Thursday,3,False,2023-08,2023-08-07/2023-08-13,3,2023Q3,2023-08-10
2023-08-11,19000,1.0,2023,8,11,32,Friday,4,False,2023-08,2023-08-07/2023-08-13,3,2023Q3,2023-08-11
2023-08-12,23600,1.0,2023,8,12,32,Saturday,5,True,2023-08,2023-08-07/2023-08-13,3,2023Q3,2023-08-12
2023-08-13,16000,0.0,2023,8,13,32,Sunday,6,True,2023-08,2023-08-07/2023-08-13,3,2023Q3,2023-08-13
2023-08-14,14700,2.0,2023,8,14,33,Monday,0,False,2023-08,2023-08-14/2023-08-20,3,2023Q3,2023-08-14
2023-08-15,15800,1.0,2023,8,15,33,Tuesday,1,False,2023-08,2023-08-14/2023-08-20,3,2023Q3,2023-08-15
2023-08-16,16100,0.0,2023,8,16,33,Wednesday,2,False,2023-08,2023-08-14/2023-08-20,3,2023Q3,2023-08-16
2023-08-17,17700,1.0,2023,8,17,33,Thursday,3,False,2023-08,2023-08-14/2023-08-20,3,2023Q3,2023-08-17
2023-08-18,23600,0.0,2023,8,18,33,Friday,4,False,2023-08,2023-08-14/2023-08-20,3,2023Q3,2023-08-18
2023-08-19,25700,0.0,2023,8,19,33,Saturday,5,True,2023-08,2023-08-14/2023-08-20,3,2023Q3,2023-08-19
2023-08-20,20000,0.0,2023,8,20,33,Sunday,6,True,2023-08,2023-08-14/2023-08-20,3,2023Q3,2023-08-20
2023-08-21,14100,1.0,2023,8,21,34,Monday,0,False,2023-08,2023-08-21/2023-08-27,3,2023Q3,2023-08-21
2023-08-22,15600,0.0,2023,8,22,34,Tuesday,1,False,2023-08,2023-08-21/2023-08-27,3,2023Q3,2023-08-22
2023-08-23,15500,0.0,2023,8,23,34,Wednesday,2,False,2023-08,2023-08-21/2023-08-27,3,2023Q3,2023-08-23
2023-08-24,16900,0.0,2023,8,24,34,Thursday,3,False,2023-08,2023-08-21/2023-08-27,3,2023Q3,2023-08-24
2023-08-25,12300,1.0,2023,8,25,34,Friday,4,False,2023-08,2023-08-21/2023-08-27,3,2023Q3,2023-08-25
2023-08-26,25700,0.0,2023,8,26,34,Saturday,5,True,2023-08,2023-08-21/2023-08-27,3,2023Q3,2023-08-26
2023-08-27,16600,1.0,2023,8,27,34,Sunday,6,True,2023-08,2023-08-21/2023-08-27,3,2023Q3,2023-08-27
2023-08-28,14400,0.0,2023,8,28,35,Monday,0,False,2023-08,2023-08-28/2023-09-03,3,2023Q3,2023-08-28
2023-08-29,16400,1.0,2023,8,29,35,Tuesday,1,False,2023-08,2023-08-28/2023-09-03,3,2023Q3,2023-08-29
2023-08-30,17800,1.0,2023,8,30,35,Wednesday,2,False,2023-08,2023-08-28/2023-09-03,3,2023Q3,2023-08-30
2023-08-31,17600,2.0,2023,8,31,35,Thursday,3,False,2023-08,2023-08-28/2023-09-03,3,2023Q3,2023-08-31
2023-09-01,21500,3.0,2023,9,1,35,Friday,4,False,2023-09,2023-08-28/2023-09-03,3,2023Q3,2023-09-01
2023-09-02,24100,0.0,2023,9,2,35,Saturday,5,True,2023-09,2023-08-28/2023-09-03,3,2023Q3,2023-09-02
2023-09-03,19300,3.0,2023,9,3,35,Sunday,6,True,2023-09,2023-08-28/2023-09-03,3,2023Q3,2023-09-03
2023-09-04,14900,0.0,2023,9,4,36,Monday,0,False,2023-09,2023-09-04/2023-09-10,3,2023Q3,2023-09-04
2023-09-05,14500,1.0,2023,9,5,36,Tuesday,1,False,2023-09,2023-09-04/2023-09-10,3,2023Q3,2023-09-05
2023-09-06,15900,1.0,2023,9,6,36,Wednesday,2,False,2023-09,2023-09-04/2023-09-10,3,2023Q3,2023-09-06
2023-09-07,18400,1.0,2023,9,7,36,Thursday,3,False,2023-09,2023-09-04/2023-09-10,3,2023Q3,2023-09-07
2023-09-08,22800,0.0,2023,9,8,36,Friday,4,False,2023-09,2023-09-04/2023-09-10,3,2023Q3,2023-09-08
2023-09-09,26600,1.0,2023,9,9,36,Saturday,5,True,2023-09,2023-09-04/2023-09-10,3,2023Q3,2023-09-09
2023-09-10,18800,0.0,2023,9,10,36,Sunday,6,True,2023-09,2023-09-04/2023-09-10,3,2023Q3,2023-09-10
2023-09-11,14800,0.0,2023,9,11,37,Monday,0,False,2023-09,2023-09-11/2023-09-17,3,2023Q3,2023-09-11
2023-09-12,17000,2.0,2023,9,12,37,Tuesday,1,False,2023-09,2023-09-11/2023-09-17,3,2023Q3,2023-09-12
2023-09-13,17300,1.0,2023,9,13,37,Wednesday,2,False,2023-09,2023-09-11/2023-09-17,3,2023Q3,2023-09-13
2023-09-14,13900,0.0,2023,9,14,37,Thursday,3,False,2023-09,2023-09-11/2023-09-17,3,2023Q3,2023-09-14
2023-09-15,18600,0.0,2023,9,15,37,Friday,4,False,2023-09,2023-09-11/2023-09-17,3,2023Q3,2023-09-15
2023-09-16,24300,1.0,2023,9,16,37,Saturday,5,True,2023-09,2023-09-11/2023-09-17,3,2023Q3,2023-09-16
2023-09-17,21800,0.0,2023,9,17,37,Sunday,6,True,2023-09,2023-09-11/2023-09-17,3,2023Q3,2023-09-17
2023-09-18,15000,0.0,2023,9,18,38,Monday,0,False,2023-09,2023-09-18/2023-09-24,3,2023Q3,2023-09-18
2023-09-19,15200,1.0,2023,9,19,38,Tuesday,1,False,2023-09,2023-09-18/2023-09-24,3,2023Q3,2023-09-19
2023-09-20,17100,0.0,2023,9,20,38,Wednesday,2,False,2023-09,2023-09-18/2023-09-24,3,2023Q3,2023-09-20
2023-09-21,18900,0.0,2023,9,21,38,Thursday,3,False,2023-09,2023-09-18/2023-09-24,3,2023Q3,2023-09-21
2023-09-22,22100,1.0,2023,9,22,38,Friday,4,False,2023-09,2023-09-18/2023-09-24,3,2023Q3,2023-09-22
2023-09-23,26300,0.0,2023,9,23,38,Saturday,5,True,2023-09,2023-09-18/2023-09-24,3,2023Q3,2023-09-23
2023-09-24,17600,1.0,2023,9,24,38,Sunday,6,True,2023-09,2023-09-18/2023-09-24,3,2023Q3,2023-09-24
2023-09-25,15400,1.0,2023,9,25,39,Monday,0,False,2023-09,2023-09-25/2023-10-01,3,2023Q3,2023-09-25
2023-09-26,18000,1.0,2023,9,26,39,Tuesday,1,False,2023-09,2023-09-25/2023-10-01,3,2023Q3,2023-09-26
2023-09-27,18700,0.0,2023,9,27,39,Wednesday,2,False,2023-09,2023-09-25/2023-10-01,3,2023Q3,2023-09-27
2023-09-28,21000,0.0,2023,9,28,39,Thursday,3,False,2023-09,2023-09-25/2023-10-01,3,2023Q3,2023-09-28
2023-09-29,24500,0.0,2023,9,29,39,Friday,4,False,2023-09,2023-09-25/2023-10-01,3,2023Q3,2023-09-29
2023-09-30,26300,2.0,2023,9,30,39,Saturday,5,True,2023-09,2023-09-25/2023-10-01,3,2023Q3,2023-09-30
2023-10-01,19600,0.0,2023,10,1,39,Sunday,6,True,2023-10,2023-09-25/2023-10-01,4,2023Q4,2023-10-01
2023-10-02,14000,0.0,2023,10,2,40,Monday,0,False,2023-10,2023-10-02/2023-10-08,4,2023Q4,2023-10-02
2023-10-03,15900,1.0,2023,10,3,40,Tuesday,1,False,2023-10,2023-10-02/2023-10-08,4,2023Q4,2023-10-03
2023-10-04,16200,1.0,2023,10,4,40,Wednesday,2,False,2023-10,2023-10-02/2023-10-08,4,2023Q4,2023-10-04
2023-10-05,17200,0.0,2023,10,5,40,Thursday,3,False,2023-10,2023-10-02/2023-10-08,4,2023Q4,2023-10-05
2023-10-06,16700,0.0,2023,10,6,40,Friday,4,False,2023-10,2023-10-02/2023-10-08,4,2023Q4,2023-10-06
2023-10-07,20700,0.0,2023,10,7,40,Saturday,5,True,2023-10,2023-10-02/2023-10-08,4,2023Q4,2023-10-07
2023-10-08,22100,1.0,2023,10,8,40,Sunday,6,True,2023-10,2023-10-02/2023-10-08,4,2023Q4,2023-10-08
2023-10-09,14700,1.0,2023,10,9,41,Monday,0,False,2023-10,2023-10-09/2023-10-15,4,2023Q4,2023-10-09
2023-10-10,15600,1.0,2023,10,10,41,Tuesday,1,False,2023-10,2023-10-09/2023-10-15,4,2023Q4,2023-10-10
2023-10-11,14300,0.0,2023,10,11,41,Wednesday,2,False,2023-10,2023-10-09/2023-10-15,4,2023Q4,2023-10-11
2023-10-12,13200,0.0,2023,10,12,41,Thursday,3,False,2023-10,2023-10-09/2023-10-15,4,2023Q4,2023-10-12
2023-10-13,15200,0.0,2023,10,13,41,Friday,4,False,2023-10,2023-10-09/2023-10-15,4,2023Q4,2023-10-13
2023-10-14,17200,2.0,2023,10,14,41,Saturday,5,True,2023-10,2023-10-09/2023-10-15,4,2023Q4,2023-10-14
2023-10-15,15400,0.0,2023,10,15,41,Sunday,6,True,2023-10,2023-10-09/2023-10-15,4,2023Q4,2023-10-15
2023-10-16,14100,1.0,2023,10,16,42,Monday,0,False,2023-10,2023-10-16/2023-10-22,4,2023Q4,2023-10-16
2023-10-17,16200,0.0,2023,10,17,42,Tuesday,1,False,2023-10,2023-10-16/2023-10-22,4,2023Q4,2023-10-17
2023-10-18,16500,2.0,2023,10,18,42,Wednesday,2,False,2023-10,2023-10-16/2023-10-22,4,2023Q4,2023-10-18
2023-10-19,18300,0.0,2023,10,19,42,Thursday,3,False,2023-10,2023-10-16/2023-10-22,4,2023Q4,2023-10-19
2023-10-20,20400,0.0,2023,10,20,42,Friday,4,False,2023-10,2023-10-16/2023-10-22,4,2023Q4,2023-10-20
2023-10-21,25000,0.0,2023,10,21,42,Saturday,5,True,2023-10,2023-10-16/2023-10-22,4,2023Q4,2023-10-21
2023-10-22,23200,0.0,2023,10,22,42,Sunday,6,True,2023-10,2023-10-16/2023-10-22,4,2023Q4,2023-10-22
2023-10-23,15000,0.0,2023,10,23,43,Monday,0,False,2023-10,2023-10-23/2023-10-29,4,2023Q4,2023-10-23
2023-10-24,15800,0.0,2023,10,24,43,Tuesday,1,False,2023-10,2023-10-23/2023-10-29,4,2023Q4,2023-10-24
2023-10-25,12100,0.0,2023,10,25,43,Wednesday,2,False,2023-10,2023-10-23/2023-10-29,4,2023Q4,2023-10-25
2023-10-26,12400,0.0,2023,10,26,43,Thursday,3,False,2023-10,2023-10-23/2023-10-29,4,2023Q4,2023-10-26
2023-10-27,13000,2.0,2023,10,27,43,Friday,4,False,2023-10,2023-10-23/2023-10-29,4,2023Q4,2023-10-27
2023-10-28,5100,0.0,2023,10,28,43,Saturday,5,True,2023-10,2023-10-23/2023-10-29,4,2023Q4,2023-10-28
2023-10-29,1500,0.0,2023,10,29,43,Sunday,6,True,2023-10,2023-10-23/2023-10-29,4,2023Q4,2023-10-29
2023-10-30,6400,0.0,2023,10,30,44,Monday,0,False,2023-10,2023-10-30/2023-11-05,4,2023Q4,2023-10-30
2023-10-31,10000,0.0,2023,10,31,44,Tuesday,1,False,2023-10,2023-10-30/2023-11-05,4,2023Q4,2023-10-31
2023-11-01,12200,0.0,2023,11,1,44,Wednesday,2,False,2023-11,2023-10-30/2023-11-05,4,2023Q4,2023-11-01
2023-11-02,13800,1.0,2023,11,2,44,Thursday,3,False,2023-11,2023-10-30/2023-11-05,4,2023Q4,2023-11-02
2023-11-03,15800,1.0,2023,11,3,44,Friday,4,False,2023-11,2023-10-30/2023-11-05,4,2023Q4,2023-11-03
2023-11-04,20700,0.0,2023,11,4,44,Saturday,5,True,2023-11,2023-10-30/2023-11-05,4,2023Q4,2023-11-04
2023-11-05,15200,0.0,2023,11,5,44,Sunday,6,True,2023-11,2023-10-30/2023-11-05,4,2023Q4,2023-11-05
2023-11-06,13800,1.0,2023,11,6,45,Monday,0,False,2023-11,2023-11-06/2023-11-12,4,2023Q4,2023-11-06
2023-11-07,14600,2.0,2023,11,7,45,Tuesday,1,False,2023-11,2023-11-06/2023-11-12,4,2023Q4,2023-11-07
2023-11-08,10200,0.0,2023,11,8,45,Wednesday,2,False,2023-11,2023-11-06/2023-11-12,4,2023Q4,2023-11-08
2023-11-09,13000,0.0,2023,11,9,45,Thursday,3,False,2023-11,2023-11-06/2023-11-12,4,2023Q4,2023-11-09
2023-11-10,14000,1.0,2023,11,10,45,Friday,4,False,2023-11,2023-11-06/2023-11-12,4,2023Q4,2023-11-10
2023-11-11,16200,0.0,2023,11,11,45,Saturday,5,True,2023-11,2023-11-06/2023-11-12,4,2023Q4,2023-11-11
2023-11-12,12000,0.0,2023,11,12,45,Sunday,6,True,2023-11,2023-11-06/2023-11-12,4,2023Q4,2023-11-12
2023-11-13,11600,1.0,2023,11,13,46,Monday,0,False,2023-11,2023-11-13/2023-11-19,4,2023Q4,2023-11-13
2023-11-14,14000,1.0,2023,11,14,46,Tuesday,1,False,2023-11,2023-11-13/2023-11-19,4,2023Q4,2023-11-14
2023-11-15,14000,1.0,2023,11,15,46,Wednesday,2,False,2023-11,2023-11-13/2023-11-19,4,2023Q4,2023-11-15
2023-11-16,14300,0.0,2023,11,16,46,Thursday,3,False,2023-11,2023-11-13/2023-11-19,4,2023Q4,2023-11-16
2023-11-17,15400,0.0,2023,11,17,46,Friday,4,False,2023-11,2023-11-13/2023-11-19,4,2023Q4,2023-11-17
2023-11-18,16000,0.0,2023,11,18,46,Saturday,5,True,2023-11,2023-11-13/2023-11-19,4,2023Q4,2023-11-18
2023-11-19,16700,0.0,2023,11,19,46,Sunday,6,True,2023-11,2023-11-13/2023-11-19,4,2023Q4,2023-11-19
2023-11-20,9000,0.0,2023,11,20,47,Monday,0,False,2023-11,2023-11-20/2023-11-26,4,2023Q4,2023-11-20
2023-11-21,10600,0.0,2023,11,21,47,Tuesday,1,False,2023-11,2023-11-20/2023-11-26,4,2023Q4,2023-11-21
2023-11-22,12800,0.0,2023,11,22,47,Wednesday,2,False,2023-11,2023-11-20/2023-11-26,4,2023Q4,2023-11-22
2023-11-23,6000,0.0,2023,11,23,47,Thursday,3,False,2023-11,2023-11-20/2023-11-26,4,2023Q4,2023-11-23
2023-11-24,1300,0.0,2023,11,24,47,Friday,4,False,2023-11,2023-11-20/2023-11-26,4,2023Q4,2023-11-24
2023-11-25,900,0.0,2023,11,25,47,Saturday,5,True,2023-11,2023-11-20/2023-11-26,4,2023Q4,2023-11-25
2023-11-26,7900,0.0,2023,11,26,47,Sunday,6,True,2023-11,2023-11-20/2023-11-26,4,2023Q4,2023-11-26
2023-11-27,7800,0.0,2023,11,27,48,Monday,0,False,2023-11,2023-11-27/2023-12-03,4,2023Q4,2023-11-27
2023-11-28,9500,0.0,2023,11,28,48,Tuesday,1,False,2023-11,2023-11-27/2023-12-03,4,2023Q4,2023-11-28
2023-11-29,11100,0.0,2023,11,29,48,Wednesday,2,False,2023-11,2023-11-27/2023-12-03,4,2023Q4,2023-11-29
2023-11-30,9700,1.0,2023,11,30,48,Thursday,3,False,2023-11,2023-11-27/2023-12-03,4,2023Q4,2023-11-30
2023-12-01,10300,0.0,2023,12,1,48,Friday,4,False,2023-12,2023-11-27/2023-12-03,4,2023Q4,2023-12-01
2023-12-02,13000,4.0,2023,12,2,48,Saturday,5,True,2023-12,2023-11-27/2023-12-03,4,2023Q4,2023-12-02
2023-12-03,7100,0.0,2023,12,3,48,Sunday,6,True,2023-12,2023-11-27/2023-12-03,4,2023Q4,2023-12-03
2023-12-04,9700,1.0,2023,12,4,49,Monday,0,False,2023-12,2023-12-04/2023-12-10,4,2023Q4,2023-12-04
2023-12-05,12100,1.0,2023,12,5,49,Tuesday,1,False,2023-12,2023-12-04/2023-12-10,4,2023Q4,2023-12-05
2023-12-06,12100,1.0,2023,12,6,49,Wednesday,2,False,2023-12,2023-12-04/2023-12-10,4,2023Q4,2023-12-06
2023-12-07,13200,0.0,2023,12,7,49,Thursday,3,False,2023-12,2023-12-04/2023-12-10,4,2023Q4,2023-12-07
2023-12-08,9400,0.0,2023,12,8,49,Friday,4,False,2023-12,2023-12-04/2023-12-10,4,2023Q4,2023-12-08
2023-12-09,3000,0.0,2023,12,9,49,Saturday,5,True,2023-12,2023-12-04/2023-12-10,4,2023Q4,2023-12-09
2023-12-10,7000,0.0,2023,12,10,49,Sunday,6,True,2023-12,2023-12-04/2023-12-10,4,2023Q4,2023-12-10
2023-12-11,9700,1.0,2023,12,11,50,Monday,0,False,2023-12,2023-12-11/2023-12-17,4,2023Q4,2023-12-11
2023-12-12,8300,1.0,2023,12,12,50,Tuesday,1,False,2023-12,2023-12-11/2023-12-17,4,2023Q4,2023-12-12
2023-12-13,8100,0.0,2023,12,13,50,Wednesday,2,False,2023-12,2023-12-11/2023-12-17,4,2023Q4,2023-12-13
2023-12-14,8900,0.0,2023,12,14,50,Thursday,3,False,2023-12,2023-12-11/2023-12-17,4,2023Q4,2023-12-14
2023-12-15,11200,1.0,2023,12,15,50,Friday,4,False,2023-12,2023-12-11/2023-12-17,4,2023Q4,2023-12-15
2023-12-16,12500,0.0,2023,12,16,50,Saturday,5,True,2023-12,2023-12-11/2023-12-17,4,2023Q4,2023-12-16
2023-12-17,10500,0.0,2023,12,17,50,Sunday,6,True,2023-12,2023-12-11/2023-12-17,4,2023Q4,2023-12-17
2023-12-18,9500,0.0,2023,12,18,51,Monday,0,False,2023-12,2023-12-18/2023-12-24,4,2023Q4,2023-12-18
2023-12-19,10100,1.0,2023,12,19,51,Tuesday,1,False,2023-12,2023-12-18/2023-12-24,4,2023Q4,2023-12-19
2023-12-20,10200,0.0,2023,12,20,51,Wednesday,2,False,2023-12,2023-12-18/2023-12-24,4,2023Q4,2023-12-20
2023-12-21,11100,1.0,2023,12,21,51,Thursday,3,False,2023-12,2023-12-18/2023-12-24,4,2023Q4,2023-12-21
2023-12-22,10800,1.0,2023,12,22,51,Friday,4,False,2023-12,2023-12-18/2023-12-24,4,2023Q4,2023-12-22
2023-12-23,9300,0.0,2023,12,23,51,Saturday,5,True,2023-12,2023-12-18/2023-12-24,4,2023Q4,2023-12-23
2023-12-24,6100,0.0,2023,12,24,51,Sunday,6,True,2023-12,2023-12-18/2023-12-24,4,2023Q4,2023-12-24
2023-12-25,3700,0.0,2023,12,25,52,Monday,0,False,2023-12,2023-12-25/2023-12-31,4,2023Q4,2023-12-25
2023-12-26,2700,0.0,2023,12,26,52,Tuesday,1,False,2023-12,2023-12-25/2023-12-31,4,2023Q4,2023-12-26
2023-12-27,6200,0.0,2023,12,27,52,Wednesday,2,False,2023-12,2023-12-25/2023-12-31,4,2023Q4,2023-12-27
2023-12-28,7900,3.0,2023,12,28,52,Thursday,3,False,2023-12,2023-12-25/2023-12-31,4,2023Q4,2023-12-28
2023-12-29,9700,0.0,2023,12,29,52,Friday,4,False,2023-12,2023-12-25/2023-12-31,4,2023Q4,2023-12-29
2023-12-30,10700,0.0,2023,12,30,52,Saturday,5,True,2023-12,2023-12-25/2023-12-31,4,2023Q4,2023-12-30
2023-12-31,14200,0.0,2023,12,31,52,Sunday,6,True,2023-12,2023-12-25/2023-12-31,4,2023Q4,2023-12-31
2024-01-01,10400,0.0,2024,1,1,1,Monday,0,False,2024-01,2024-01-01/2024-01-07,1,2024Q1,2024-01-01
2024-01-02,8300,0.0,2024,1,2,1,Tuesday,1,False,2024-01,2024-01-01/2024-01-07,1,2024Q1,2024-01-02
2024-01-03,8100,0.0,2024,1,3,1,Wednesday,2,False,2024-01,2024-01-01/2024-01-07,1,2024Q1,2024-01-03
2024-01-04,8100,1.0,2024,1,4,1,Thursday,3,False,2024-01,2024-01-01/2024-01-07,1,2024Q1,2024-01-04
2024-01-05,8900,0.0,2024,1,5,1,Friday,4,False,2024-01,2024-01-01/2024-01-07,1,2024Q1,2024-01-05
2024-01-06,8500,0.0,2024,1,6,1,Saturday,5,True,2024-01,2024-01-01/2024-01-07,1,2024Q1,2024-01-06
2024-01-07,6600,0.0,2024,1,7,1,Sunday,6,True,2024-01,2024-01-01/2024-01-07,1,2024Q1,2024-01-07
2024-01-08,4000,1.0,2024,1,8,2,Monday,0,False,2024-01,2024-01-08/2024-01-14,1,2024Q1,2024-01-08
2024-01-09,6800,0.0,2024,1,9,2,Tuesday,1,False,2024-01,2024-01-08/2024-01-14,1,2024Q1,2024-01-09
2024-01-10,7300,0.0,2024,1,10,2,Wednesday,2,False,2024-01,2024-01-08/2024-01-14,1,2024Q1,2024-01-10
2024-01-11,6300,0.0,2024,1,11,2,Thursday,3,False,2024-01,2024-01-08/2024-01-14,1,2024Q1,2024-01-11
2024-01-12,7000,0.0,2024,1,12,2,Friday,4,False,2024-01,2024-01-08/2024-01-14,1,2024Q1,2024-01-12
2024-01-13,200,0.0,2024,1,13,2,Saturday,5,True,2024-01,2024-01-08/2024-01-14,1,2024Q1,2024-01-13
2024-01-14,0,0.0,2024,1,14,2,Sunday,6,True,2024-01,2024-01-08/2024-01-14,1,2024Q1,2024-01-14
2024-01-15,0,0.0,2024,1,15,3,Monday,0,False,2024-01,2024-01-15/2024-01-21,1,2024Q1,2024-01-15
2024-01-16,0,0.0,2024,1,16,3,Tuesday,1,False,2024-01,2024-01-15/2024-01-21,1,2024Q1,2024-01-16
2024-01-17,4900,0.0,2024,1,17,3,Wednesday,2,False,2024-01,2024-01-15/2024-01-21,1,2024Q1,2024-01-17
2024-01-18,6100,0.0,2024,1,18,3,Thursday,3,False,2024-01,2024-01-15/2024-01-21,1,2024Q1,2024-01-18
2024-01-19,6800,0.0,2024,1,19,3,Friday,4,False,2024-01,2024-01-15/2024-01-21,1,2024Q1,2024-01-19
2024-01-20,7300,0.0,2024,1,20,3,Saturday,5,True,2024-01,2024-01-15/2024-01-21,1,2024Q1,2024-01-20
2024-01-21,7000,0.0,2024,1,21,3,Sunday,6,True,2024-01,2024-01-15/2024-01-21,1,2024Q1,2024-01-21
2024-01-22,7900,0.0,2024,1,22,4,Monday,0,False,2024-01,2024-01-22/2024-01-28,1,2024Q1,2024-01-22
2024-01-23,8900,1.0,2024,1,23,4,Tuesday,1,False,2024-01,2024-01-22/2024-01-28,1,2024Q1,2024-01-23
2024-01-24,9600,1.0,2024,1,24,4,Wednesday,2,False,2024-01,2024-01-22/2024-01-28,1,2024Q1,2024-01-24
2024-01-25,9400,0.0,2024,1,25,4,Thursday,3,False,2024-01,2024-01-22/2024-01-28,1,2024Q1,2024-01-25
2024-01-26,9000,0.0,2024,1,26,4,Friday,4,False,2024-01,2024-01-22/2024-01-28,1,2024Q1,2024-01-26
2024-01-27,10900,1.0,2024,1,27,4,Saturday,5,True,2024-01,2024-01-22/2024-01-28,1,2024Q1,2024-01-27
2024-01-28,9500,0.0,2024,1,28,4,Sunday,6,True,2024-01,2024-01-22/2024-01-28,1,2024Q1,2024-01-28
2024-01-29,9900,0.0,2024,1,29,5,Monday,0,False,2024-01,2024-01-29/2024-02-04,1,2024Q1,2024-01-29
2024-01-30,10100,0.0,2024,1,30,5,Tuesday,1,False,2024-01,2024-01-29/2024-02-04,1,2024Q1,2024-01-30
2024-01-31,10500,1.0,2024,1,31,5,Wednesday,2,False,2024-01,2024-01-29/2024-02-04,1,2024Q1,2024-01-31
2024-02-01,11600,0.0,2024,2,1,5,Thursday,3,False,2024-02,2024-01-29/2024-02-04,1,2024Q1,2024-02-01
2024-02-02,11200,0.0,2024,2,2,5,Friday,4,False,2024-02,2024-01-29/2024-02-04,1,2024Q1,2024-02-02
2024-02-03,1800,0.0,2024,2,3,5,Saturday,5,True,2024-02,2024-01-29/2024-02-04,1,2024Q1,2024-02-03
2024-02-04,1400,1.0,2024,2,4,5,Sunday,6,True,2024-02,2024-01-29/2024-02-04,1,2024Q1,2024-02-04
2024-02-05,6000,0.0,2024,2,5,6,Monday,0,False,2024-02,2024-02-05/2024-02-11,1,2024Q1,2024-02-05
2024-02-06,8000,0.0,2024,2,6,6,Tuesday,1,False,2024-02,2024-02-05/2024-02-11,1,2024Q1,2024-02-06
2024-02-07,8800,0.0,2024,2,7,6,Wednesday,2,False,2024-02,2024-02-05/2024-02-11,1,2024Q1,2024-02-07
2024-02-08,10000,0.0,2024,2,8,6,Thursday,3,False,2024-02,2024-02-05/2024-02-11,1,2024Q1,2024-02-08
2024-02-09,8700,1.0,2024,2,9,6,Friday,4,False,2024-02,2024-02-05/2024-02-11,1,2024Q1,2024-02-09
2024-02-10,2500,0.0,2024,2,10,6,Saturday,5,True,2024-02,2024-02-05/2024-02-11,1,2024Q1,2024-02-10
2024-02-11,5200,0.0,2024,2,11,6,Sunday,6,True,2024-02,2024-02-05/2024-02-11,1,2024Q1,2024-02-11
2024-02-12,7900,0.0,2024,2,12,7,Monday,0,False,2024-02,2024-02-12/2024-02-18,1,2024Q1,2024-02-12
2024-02-13,9800,0.0,2024,2,13,7,Tuesday,1,False,2024-02,2024-02-12/2024-02-18,1,2024Q1,2024-02-13
2024-02-14,10900,0.0,2024,2,14,7,Wednesday,2,False,2024-02,2024-02-12/2024-02-18,1,2024Q1,2024-02-14
2024-02-15,10000,0.0,2024,2,15,7,Thursday,3,False,2024-02,2024-02-12/2024-02-18,1,2024Q1,2024-02-15
2024-02-16,5200,0.0,2024,2,16,7,Friday,4,False,2024-02,2024-02-12/2024-02-18,1,2024Q1,2024-02-16
2024-02-17,4800,0.0,2024,2,17,7,Saturday,5,True,2024-02,2024-02-12/2024-02-18,1,2024Q1,2024-02-17
2024-02-18,7400,0.0,2024,2,18,7,Sunday,6,True,2024-02,2024-02-12/2024-02-18,1,2024Q1,2024-02-18
2024-02-19,8500,0.0,2024,2,19,8,Monday,0,False,2024-02,2024-02-19/2024-02-25,1,2024Q1,2024-02-19
2024-02-20,11500,0.0,2024,2,20,8,Tuesday,1,False,2024-02,2024-02-19/2024-02-25,1,2024Q1,2024-02-20
2024-02-21,11200,1.0,2024,2,21,8,Wednesday,2,False,2024-02,2024-02-19/2024-02-25,1,2024Q1,2024-02-21
2024-02-22,10300,0.0,2024,2,22,8,Thursday,3,False,2024-02,2024-02-19/2024-02-25,1,2024Q1,2024-02-22
2024-02-23,11300,0.0,2024,2,23,8,Friday,4,False,2024-02,2024-02-19/2024-02-25,1,2024Q1,2024-02-23
2024-02-24,14300,0.0,2024,2,24,8,Saturday,5,True,2024-02,2024-02-19/2024-02-25,1,2024Q1,2024-02-24
2024-02-25,11800,0.0,2024,2,25,8,Sunday,6,True,2024-02,2024-02-19/2024-02-25,1,2024Q1,2024-02-25
2024-02-26,11400,2.0,2024,2,26,9,Monday,0,False,2024-02,2024-02-26/2024-03-03,1,2024Q1,2024-02-26
2024-02-27,7100,0.0,2024,2,27,9,Tuesday,1,False,2024-02,2024-02-26/2024-03-03,1,2024Q1,2024-02-27
2024-02-28,12400,0.0,2024,2,28,9,Wednesday,2,False,2024-02,2024-02-26/2024-03-03,1,2024Q1,2024-02-28
2024-02-29,14900,0.0,2024,2,29,9,Thursday,3,False,2024-02,2024-02-26/2024-03-03,1,2024Q1,2024-02-29
2024-03-01,17000,1.0,2024,3,1,9,Friday,4,False,2024-03,2024-02-26/2024-03-03,1,2024Q1,2024-03-01
2024-03-02,18300,1.0,2024,3,2,9,Saturday,5,True,2024-03,2024-02-26/2024-03-03,1,2024Q1,2024-03-02
2024-03-03,11800,0.0,2024,3,3,9,Sunday,6,True,2024-03,2024-02-26/2024-03-03,1,2024Q1,2024-03-03
2024-03-04,10900,1.0,2024,3,4,10,Monday,0,False,2024-03,2024-03-04/2024-03-10,1,2024Q1,2024-03-04
2024-03-05,11400,1.0,2024,3,5,10,Tuesday,1,False,2024-03,2024-03-04/2024-03-10,1,2024Q1,2024-03-05
2024-03-06,12800,0.0,2024,3,6,10,Wednesday,2,False,2024-03,2024-03-04/2024-03-10,1,2024Q1,2024-03-06
2024-03-07,10200,1.0,2024,3,7,10,Thursday,3,False,2024-03,2024-03-04/2024-03-10,1,2024Q1,2024-03-07
2024-03-08,8300,1.0,2024,3,8,10,Friday,4,False,2024-03,2024-03-04/2024-03-10,1,2024Q1,2024-03-08
2024-03-09,13400,0.0,2024,3,9,10,Saturday,5,True,2024-03,2024-03-04/2024-03-10,1,2024Q1,2024-03-09
2024-03-10,13100,1.0,2024,3,10,10,Sunday,6,True,2024-03,2024-03-04/2024-03-10,1,2024Q1,2024-03-10
2024-03-11,12600,0.0,2024,3,11,11,Monday,0,False,2024-03,2024-03-11/2024-03-17,1,2024Q1,2024-03-11
2024-03-12,12100,1.0,2024,3,12,11,Tuesday,1,False,2024-03,2024-03-11/2024-03-17,1,2024Q1,2024-03-12
2024-03-13,9100,0.0,2024,3,13,11,Wednesday,2,False,2024-03,2024-03-11/2024-03-17,1,2024Q1,2024-03-13
2024-03-14,1100,0.0,2024,3,14,11,Thursday,3,False,2024-03,2024-03-11/2024-03-17,1,2024Q1,2024-03-14
2024-03-15,5800,1.0,2024,3,15,11,Friday,4,False,2024-03,2024-03-11/2024-03-17,1,2024Q1,2024-03-15
2024-03-16,15800,1.0,2024,3,16,11,Saturday,5,True,2024-03,2024-03-11/2024-03-17,1,2024Q1,2024-03-16
2024-03-17,10400,1.0,2024,3,17,11,Sunday,6,True,2024-03,2024-03-11/2024-03-17,1,2024Q1,2024-03-17
2024-03-18,11000,0.0,2024,3,18,12,Monday,0,False,2024-03,2024-03-18/2024-03-24,1,2024Q1,2024-03-18
2024-03-19,12300,2.0,2024,3,19,12,Tuesday,1,False,2024-03,2024-03-18/2024-03-24,1,2024Q1,2024-03-19
2024-03-20,13500,1.0,2024,3,20,12,Wednesday,2,False,2024-03,2024-03-18/2024-03-24,1,2024Q1,2024-03-20
2024-03-21,15300,1.0,2024,3,21,12,Thursday,3,False,2024-03,2024-03-18/2024-03-24,1,2024Q1,2024-03-21
2024-03-22,16600,1.0,2024,3,22,12,Friday,4,False,2024-03,2024-03-18/2024-03-24,1,2024Q1,2024-03-22
2024-03-23,16200,0.0,2024,3,23,12,Saturday,5,True,2024-03,2024-03-18/2024-03-24,1,2024Q1,2024-03-23
2024-03-24,8400,2.0,2024,3,24,12,Sunday,6,True,2024-03,2024-03-18/2024-03-24,1,2024Q1,2024-03-24
2024-03-25,4500,0.0,2024,3,25,13,Monday,0,False,2024-03,2024-03-25/2024-03-31,1,2024Q1,2024-03-25
2024-03-26,9400,0.0,2024,3,26,13,Tuesday,1,False,2024-03,2024-03-25/2024-03-31,1,2024Q1,2024-03-26
2024-03-27,11700,0.0,2024,3,27,13,Wednesday,2,False,2024-03,2024-03-25/2024-03-31,1,2024Q1,2024-03-27
2024-03-28,13900,2.0,2024,3,28,13,Thursday,3,False,2024-03,2024-03-25/2024-03-31,1,2024Q1,2024-03-28
2024-03-29,13300,1.0,2024,3,29,13,Friday,4,False,2024-03,2024-03-25/2024-03-31,1,2024Q1,2024-03-29
2024-03-30,16300,1.0,2024,3,30,13,Saturday,5,True,2024-03,2024-03-25/2024-03-31,1,2024Q1,2024-03-30
2024-03-31,12000,0.0,2024,3,31,13,Sunday,6,True,2024-03,2024-03-25/2024-03-31,1,2024Q1,2024-03-31
2024-04-01,8400,0.0,2024,4,1,14,Monday,0,False,2024-04,2024-04-01/2024-04-07,2,2024Q2,2024-04-01
2024-04-02,13200,0.0,2024,4,2,14,Tuesday,1,False,2024-04,2024-04-01/2024-04-07,2,2024Q2,2024-04-02
2024-04-03,14000,0.0,2024,4,3,14,Wednesday,2,False,2024-04,2024-04-01/2024-04-07,2,2024Q2,2024-04-03
2024-04-04,16200,1.0,2024,4,4,14,Thursday,3,False,2024-04,2024-04-01/2024-04-07,2,2024Q2,2024-04-04
2024-04-05,21600,2.0,2024,4,5,14,Friday,4,False,2024-04,2024-04-01/2024-04-07,2,2024Q2,2024-04-05
2024-04-06,11800,1.0,2024,4,6,14,Saturday,5,True,2024-04,2024-04-01/2024-04-07,2,2024Q2,2024-04-06
2024-04-07,13000,1.0,2024,4,7,14,Sunday,6,True,2024-04,2024-04-01/2024-04-07,2,2024Q2,2024-04-07
2024-04-08,13100,2.0,2024,4,8,15,Monday,0,False,2024-04,2024-04-08/2024-04-14,2,2024Q2,2024-04-08
2024-04-09,15400,0.0,2024,4,9,15,Tuesday,1,False,2024-04,2024-04-08/2024-04-14,2,2024Q2,2024-04-09
2024-04-10,14400,0.0,2024,4,10,15,Wednesday,2,False,2024-04,2024-04-08/2024-04-14,2,2024Q2,2024-04-10
2024-04-11,14800,1.0,2024,4,11,15,Thursday,3,False,2024-04,2024-04-08/2024-04-14,2,2024Q2,2024-04-11
2024-04-12,18000,1.0,2024,4,12,15,Friday,4,False,2024-04,2024-04-08/2024-04-14,2,2024Q2,2024-04-12
2024-04-13,21000,3.0,2024,4,13,15,Saturday,5,True,2024-04,2024-04-08/2024-04-14,2,2024Q2,2024-04-13
2024-04-14,17000,0.0,2024,4,14,15,Sunday,6,True,2024-04,2024-04-08/2024-04-14,2,2024Q2,2024-04-14
2024-04-15,13500,1.0,2024,4,15,16,Monday,0,False,2024-04,2024-04-15/2024-04-21,2,2024Q2,2024-04-15
2024-04-16,14000,1.0,2024,4,16,16,Tuesday,1,False,2024-04,2024-04-15/2024-04-21,2,2024Q2,2024-04-16
2024-04-17,15000,1.0,2024,4,17,16,Wednesday,2,False,2024-04,2024-04-15/2024-04-21,2,2024Q2,2024-04-17
2024-04-18,9600,1.0,2024,4,18,16,Thursday,3,False,2024-04,2024-04-15/2024-04-21,2,2024Q2,2024-04-18
2024-04-19,7900,0.0,2024,4,19,16,Friday,4,False,2024-04,2024-04-15/2024-04-21,2,2024Q2,2024-04-19
2024-04-20,9900,0.0,2024,4,20,16,Saturday,5,True,2024-04,2024-04-15/2024-04-21,2,2024Q2,2024-04-20
2024-04-21,16400,1.0,2024,4,21,16,Sunday,6,True,2024-04,2024-04-15/2024-04-21,2,2024Q2,2024-04-21
2024-04-22,16600,0.0,2024,4,22,17,Monday,0,False,2024-04,2024-04-22/2024-04-28,2,2024Q2,2024-04-22
2024-04-23,14700,0.0,2024,4,23,17,Tuesday,1,False,2024-04,2024-04-22/2024-04-28,2,2024Q2,2024-04-23
2024-04-24,17300,0.0,2024,4,24,17,Wednesday,2,False,2024-04,2024-04-22/2024-04-28,2,2024Q2,2024-04-24
2024-04-25,15800,1.0,2024,4,25,17,Thursday,3,False,2024-04,2024-04-22/2024-04-28,2,2024Q2,2024-04-25
2024-04-26,14800,1.0,2024,4,26,17,Friday,4,False,2024-04,2024-04-22/2024-04-28,2,2024Q2,2024-04-26
2024-04-27,7700,1.0,2024,4,27,17,Saturday,5,True,2024-04,2024-04-22/2024-04-28,2,2024Q2,2024-04-27
2024-04-28,14600,0.0,2024,4,28,17,Sunday,6,True,2024-04,2024-04-22/2024-04-28,2,2024Q2,2024-04-28
2024-04-29,15900,0.0,2024,4,29,18,Monday,0,False,2024-04,2024-04-29/2024-05-05,2,2024Q2,2024-04-29
2024-04-30,15800,1.0,2024,4,30,18,Tuesday,1,False,2024-04,2024-04-29/2024-05-05,2,2024Q2,2024-04-30
2024-05-01,14600,0.0,2024,5,1,18,Wednesday,2,False,2024-05,2024-04-29/2024-05-05,2,2024Q2,2024-05-01
2024-05-02,16000,2.0,2024,5,2,18,Thursday,3,False,2024-05,2024-04-29/2024-05-05,2,2024Q2,2024-05-02
2024-05-03,18300,2.0,2024,5,3,18,Friday,4,False,2024-05,2024-04-29/2024-05-05,2,2024Q2,2024-05-03
2024-05-04,26200,0.0,2024,5,4,18,Saturday,5,True,2024-05,2024-04-29/2024-05-05,2,2024Q2,2024-05-04
2024-05-05,19400,1.0,2024,5,5,18,Sunday,6,True,2024-05,2024-04-29/2024-05-05,2,2024Q2,2024-05-05
2024-05-06,13500,0.0,2024,5,6,19,Monday,0,False,2024-05,2024-05-06/2024-05-12,2,2024Q2,2024-05-06
2024-05-07,14400,0.0,2024,5,7,19,Tuesday,1,False,2024-05,2024-05-06/2024-05-12,2,2024Q2,2024-05-07
2024-05-08,15400,0.0,2024,5,8,19,Wednesday,2,False,2024-05,2024-05-06/2024-05-12,2,2024Q2,2024-05-08
2024-05-09,15100,1.0,2024,5,9,19,Thursday,3,False,2024-05,2024-05-06/2024-05-12,2,2024Q2,2024-05-09
2024-05-10,18300,2.0,2024,5,10,19,Friday,4,False,2024-05,2024-05-06/2024-05-12,2,2024Q2,2024-05-10
2024-05-11,21900,0.0,2024,5,11,19,Saturday,5,True,2024-05,2024-05-06/2024-05-12,2,2024Q2,2024-05-11
2024-05-12,12200,1.0,2024,5,12,19,Sunday,6,True,2024-05,2024-05-06/2024-05-12,2,2024Q2,2024-05-12
2024-05-13,16000,0.0,2024,5,13,20,Monday,0,False,2024-05,2024-05-13/2024-05-19,2,2024Q2,2024-05-13
2024-05-14,17800,1.0,2024,5,14,20,Tuesday,1,False,2024-05,2024-05-13/2024-05-19,2,2024Q2,2024-05-14
2024-05-15,15700,1.0,2024,5,15,20,Wednesday,2,False,2024-05,2024-05-13/2024-05-19,2,2024Q2,2024-05-15
2024-05-16,18100,1.0,2024,5,16,20,Thursday,3,False,2024-05,2024-05-13/2024-05-19,2,2024Q2,2024-05-16
2024-05-17,22200,0.0,2024,5,17,20,Friday,4,False,2024-05,2024-05-13/2024-05-19,2,2024Q2,2024-05-17
2024-05-18,23100,0.0,2024,5,18,20,Saturday,5,True,2024-05,2024-05-13/2024-05-19,2,2024Q2,2024-05-18
2024-05-19,24700,2.0,2024,5,19,20,Sunday,6,True,2024-05,2024-05-13/2024-05-19,2,2024Q2,2024-05-19
2024-05-20,15100,0.0,2024,5,20,21,Monday,0,False,2024-05,2024-05-20/2024-05-26,2,2024Q2,2024-05-20
2024-05-21,13200,2.0,2024,5,21,21,Tuesday,1,False,2024-05,2024-05-20/2024-05-26,2,2024Q2,2024-05-21
2024-05-22,17300,1.0,2024,5,22,21,Wednesday,2,False,2024-05,2024-05-20/2024-05-26,2,2024Q2,2024-05-22
2024-05-23,18000,1.0,2024,5,23,21,Thursday,3,False,2024-05,2024-05-20/2024-05-26,2,2024Q2,2024-05-23
2024-05-24,21400,0.0,2024,5,24,21,Friday,4,False,2024-05,2024-05-20/2024-05-26,2,2024Q2,2024-05-24
2024-05-25,23000,2.0,2024,5,25,21,Saturday,5,True,2024-05,2024-05-20/2024-05-26,2,2024Q2,2024-05-25
2024-05-26,23400,1.0,2024,5,26,21,Sunday,6,True,2024-05,2024-05-20/2024-05-26,2,2024Q2,2024-05-26
2024-05-27,18500,0.0,2024,5,27,22,Monday,0,False,2024-05,2024-05-27/2024-06-02,2,2024Q2,2024-05-27
2024-05-28,16900,2.0,2024,5,28,22,Tuesday,1,False,2024-05,2024-05-27/2024-06-02,2,2024Q2,2024-05-28
2024-05-29,18300,1.0,2024,5,29,22,Wednesday,2,False,2024-05,2024-05-27/2024-06-02,2,2024Q2,2024-05-29
2024-05-30,18800,0.0,2024,5,30,22,Thursday,3,False,2024-05,2024-05-27/2024-06-02,2,2024Q2,2024-05-30
2024-05-31,22500,0.0,2024,5,31,22,Friday,4,False,2024-05,2024-05-27/2024-06-02,2,2024Q2,2024-05-31
2024-06-01,27500,0.0,2024,6,1,22,Saturday,5,True,2024-06,2024-05-27/2024-06-02,2,2024Q2,2024-06-01
2024-06-02,21100,0.0,2024,6,2,22,Sunday,6,True,2024-06,2024-05-27/2024-06-02,2,2024Q2,2024-06-02
2024-06-03,18300,0.0,2024,6,3,23,Monday,0,False,2024-06,2024-06-03/2024-06-09,2,2024Q2,2024-06-03
2024-06-04,19600,0.0,2024,6,4,23,Tuesday,1,False,2024-06,2024-06-03/2024-06-09,2,2024Q2,2024-06-04
2024-06-05,22700,0.0,2024,6,5,23,Wednesday,2,False,2024-06,2024-06-03/2024-06-09,2,2024Q2,2024-06-05
2024-06-06,20500,3.0,2024,6,6,23,Thursday,3,False,2024-06,2024-06-03/2024-06-09,2,2024Q2,2024-06-06
2024-06-07,23600,0.0,2024,6,7,23,Friday,4,False,2024-06,2024-06-03/2024-06-09,2,2024Q2,2024-06-07
2024-06-08,24700,0.0,2024,6,8,23,Saturday,5,True,2024-06,2024-06-03/2024-06-09,2,2024Q2,2024-06-08
2024-06-09,19000,1.0,2024,6,9,23,Sunday,6,True,2024-06,2024-06-03/2024-06-09,2,2024Q2,2024-06-09
2024-06-10,16600,0.0,2024,6,10,24,Monday,0,False,2024-06,2024-06-10/2024-06-16,2,2024Q2,2024-06-10
2024-06-11,18000,0.0,2024,6,11,24,Tuesday,1,False,2024-06,2024-06-10/2024-06-16,2,2024Q2,2024-06-11
2024-06-12,19000,0.0,2024,6,12,24,Wednesday,2,False,2024-06,2024-06-10/2024-06-16,2,2024Q2,2024-06-12
2024-06-13,20400,1.0,2024,6,13,24,Thursday,3,False,2024-06,2024-06-10/2024-06-16,2,2024Q2,2024-06-13
2024-06-14,29200,0.0,2024,6,14,24,Friday,4,False,2024-06,2024-06-10/2024-06-16,2,2024Q2,2024-06-14
2024-06-15,36000,1.0,2024,6,15,24,Saturday,5,True,2024-06,2024-06-10/2024-06-16,2,2024Q2,2024-06-15
2024-06-16,26300,0.0,2024,6,16,24,Sunday,6,True,2024-06,2024-06-10/2024-06-16,2,2024Q2,2024-06-16
2024-06-17,21200,1.0,2024,6,17,25,Monday,0,False,2024-06,2024-06-17/2024-06-23,2,2024Q2,2024-06-17
2024-06-18,21400,0.0,2024,6,18,25,Tuesday,1,False,2024-06,2024-06-17/2024-06-23,2,2024Q2,2024-06-18
2024-06-19,20300,1.0,2024,6,19,25,Wednesday,2,False,2024-06,2024-06-17/2024-06-23,2,2024Q2,2024-06-19
2024-06-20,23200,2.0,2024,6,20,25,Thursday,3,False,2024-06,2024-06-17/2024-06-23,2,2024Q2,2024-06-20
2024-06-21,26000,3.0,2024,6,21,25,Friday,4,False,2024-06,2024-06-17/2024-06-23,2,2024Q2,2024-06-21
2024-06-22,32300,1.0,2024,6,22,25,Saturday,5,True,2024-06,2024-06-17/2024-06-23,2,2024Q2,2024-06-22
2024-06-23,29000,1.0,2024,6,23,25,Sunday,6,True,2024-06,2024-06-17/2024-06-23,2,2024Q2,2024-06-23
2024-06-24,17300,1.0,2024,6,24,26,Monday,0,False,2024-06,2024-06-24/2024-06-30,2,2024Q2,2024-06-24
2024-06-25,20600,1.0,2024,6,25,26,Tuesday,1,False,2024-06,2024-06-24/2024-06-30,2,2024Q2,2024-06-25
2024-06-26,19500,1.0,2024,6,26,26,Wednesday,2,False,2024-06,2024-06-24/2024-06-30,2,2024Q2,2024-06-26
2024-06-27,22900,0.0,2024,6,27,26,Thursday,3,False,2024-06,2024-06-24/2024-06-30,2,2024Q2,2024-06-27
2024-06-28,29400,3.0,2024,6,28,26,Friday,4,False,2024-06,2024-06-24/2024-06-30,2,2024Q2,2024-06-28
2024-06-29,25500,0.0,2024,6,29,26,Saturday,5,True,2024-06,2024-06-24/2024-06-30,2,2024Q2,2024-06-29
2024-06-30,21600,2.0,2024,6,30,26,Sunday,6,True,2024-06,2024-06-24/2024-06-30,2,2024Q2,2024-06-30
2024-07-01,20700,0.0,2024,7,1,27,Monday,0,False,2024-07,2024-07-01/2024-07-07,3,2024Q3,2024-07-01
2024-07-02,20100,0.0,2024,7,2,27,Tuesday,1,False,2024-07,2024-07-01/2024-07-07,3,2024Q3,2024-07-02
2024-07-03,20000,0.0,2024,7,3,27,Wednesday,2,False,2024-07,2024-07-01/2024-07-07,3,2024Q3,2024-07-03
2024-07-04,27600,1.0,2024,7,4,27,Thursday,3,False,2024-07,2024-07-01/2024-07-07,3,2024Q3,2024-07-04
2024-07-05,25900,0.0,2024,7,5,27,Friday,4,False,2024-07,2024-07-01/2024-07-07,3,2024Q3,2024-07-05
2024-07-06,26900,1.0,2024,7,6,27,Saturday,5,True,2024-07,2024-07-01/2024-07-07,3,2024Q3,2024-07-06
2024-07-07,20400,1.0,2024,7,7,27,Sunday,6,True,2024-07,2024-07-01/2024-07-07,3,2024Q3,2024-07-07
2024-07-08,17500,1.0,2024,7,8,28,Monday,0,False,2024-07,2024-07-08/2024-07-14,3,2024Q3,2024-07-08
2024-07-09,18300,1.0,2024,7,9,28,Tuesday,1,False,2024-07,2024-07-08/2024-07-14,3,2024Q3,2024-07-09
2024-07-10,19300,0.0,2024,7,10,28,Wednesday,2,False,2024-07,2024-07-08/2024-07-14,3,2024Q3,2024-07-10
2024-07-11,20700,0.0,2024,7,11,28,Thursday,3,False,2024-07,2024-07-08/2024-07-14,3,2024Q3,2024-07-11
2024-07-12,24500,1.0,2024,7,12,28,Friday,4,False,2024-07,2024-07-08/2024-07-14,3,2024Q3,2024-07-12
2024-07-13,23800,2.0,2024,7,13,28,Saturday,5,True,2024-07,2024-07-08/2024-07-14,3,2024Q3,2024-07-13
2024-07-14,21500,0.0,2024,7,14,28,Sunday,6,True,2024-07,2024-07-08/2024-07-14,3,2024Q3,2024-07-14
2024-07-15,17300,0.0,2024,7,15,29,Monday,0,False,2024-07,2024-07-15/2024-07-21,3,2024Q3,2024-07-15
2024-07-16,18700,0.0,2024,7,16,29,Tuesday,1,False,2024-07,2024-07-15/2024-07-21,3,2024Q3,2024-07-16
2024-07-17,19400,1.0,2024,7,17,29,Wednesday,2,False,2024-07,2024-07-15/2024-07-21,3,2024Q3,2024-07-17
2024-07-18,19100,2.0,2024,7,18,29,Thursday,3,False,2024-07,2024-07-15/2024-07-21,3,2024Q3,2024-07-18
2024-07-19,25800,1.0,2024,7,19,29,Friday,4,False,2024-07,2024-07-15/2024-07-21,3,2024Q3,2024-07-19
2024-07-20,27300,2.0,2024,7,20,29,Saturday,5,True,2024-07,2024-07-15/2024-07-21,3,2024Q3,2024-07-20
2024-07-21,22100,0.0,2024,7,21,29,Sunday,6,True,2024-07,2024-07-15/2024-07-21,3,2024Q3,2024-07-21
2024-07-22,20900,1.0,2024,7,22,30,Monday,0,False,2024-07,2024-07-22/2024-07-28,3,2024Q3,2024-07-22
2024-07-23,22500,0.0,2024,7,23,30,Tuesday,1,False,2024-07,2024-07-22/2024-07-28,3,2024Q3,2024-07-23
2024-07-24,18300,1.0,2024,7,24,30,Wednesday,2,False,2024-07,2024-07-22/2024-07-28,3,2024Q3,2024-07-24
2024-07-25,17700,1.0,2024,7,25,30,Thursday,3,False,2024-07,2024-07-22/2024-07-28,3,2024Q3,2024-07-25
2024-07-26,23500,0.0,2024,7,26,30,Friday,4,False,2024-07,2024-07-22/2024-07-28,3,2024Q3,2024-07-26
2024-07-27,28600,0.0,2024,7,27,30,Saturday,5,True,2024-07,2024-07-22/2024-07-28,3,2024Q3,2024-07-27
2024-07-28,22700,0.0,2024,7,28,30,Sunday,6,True,2024-07,2024-07-22/2024-07-28,3,2024Q3,2024-07-28
2024-07-29,18300,0.0,2024,7,29,31,Monday,0,False,2024-07,2024-07-29/2024-08-04,3,2024Q3,2024-07-29
2024-07-30,19900,3.0,2024,7,30,31,Tuesday,1,False,2024-07,2024-07-29/2024-08-04,3,2024Q3,2024-07-30
2024-07-31,20500,2.0,2024,7,31,31,Wednesday,2,False,2024-07,2024-07-29/2024-08-04,3,2024Q3,2024-07-31
2024-08-01,21500,1.0,2024,8,1,31,Thursday,3,False,2024-08,2024-07-29/2024-08-04,3,2024Q3,2024-08-01
2024-08-02,24800,2.0,2024,8,2,31,Friday,4,False,2024-08,2024-07-29/2024-08-04,3,2024Q3,2024-08-02
2024-08-03,29500,1.0,2024,8,3,31,Saturday,5,True,2024-08,2024-07-29/2024-08-04,3,2024Q3,2024-08-03
2024-08-04,21000,0.0,2024,8,4,31,Sunday,6,True,2024-08,2024-07-29/2024-08-04,3,2024Q3,2024-08-04
2024-08-05,16400,0.0,2024,8,5,32,Monday,0,False,2024-08,2024-08-05/2024-08-11,3,2024Q3,2024-08-05
2024-08-06,19800,2.0,2024,8,6,32,Tuesday,1,False,2024-08,2024-08-05/2024-08-11,3,2024Q3,2024-08-06
2024-08-07,21300,2.0,2024,8,7,32,Wednesday,2,False,2024-08,2024-08-05/2024-08-11,3,2024Q3,2024-08-07
2024-08-08,20300,2.0,2024,8,8,32,Thursday,3,False,2024-08,2024-08-05/2024-08-11,3,2024Q3,2024-08-08
2024-08-09,23500,1.0,2024,8,9,32,Friday,4,False,2024-08,2024-08-05/2024-08-11,3,2024Q3,2024-08-09
2024-08-10,26300,1.0,2024,8,10,32,Saturday,5,True,2024-08,2024-08-05/2024-08-11,3,2024Q3,2024-08-10
2024-08-11,20300,0.0,2024,8,11,32,Sunday,6,True,2024-08,2024-08-05/2024-08-11,3,2024Q3,2024-08-11
2024-08-12,18300,1.0,2024,8,12,33,Monday,0,False,2024-08,2024-08-12/2024-08-18,3,2024Q3,2024-08-12
2024-08-13,17800,0.0,2024,8,13,33,Tuesday,1,False,2024-08,2024-08-12/2024-08-18,3,2024Q3,2024-08-13
2024-08-14,19300,1.0,2024,8,14,33,Wednesday,2,False,2024-08,2024-08-12/2024-08-18,3,2024Q3,2024-08-14
2024-08-15,21400,2.0,2024,8,15,33,Thursday,3,False,2024-08,2024-08-12/2024-08-18,3,2024Q3,2024-08-15
2024-08-16,26200,3.0,2024,8,16,33,Friday,4,False,2024-08,2024-08-12/2024-08-18,3,2024Q3,2024-08-16
2024-08-17,27000,0.0,2024,8,17,33,Saturday,5,True,2024-08,2024-08-12/2024-08-18,3,2024Q3,2024-08-17
2024-08-18,24800,0.0,2024,8,18,33,Sunday,6,True,2024-08,2024-08-12/2024-08-18,3,2024Q3,2024-08-18
2024-08-19,18600,0.0,2024,8,19,34,Monday,0,False,2024-08,2024-08-19/2024-08-25,3,2024Q3,2024-08-19
2024-08-20,20400,1.0,2024,8,20,34,Tuesday,1,False,2024-08,2024-08-19/2024-08-25,3,2024Q3,2024-08-20
2024-08-21,19900,3.0,2024,8,21,34,Wednesday,2,False,2024-08,2024-08-19/2024-08-25,3,2024Q3,2024-08-21
2024-08-22,19100,1.0,2024,8,22,34,Thursday,3,False,2024-08,2024-08-19/2024-08-25,3,2024Q3,2024-08-22
2024-08-23,24100,3.0,2024,8,23,34,Friday,4,False,2024-08,2024-08-19/2024-08-25,3,2024Q3,2024-08-23
2024-08-24,26700,0.0,2024,8,24,34,Saturday,5,True,2024-08,2024-08-19/2024-08-25,3,2024Q3,2024-08-24
2024-08-25,23200,1.0,2024,8,25,34,Sunday,6,True,2024-08,2024-08-19/2024-08-25,3,2024Q3,2024-08-25
2024-08-26,20400,0.0,2024,8,26,35,Monday,0,False,2024-08,2024-08-26/2024-09-01,3,2024Q3,2024-08-26
2024-08-27,21700,2.0,2024,8,27,35,Tuesday,1,False,2024-08,2024-08-26/2024-09-01,3,2024Q3,2024-08-27
2024-08-28,21800,0.0,2024,8,28,35,Wednesday,2,False,2024-08,2024-08-26/2024-09-01,3,2024Q3,2024-08-28
2024-08-29,22900,3.0,2024,8,29,35,Thursday,3,False,2024-08,2024-08-26/2024-09-01,3,2024Q3,2024-08-29
2024-08-30,25100,3.0,2024,8,30,35,Friday,4,False,2024-08,2024-08-26/2024-09-01,3,2024Q3,2024-08-30
2024-08-31,26600,0.0,2024,8,31,35,Saturday,5,True,2024-08,2024-08-26/2024-09-01,3,2024Q3,2024-08-31
2024-09-01,24800,0.0,2024,9,1,35,Sunday,6,True,2024-09,2024-08-26/2024-09-01,3,2024Q3,2024-09-01
2024-09-02,18500,0.0,2024,9,2,36,Monday,0,False,2024-09,2024-09-02/2024-09-08,3,2024Q3,2024-09-02
2024-09-03,19500,0.0,2024,9,3,36,Tuesday,1,False,2024-09,2024-09-02/2024-09-08,3,2024Q3,2024-09-03
2024-09-04,19300,2.0,2024,9,4,36,Wednesday,2,False,2024-09,2024-09-02/2024-09-08,3,2024Q3,2024-09-04
2024-09-05,20700,0.0,2024,9,5,36,Thursday,3,False,2024-09,2024-09-02/2024-09-08,3,2024Q3,2024-09-05
2024-09-06,28200,1.0,2024,9,6,36,Friday,4,False,2024-09,2024-09-02/2024-09-08,3,2024Q3,2024-09-06
2024-09-07,28500,3.0,2024,9,7,36,Saturday,5,True,2024-09,2024-09-02/2024-09-08,3,2024Q3,2024-09-07
2024-09-08,21900,0.0,2024,9,8,36,Sunday,6,True,2024-09,2024-09-02/2024-09-08,3,2024Q3,2024-09-08
2024-09-09,20000,0.0,2024,9,9,37,Monday,0,False,2024-09,2024-09-09/2024-09-15,3,2024Q3,2024-09-09
2024-09-10,19700,2.0,2024,9,10,37,Tuesday,1,False,2024-09,2024-09-09/2024-09-15,3,2024Q3,2024-09-10
2024-09-11,21200,0.0,2024,9,11,37,Wednesday,2,False,2024-09,2024-09-09/2024-09-15,3,2024Q3,2024-09-11
2024-09-12,22800,3.0,2024,9,12,37,Thursday,3,False,2024-09,2024-09-09/2024-09-15,3,2024Q3,2024-09-12
2024-09-13,25700,1.0,2024,9,13,37,Friday,4,False,2024-09,2024-09-09/2024-09-15,3,2024Q3,2024-09-13
2024-09-14,28300,0.0,2024,9,14,37,Saturday,5,True,2024-09,2024-09-09/2024-09-15,3,2024Q3,2024-09-14
2024-09-15,25500,2.0,2024,9,15,37,Sunday,6,True,2024-09,2024-09-09/2024-09-15,3,2024Q3,2024-09-15
2024-09-16,19700,0.0,2024,9,16,38,Monday,0,False,2024-09,2024-09-16/2024-09-22,3,2024Q3,2024-09-16
2024-09-17,21400,1.0,2024,9,17,38,Tuesday,1,False,2024-09,2024-09-16/2024-09-22,3,2024Q3,2024-09-17
2024-09-18,22100,1.0,2024,9,18,38,Wednesday,2,False,2024-09,2024-09-16/2024-09-22,3,2024Q3,2024-09-18
2024-09-19,21800,1.0,2024,9,19,38,Thursday,3,False,2024-09,2024-09-16/2024-09-22,3,2024Q3,2024-09-19
2024-09-20,24000,1.0,2024,9,20,38,Friday,4,False,2024-09,2024-09-16/2024-09-22,3,2024Q3,2024-09-20
2024-09-21,22700,0.0,2024,9,21,38,Saturday,5,True,2024-09,2024-09-16/2024-09-22,3,2024Q3,2024-09-21
2024-09-22,16000,2.0,2024,9,22,38,Sunday,6,True,2024-09,2024-09-16/2024-09-22,3,2024Q3,2024-09-22
2024-09-23,19600,0.0,2024,9,23,39,Monday,0,False,2024-09,2024-09-23/2024-09-29,3,2024Q3,2024-09-23
2024-09-24,20700,2.0,2024,9,24,39,Tuesday,1,False,2024-09,2024-09-23/2024-09-29,3,2024Q3,2024-09-24
2024-09-25,22300,1.0,2024,9,25,39,Wednesday,2,False,2024-09,2024-09-23/2024-09-29,3,2024Q3,2024-09-25
2024-09-26,23200,1.0,2024,9,26,39,Thursday,3,False,2024-09,2024-09-23/2024-09-29,3,2024Q3,2024-09-26
2024-09-27,26700,0.0,2024,9,27,39,Friday,4,False,2024-09,2024-09-23/2024-09-29,3,2024Q3,2024-09-27
2024-09-28,29400,0.0,2024,9,28,39,Saturday,5,True,2024-09,2024-09-23/2024-09-29,3,2024Q3,2024-09-28
2024-09-29,23200,1.0,2024,9,29,39,Sunday,6,True,2024-09,2024-09-23/2024-09-29,3,2024Q3,2024-09-29
2024-09-30,18300,2.0,2024,9,30,40,Monday,0,False,2024-09,2024-09-30/2024-10-06,3,2024Q3,2024-09-30
2024-10-01,20000,1.0,2024,10,1,40,Tuesday,1,False,2024-10,2024-09-30/2024-10-06,4,2024Q4,2024-10-01
2024-10-02,21000,0.0,2024,10,2,40,Wednesday,2,False,2024-10,2024-09-30/2024-10-06,4,2024Q4,2024-10-02
2024-10-03,21200,2.0,2024,10,3,40,Thursday,3,False,2024-10,2024-09-30/2024-10-06,4,2024Q4,2024-10-03
2024-10-04,23600,1.0,2024,10,4,40,Friday,4,False,2024-10,2024-09-30/2024-10-06,4,2024Q4,2024-10-04
2024-10-05,24700,0.0,2024,10,5,40,Saturday,5,True,2024-10,2024-09-30/2024-10-06,4,2024Q4,2024-10-05
2024-10-06,24100,2.0,2024,10,6,40,Sunday,6,True,2024-10,2024-09-30/2024-10-06,4,2024Q4,2024-10-06
2024-10-07,18800,2.0,2024,10,7,41,Monday,0,False,2024-10,2024-10-07/2024-10-13,4,2024Q4,2024-10-07
2024-10-08,15700,1.0,2024,10,8,41,Tuesday,1,False,2024-10,2024-10-07/2024-10-13,4,2024Q4,2024-10-08
2024-10-09,20600,2.0,2024,10,9,41,Wednesday,2,False,2024-10,2024-10-07/2024-10-13,4,2024Q4,2024-10-09
2024-10-10,22000,2.0,2024,10,10,41,Thursday,3,False,2024-10,2024-10-07/2024-10-13,4,2024Q4,2024-10-10
2024-10-11,24400,2.0,2024,10,11,41,Friday,4,False,2024-10,2024-10-07/2024-10-13,4,2024Q4,2024-10-11
2024-10-12,26600,0.0,2024,10,12,41,Saturday,5,True,2024-10,2024-10-07/2024-10-13,4,2024Q4,2024-10-12
2024-10-13,23900,0.0,2024,10,13,41,Sunday,6,True,2024-10,2024-10-07/2024-10-13,4,2024Q4,2024-10-13
2024-10-14,18700,0.0,2024,10,14,42,Monday,0,False,2024-10,2024-10-14/2024-10-20,4,2024Q4,2024-10-14
2024-10-15,19500,0.0,2024,10,15,42,Tuesday,1,False,2024-10,2024-10-14/2024-10-20,4,2024Q4,2024-10-15
2024-10-16,20600,1.0,2024,10,16,42,Wednesday,2,False,2024-10,2024-10-14/2024-10-20,4,2024Q4,2024-10-16
2024-10-17,20400,0.0,2024,10,17,42,Thursday,3,False,2024-10,2024-10-14/2024-10-20,4,2024Q4,2024-10-17
2024-10-18,17100,1.0,2024,10,18,42,Friday,4,False,2024-10,2024-10-14/2024-10-20,4,2024Q4,2024-10-18
2024-10-19,20600,0.0,2024,10,19,42,Saturday,5,True,2024-10,2024-10-14/2024-10-20,4,2024Q4,2024-10-19
2024-10-20,16900,0.0,2024,10,20,42,Sunday,6,True,2024-10,2024-10-14/2024-10-20,4,2024Q4,2024-10-20
2024-10-21,16600,1.0,2024,10,21,43,Monday,0,False,2024-10,2024-10-21/2024-10-27,4,2024Q4,2024-10-21
2024-10-22,18400,2.0,2024,10,22,43,Tuesday,1,False,2024-10,2024-10-21/2024-10-27,4,2024Q4,2024-10-22
2024-10-23,18600,0.0,2024,10,23,43,Wednesday,2,False,2024-10,2024-10-21/2024-10-27,4,2024Q4,2024-10-23
2024-10-24,20100,1.0,2024,10,24,43,Thursday,3,False,2024-10,2024-10-21/2024-10-27,4,2024Q4,2024-10-24
2024-10-25,20200,0.0,2024,10,25,43,Friday,4,False,2024-10,2024-10-21/2024-10-27,4,2024Q4,2024-10-25
2024-10-26,22300,1.0,2024,10,26,43,Saturday,5,True,2024-10,2024-10-21/2024-10-27,4,2024Q4,2024-10-26
2024-10-27,22600,0.0,2024,10,27,43,Sunday,6,True,2024-10,2024-10-21/2024-10-27,4,2024Q4,2024-10-27
2024-10-28,18000,0.0,2024,10,28,44,Monday,0,False,2024-10,2024-10-28/2024-11-03,4,2024Q4,2024-10-28
2024-10-29,16600,2.0,2024,10,29,44,Tuesday,1,False,2024-10,2024-10-28/2024-11-03,4,2024Q4,2024-10-29
2024-10-30,13600,1.0,2024,10,30,44,Wednesday,2,False,2024-10,2024-10-28/2024-11-03,4,2024Q4,2024-10-30
2024-10-31,17500,0.0,2024,10,31,44,Thursday,3,False,2024-10,2024-10-28/2024-11-03,4,2024Q4,2024-10-31
2024-11-01,19000,0.0,2024,11,1,44,Friday,4,False,2024-11,2024-10-28/2024-11-03,4,2024Q4,2024-11-01
2024-11-02,19500,2.0,2024,11,2,44,Saturday,5,True,2024-11,2024-10-28/2024-11-03,4,2024Q4,2024-11-02
2024-11-03,12700,0.0,2024,11,3,44,Sunday,6,True,2024-11,2024-10-28/2024-11-03,4,2024Q4,2024-11-03
2024-11-04,11600,0.0,2024,11,4,45,Monday,0,False,2024-11,2024-11-04/2024-11-10,4,2024Q4,2024-11-04
2024-11-05,12500,1.0,2024,11,5,45,Tuesday,1,False,2024-11,2024-11-04/2024-11-10,4,2024Q4,2024-11-05
2024-11-06,3900,0.0,2024,11,6,45,Wednesday,2,False,2024-11,2024-11-04/2024-11-10,4,2024Q4,2024-11-06
2024-11-07,5700,0.0,2024,11,7,45,Thursday,3,False,2024-11,2024-11-04/2024-11-10,4,2024Q4,2024-11-07
2024-11-08,3400,0.0,2024,11,8,45,Friday,4,False,2024-11,2024-11-04/2024-11-10,4,2024Q4,2024-11-08
2024-11-09,7700,0.0,2024,11,9,45,Saturday,5,True,2024-11,2024-11-04/2024-11-10,4,2024Q4,2024-11-09
2024-11-10,11000,0.0,2024,11,10,45,Sunday,6,True,2024-11,2024-11-04/2024-11-10,4,2024Q4,2024-11-10
2024-11-11,12600,0.0,2024,11,11,46,Monday,0,False,2024-11,2024-11-11/2024-11-17,4,2024Q4,2024-11-11
2024-11-12,13400,0.0,2024,11,12,46,Tuesday,1,False,2024-11,2024-11-11/2024-11-17,4,2024Q4,2024-11-12
2024-11-13,14400,1.0,2024,11,13,46,Wednesday,2,False,2024-11,2024-11-11/2024-11-17,4,2024Q4,2024-11-13
2024-11-14,15100,0.0,2024,11,14,46,Thursday,3,False,2024-11,2024-11-11/2024-11-17,4,2024Q4,2024-11-14
2024-11-15,16400,1.0,2024,11,15,46,Friday,4,False,2024-11,2024-11-11/2024-11-17,4,2024Q4,2024-11-15
2024-11-16,15500,1.0,2024,11,16,46,Saturday,5,True,2024-11,2024-11-11/2024-11-17,4,2024Q4,2024-11-16
2024-11-17,17100,0.0,2024,11,17,46,Sunday,6,True,2024-11,2024-11-11/2024-11-17,4,2024Q4,2024-11-17
2024-11-18,13300,0.0,2024,11,18,47,Monday,0,False,2024-11,2024-11-18/2024-11-24,4,2024Q4,2024-11-18
2024-11-19,11500,1.0,2024,11,19,47,Tuesday,1,False,2024-11,2024-11-18/2024-11-24,4,2024Q4,2024-11-19
2024-11-20,13300,1.0,2024,11,20,47,Wednesday,2,False,2024-11,2024-11-18/2024-11-24,4,2024Q4,2024-11-20
2024-11-21,14300,1.0,2024,11,21,47,Thursday,3,False,2024-11,2024-11-18/2024-11-24,4,2024Q4,2024-11-21
2024-11-22,16000,0.0,2024,11,22,47,Friday,4,False,2024-11,2024-11-18/2024-11-24,4,2024Q4,2024-11-22
2024-11-23,16000,0.0,2024,11,23,47,Saturday,5,True,2024-11,2024-11-18/2024-11-24,4,2024Q4,2024-11-23
2024-11-24,11100,0.0,2024,11,24,47,Sunday,6,True,2024-11,2024-11-18/2024-11-24,4,2024Q4,2024-11-24
2024-11-25,10900,1.0,2024,11,25,48,Monday,0,False,2024-11,2024-11-25/2024-12-01,4,2024Q4,2024-11-25
2024-11-26,11000,0.0,2024,11,26,48,Tuesday,1,False,2024-11,2024-11-25/2024-12-01,4,2024Q4,2024-11-26
2024-11-27,7700,0.0,2024,11,27,48,Wednesday,2,False,2024-11,2024-11-25/2024-12-01,4,2024Q4,2024-11-27
2024-11-28,6100,1.0,2024,11,28,48,Thursday,3,False,2024-11,2024-11-25/2024-12-01,4,2024Q4,2024-11-28
2024-11-29,10100,0.0,2024,11,29,48,Friday,4,False,2024-11,2024-11-25/2024-12-01,4,2024Q4,2024-11-29
2024-11-30,11900,0.0,2024,11,30,48,Saturday,5,True,2024-11,2024-11-25/2024-12-01,4,2024Q4,2024-11-30
2024-12-01,10200,0.0,2024,12,1,48,Sunday,6,True,2024-12,2024-11-25/2024-12-01,4,2024Q4,2024-12-01
2024-12-02,16300,1.0,2024,12,2,49,Monday,0,False,2024-12,2024-12-02/2024-12-08,4,2024Q4,2024-12-02
2024-12-03,13600,2.0,2024,12,3,49,Tuesday,1,False,2024-12,2024-12-02/2024-12-08,4,2024Q4,2024-12-03
2024-12-04,13200,1.0,2024,12,4,49,Wednesday,2,False,2024-12,2024-12-02/2024-12-08,4,2024Q4,2024-12-04
2024-12-05,13100,0.0,2024,12,5,49,Thursday,3,False,2024-12,2024-12-02/2024-12-08,4,2024Q4,2024-12-05
2024-12-06,14200,0.0,2024,12,6,49,Friday,4,False,2024-12,2024-12-02/2024-12-08,4,2024Q4,2024-12-06
2024-12-07,18500,0.0,2024,12,7,49,Saturday,5,True,2024-12,2024-12-02/2024-12-08,4,2024Q4,2024-12-07
2024-12-08,10900,1.0,2024,12,8,49,Sunday,6,True,2024-12,2024-12-02/2024-12-08,4,2024Q4,2024-12-08
2024-12-09,8300,1.0,2024,12,9,50,Monday,0,False,2024-12,2024-12-09/2024-12-15,4,2024Q4,2024-12-09
2024-12-10,6700,1.0,2024,12,10,50,Tuesday,1,False,2024-12,2024-12-09/2024-12-15,4,2024Q4,2024-12-10
2024-12-11,10900,0.0,2024,12,11,50,Wednesday,2,False,2024-12,2024-12-09/2024-12-15,4,2024Q4,2024-12-11
2024-12-12,12700,1.0,2024,12,12,50,Thursday,3,False,2024-12,2024-12-09/2024-12-15,4,2024Q4,2024-12-12
2024-12-13,13300,0.0,2024,12,13,50,Friday,4,False,2024-12,2024-12-09/2024-12-15,4,2024Q4,2024-12-13
2024-12-14,14400,0.0,2024,12,14,50,Saturday,5,True,2024-12,2024-12-09/2024-12-15,4,2024Q4,2024-12-14
2024-12-15,14800,0.0,2024,12,15,50,Sunday,6,True,2024-12,2024-12-09/2024-12-15,4,2024Q4,2024-12-15
2024-12-16,10600,2.0,2024,12,16,51,Monday,0,False,2024-12,2024-12-16/2024-12-22,4,2024Q4,2024-12-16
2024-12-17,10900,1.0,2024,12,17,51,Tuesday,1,False,2024-12,2024-12-16/2024-12-22,4,2024Q4,2024-12-17
2024-12-18,11400,0.0,2024,12,18,51,Wednesday,2,False,2024-12,2024-12-16/2024-12-22,4,2024Q4,2024-12-18
2024-12-19,12300,1.0,2024,12,19,51,Thursday,3,False,2024-12,2024-12-16/2024-12-22,4,2024Q4,2024-12-19
2024-12-20,13800,0.0,2024,12,20,51,Friday,4,False,2024-12,2024-12-16/2024-12-22,4,2024Q4,2024-12-20
2024-12-21,13000,0.0,2024,12,21,51,Saturday,5,True,2024-12,2024-12-16/2024-12-22,4,2024Q4,2024-12-21
2024-12-22,11100,0.0,2024,12,22,51,Sunday,6,True,2024-12,2024-12-16/2024-12-22,4,2024Q4,2024-12-22
2024-12-23,10800,0.0,2024,12,23,52,Monday,0,False,2024-12,2024-12-23/2024-12-29,4,2024Q4,2024-12-23
2024-12-24,9700,0.0,2024,12,24,52,Tuesday,1,False,2024-12,2024-12-23/2024-12-29,4,2024Q4,2024-12-24
2024-12-25,5700,0.0,2024,12,25,52,Wednesday,2,False,2024-12,2024-12-23/2024-12-29,4,2024Q4,2024-12-25
2024-12-26,9300,0.0,2024,12,26,52,Thursday,3,False,2024-12,2024-12-23/2024-12-29,4,2024Q4,2024-12-26
2024-12-27,10800,1.0,2024,12,27,52,Friday,4,False,2024-12,2024-12-23/2024-12-29,4,2024Q4,2024-12-27
2024-12-28,11100,0.0,2024,12,28,52,Saturday,5,True,2024-12,2024-12-23/2024-12-29,4,2024Q4,2024-12-28
2024-12-29,11100,0.0,2024,12,29,52,Sunday,6,True,2024-12,2024-12-23/2024-12-29,4,2024Q4,2024-12-29
2024-12-30,9500,1.0,2024,12,30,1,Monday,0,False,2024-12,2024-12-30/2025-01-05,4,2024Q4,2024-12-30
2024-12-31,11100,2.0,2024,12,31,1,Tuesday,1,False,2024-12,2024-12-30/2025-01-05,4,2024Q4,2024-12-31
