id,drcog_id,latitude,longitude,crashdate,crashtime,city,countyname,agencyid,agencydetl,agencycode,crashtype,drcogctype,numbkilled,numbinjurd,privpropty,publicland,totlnmtrst,secndcrash,constrzone,schoolzone,onroad,rfintsctrd,drcoglocat,intofstdis,intfstdisu,intofstdir,milepoint,highwaynam,intsthghwy,statehwy,othrroadwy,mioffstdis,miofstdisu,mioffstdir,location,lnposition,harmevscd1,harmevscd2,harmevscd3,harmevscd4,harmevsmst,roadcntgrd,roaddescrp,apovrtktrn,lightngcon,rdconditin,weatherco1,weatherco2,highwaynum,numlnsblkd,rdcntrcurv,ttlvehicle,wildanimal,crashformv,city_street,rrcrossing,roadsurfac,roadcontur,drcog_hp,drcogsvrty,drcogttlpi,drcogttlmi,drcogttlsi,drcogttlk,drcogocc,drcogoccpi,drcogoccmi,drcogoccsi,drcogoccki,drcognm,drcognmpi,drcognmmi,drcognmsi,drcognmk,drcog_vru,drcogmodes,drcogsctr,drcogmoto,drcogped,drcogbike,drcogvehcl,TU1_vmov,TU1_dir,TU1_dacts,TU1_cfacts,TU1_rspeed,TUx_vmov,TUx_dir,TUx_dacts,TUx_cfacts,nm_dir,nm_actions,nm_cfacts,drcogcheck,cdot_flag,drcog_flag,Quarter,day_of_week,hour
6666,2020-03651,39.78373,-104.76114,2020-07-26,2026-04-19 19:36:00,DENVER,DENVER,DPD,2/542E, ,All Other Pedestrians,Pedestrian,0,1,0,0,0.0,0,0,0,FLANDERS WAY NORTH,GREEN VALLEY RANCH BOULEVARD EAST,FLANDERS WAY NORTH & GREEN VALLEY RANCH BOULEVARD EAST,0.0,At the intersection, ,0.0, ,0,0,0,0.0, , ,On-roadway, ,Collision with Non-Motorist:Pedestrian, , , ,Collision with Non-Motorist:Pedestrian, ,At Intersection,Not Applicable,Dawn or Dusk,Dry,Clear, , ,0, ,1.0, ,DR2447,GVRBL, ,Blacktop (Bituminous),Straight On-Level,1.0,3.0,0.0,0.0,1.0,0.0,2.0,0.0,0.0,0.0,0.0,1.0,0.0,0.0,1.0,0.0,Y,Motorvehicle; Scooter,Y,, , ,1.0,,,,,,Going straight,East,No contributing action,No apparent contributing factor,East,No contributing action,No apparent contributing factor,0.0,Y, ,3,Sunday,19
6922,2020-03786,39.75855,-104.98534,2020-07-18,2026-04-19 23:31:00,DENVER,DENVER,DPD,3/251B,1,Rear-End,Rear-end,0,1,0,0,0.0,0,0,0,LARIMER STREET,26TH STREET,LARIMER STREET & 26TH STREET,150.0,Feet,S,0.0, ,0,0,0,0.0, , ,On-roadway, ,Collision with Motor Vehicle in Transport:Front to Rear, , , ,Collision with Motor Vehicle in Transport:Front to Rear, ,Non-intersection,Not Applicable,Dark-Lighted,Dry,Clear, , ,0, ,2.0, ,DR2447,26THS, ,Blacktop (Bituminous),Straight On-Level,1.0,2.0,0.0,1.0,0.0,0.0,1.0,0.0,0.0,0.0,0.0,1.0,0.0,1.0,0.0,0.0,Y,Motorvehicle; Scooter,Y,, , ,1.0,Going straight,South,Careless driving,Aggressive driving,30.0,,,,,South,No contributing action,No apparent contributing factor,0.0,Y, ,3,Saturday,23
7349,2020-04056,39.74006,-104.98614,2020-08-05,2026-04-19 16:31:00,DENVER,DENVER,DPD,2/631S, ,All Other Pedestrians,Pedestrian,0,0,0,0,0.0,0,0,0,COLFAX AVENUE EAST,LINCOLN STREET NORTH,COLFAX AVENUE EAST & LINCOLN STREET NORTH,0.0,At the intersection, ,298.0, ,0,1,0,0.0, , ,On-roadway, ,Collision with Non-Motorist:Pedestrian, , , ,Collision with Non-Motorist:Pedestrian, ,At Intersection,Not Applicable,Daylight,Dry,Clear, ,40,0, ,2.0, ,DR2447, , ,Blacktop (Bituminous),Straight On-Level,1.0,1.0,1.0,0.0,0.0,0.0,2.0,1.0,0.0,0.0,0.0,1.0,0.0,0.0,0.0,0.0,Y,Motorvehicle; Motorcycle; Scooter,Y,Y, , ,2.0,Going straight,West,Unknown,Unknown,30.0,Going straight,West,No contributing action,No apparent contributing factor,West,"Failure to obey traffic signs, signals, or officer",Unknown,0.0,Y, ,3,Wednesday,16
7920,2020-04419,39.65407,-104.91292,2020-08-02,2026-04-19 17:36:00,DENVER,DENVER,DPD,2/344A, ,All Other Pedestrians,Pedestrian,0,0,0,0,0.0,0,0,0,MONACO STREET SOUTH,GIRARD AVENUE EAST,MONACO STREET SOUTH & GIRARD AVENUE EAST,0.0,At the intersection, ,0.0, ,0,0,0,0.0, , ,On-roadway, ,Collision with Non-Motorist:Pedestrian, , , ,Collision with Non-Motorist:Pedestrian, ,At Intersection,Not Applicable,Daylight,Dry,Clear, , ,0, ,2.0, ,DR2447,GIRAR, ,Blacktop (Bituminous),Straight On-Level,1.0,0.0,0.0,0.0,0.0,0.0,1.0,0.0,0.0,0.0,0.0,1.0,0.0,0.0,0.0,0.0,Y,Motorvehicle; Scooter,Y,, , ,1.0,,,,,,Making right turn,Southeast,No contributing action,,Southeast,Cross/enter not at intersection,No apparent contributing factor,0.0,Y, ,3,Sunday,17
13860,2020-07448,39.78379,-104.79797,2020-08-19,2026-04-19 15:34:00,DENVER,DENVER,DPD,2/542S, ,All Other Pedestrians,Pedestrian,0,0,0,0,0.0,0,0,0,GREEN VALLEY RANCH BOULEVARD EAST,MEMPHIS STREET NORTH,GREEN VALLEY RANCH BOULEVARD EAST & MEMPHIS STREET NORTH,0.0,At the intersection, ,0.0, ,0,0,0,0.0, , ,On-roadway, ,Collision with Non-Motorist:Pedestrian, , , ,Collision with Non-Motorist:Pedestrian, ,At Intersection,Not Applicable,Daylight,Dry,Clear, , ,0, ,1.0, ,DR2447,MEMPH, ,Blacktop (Bituminous),Straight On-Level,1.0,1.0,1.0,0.0,0.0,0.0,1.0,0.0,0.0,0.0,0.0,1.0,1.0,0.0,0.0,0.0,Y,Motorvehicle; Scooter,Y,, , ,1.0,Making right turn,Northwest,No contributing action,No apparent contributing factor,40.0,,,,,East,No contributing action,No apparent contributing factor,0.0,Y, ,3,Wednesday,15
13983,2020-07516,39.73688,-104.97301,2020-08-26,2026-04-19 19:30:00,DENVER,DENVER,DPD,3/261A,1,All Other Pedestrians,Pedestrian,0,1,0,0,0.0,0,0,0,DOWNING STREET NORTH,13TH AVENUE EAST,DOWNING STREET NORTH & 13TH AVENUE EAST,25.0,Feet,N,0.0, ,0,0,0,0.0, , ,On-roadway, ,Collision with Non-Motorist:Pedestrian, , , ,Collision with Non-Motorist:Pedestrian, ,Intersection Related,Not Applicable,Daylight,Dry,Clear, , ,0, ,2.0, ,DR2447,13THA, ,Blacktop (Bituminous),Straight On-Level,1.0,0.0,0.0,0.0,0.0,0.0,1.0,0.0,0.0,0.0,0.0,1.0,0.0,0.0,0.0,0.0,Y,Motorvehicle; Scooter,Y,, , ,1.0,Making right turn,Northwest,Failed to yield row,Unknown,30.0,,,,,North,No contributing action,Unknown,0.0,Y, ,3,Wednesday,19
14802,2020-08067,39.74506,-104.98741,2020-08-16,2026-04-19 12:50:00,DENVER,DENVER,DPD,1/CRT64, ,All Other Pedestrians,Pedestrian,0,2,0,0,0.0,0,0,0,18TH STREET,BROADWAY STREET NORTH,18TH STREET & BROADWAY STREET NORTH,0.0,At the intersection, ,0.0, ,0,0,0,0.0, , ,On-roadway, ,Collision with Non-Motorist:Pedestrian,Collision with Non-Motorist:Pedestrian, , ,Collision with Non-Motorist:Pedestrian, ,At Intersection,Not Applicable,Daylight,Dry,Clear, , ,0, ,1.0, ,DR2447,BROAD, ,Concrete,Straight On-Level,1.0,2.0,0.0,2.0,0.0,0.0,1.0,0.0,0.0,0.0,0.0,2.0,0.0,2.0,0.0,0.0,Y,Motorvehicle; Pedestrian; Scooter,Y,, , ,1.0,,,,,,Going straight,West,No contributing action,No apparent contributing factor,West; West,"In roadway improperly (standing, lying, working, playing); In roadway improperly (standing, lying, working, playing)",Aggressive; Aggressive,0.0,Y, ,3,Sunday,12
16481,2020-09082,39.73843153,-104.97990041,2020-08-27,2026-04-19 15:17:00,DENVER,DENVER,DPD,2, ,All Other Pedestrians,Pedestrian,0,0,0,0,0.0,0,0,0,PEARL STREET NORTH,14TH AVENUE EAST,PEARL STREET NORTH & 14TH AVENUE EAST,5.0,Feet,N,0.0, ,0,0,0,0.0, , ,On-roadway, ,Collision with Non-Motorist:Pedestrian, , , ,Collision with Non-Motorist:Pedestrian, ,At Intersection,Not Applicable,Daylight,Dry,Clear, , ,0, ,2.0, ,DR2447,14THA, ,Blacktop (Bituminous),Straight On-Level,1.0,1.0,1.0,0.0,0.0,0.0,1.0,0.0,0.0,0.0,0.0,1.0,1.0,0.0,0.0,0.0,Y,Motorvehicle; Scooter,Y,, , ,1.0,,,,,,Going straight,East,No contributing action,No apparent contributing factor,East,Cross/enter not at intersection,Illness/medical,1.0, ,Y,3,Thursday,15
40527,2020-22501,39.73386,-104.98741,2020-11-12,2026-04-19 18:20:00,DENVER,DENVER,DPD,2/631B,1,Pedestrian,Pedestrian,0,0,0,0,0.0,0,0,0,11TH AVENUE WEST,BROADWAY STREET NORTH,11TH AVENUE WEST & BROADWAY STREET NORTH,0.0,At the intersection, ,0.0, ,0,0,0,0.0, , ,On-roadway, ,Collision with Non-Motorist:Pedestrian, , , ,Collision with Non-Motorist:Pedestrian, ,At Intersection,Not Applicable,Dark-Lighted,Dry,Clear, , ,0, ,1.0, ,DR2447,BROAD, ,Blacktop (Bituminous),Straight On-Level,1.0,1.0,1.0,0.0,0.0,0.0,1.0,0.0,0.0,0.0,0.0,1.0,1.0,0.0,0.0,0.0,Y,Motorvehicle; Scooter,Y,, , ,1.0,Going straight,East,Lane violation,Aggressive driving,25.0,,,,,East,Other,Unknown,0.0,Y, ,4,Thursday,18
46407,2021-00926,39.75774353,-104.99856991,2021-01-05,2026-04-19 18:30:00,DENVER,DENVER,DPD,2/632E, ,Pedestrian,Pedestrian,0,1,0,0,0.0,0,0,0,20TH ST,CHESTNUT PL,20TH ST & CHESTNUT PL,0.0,At the intersection, ,0.0, ,0,0,0,0.0,, ,On-roadway, ,Collision with Non-Motorist:Pedestrian,,,,Collision with Non-Motorist:Pedestrian,,At Intersection,Not Applicable,Dark-Lighted,Dry,Clear,, ,0,,2.0,,DR2447,CHEST, ,Blacktop (Bituminous),Straight On-Level,1.0,2.0,0.0,1.0,0.0,0.0,1.0,0.0,0.0,0.0,0.0,1.0,0.0,1.0,0.0,0.0,Y,Motorvehicle; Scooter,Y, , , ,1.0,,,,,,Going straight,North,No contributing action,No apparent contributing factor,North,Cross/enter at intersection,Unknown,1.0,Y, ,1,Tuesday,18
110282,2021-11865,39.75881353,-105.00265991,2021-03-28,2026-04-19 14:44:00,DENVER,DENVER,DPD,2/632E, ,Pedestrian,Pedestrian,0,1,0,0,0.0,0,0,0,19TH ST,LITTLE RAVEN ST,19TH ST & LITTLE RAVEN ST,0.0,At the intersection, ,0.0, ,0,0,0,0.0,, ,On-roadway, ,Collision with Non-Motorist:Pedestrian,,,,Collision with Non-Motorist:Pedestrian,,At Intersection,Not Applicable,Daylight,Dry,Clear,, ,0,,2.0,,DR2447,LITTL, ,Blacktop (Bituminous),Straight On-Level,1.0,2.0,0.0,1.0,0.0,0.0,2.0,0.0,0.0,0.0,0.0,1.0,0.0,1.0,0.0,0.0,Y,Motorvehicle; Scooter,Y, , , ,1.0,,,,,,Other,Southwest,Unknown,Aggressive driving,Southwest,Other,Inexperience,1.0,Y, ,1,Sunday,14
110615,2021-12090,39.75161353,-105.00298991,2021-04-01,2026-04-19 14:45:00,DENVER,DENVER,DPD,2/CRT62, ,Pedestrian,Pedestrian,0,1,0,0,0.0,0,0,0,15TH ST,WEWATTA ST,15TH ST & WEWATTA ST,0.0,At the intersection, ,0.0, ,0,0,0,0.0,, ,On-roadway, ,Collision with Non-Motorist:Pedestrian,,,,Collision with Non-Motorist:Pedestrian,,At Intersection,Not Applicable,Daylight,Dry,Clear,, ,0,,1.0,,DR2447,WEWAT, ,Blacktop (Bituminous),Straight On-Level,1.0,2.0,0.0,1.0,0.0,0.0,1.0,0.0,0.0,0.0,0.0,1.0,0.0,1.0,0.0,0.0,Y,Motorvehicle; Scooter,Y, , , ,1.0,Making left turn,North,Failed to yield row,Driver unfamiliar with area,25.0,,,,,West,No contributing action,No apparent contributing factor,1.0,Y, ,2,Thursday,14
116476,2021-14520,39.71825353,-104.96665992,2021-05-25,2026-04-19 09:30:00,DENVER,DENVER,DPD,2/301B,1,Pedestrian,Pedestrian,0,0,0,0,0.0,0,0,0,N GILPIN ST,E 1ST AVE,N GILPIN ST & E 1ST AVE,0.0,At the intersection, ,0.0, ,0,0,0,0.0,, ,On-roadway, ,Collision with Non-Motorist:Pedestrian,,,,Collision with Non-Motorist:Pedestrian,,Intersection Related,Not Applicable,Daylight,Dry,Clear,, ,0,,2.0,,DR2447,1STAV, ,Concrete,Straight On-Level,1.0,0.0,0.0,0.0,0.0,0.0,1.0,0.0,0.0,0.0,0.0,1.0,0.0,0.0,0.0,0.0,Y,Motorvehicle; Scooter,Y, , , ,1.0,,,,,,Going straight,South,No contributing action,No apparent contributing factor,South,Other,Unknown,1.0,Y, ,2,Tuesday,09
117392,2021-15036,39.74004353,-104.98356991,2021-06-08,2026-04-19 15:25:00,DENVER,DENVER,DPD,2/642A, ,Pedestrian,Pedestrian,0,1,0,0,0.0,0,0,0,E COLFAX AVE,N GRANT ST,E COLFAX AVE & N GRANT ST,18.0,Feet,S,0.0, ,0,1,0,0.0,, ,On-roadway, ,Collision with Non-Motorist:Pedestrian,Collision with Motor Vehicle in Transport:Front to Front,,,Collision with Non-Motorist:Pedestrian,,Intersection Related,Not Applicable,Daylight,Dry,Clear,, ,0,,1.0,,DR2447, , ,Blacktop (Bituminous),Straight On-Grade,1.0,3.0,0.0,0.0,1.0,0.0,1.0,0.0,0.0,0.0,0.0,1.0,0.0,0.0,1.0,0.0,Y,Motorvehicle; Scooter,Y, , , ,1.0,,,,,,Going straight,West,No contributing action,No apparent contributing factor,West,Other,Unknown,1.0,Y, ,2,Tuesday,15
117619,2021-15141,39.75708353,-104.99068991,2021-05-28,2026-04-19 12:28:00,DENVER,DENVER,DPD,1/612A,1,Pedestrian,Pedestrian,0,1,0,0,0.0,0,0,0,1400 BLK PARK AVE WE,WALNUT STQ,1400 BLK PARK AVE WE & WALNUT STQ,150.0,Feet,SE,0.0, ,0,0,0,0.0,, ,On-roadway, ,Collision with Non-Motorist:Pedestrian,,,,Collision with Non-Motorist:Pedestrian,,Driveway Access Related,Not Applicable,Daylight,Dry,Clear,, ,0,,1.0,,DR2447,WALNU, ,Concrete,Straight On-Level,1.0,2.0,0.0,1.0,0.0,0.0,0.0,0.0,0.0,0.0,0.0,1.0,0.0,1.0,0.0,0.0,Y,Motorvehicle; Scooter,Y, , , ,1.0,,,,,,Going straight,Northwest,No contributing action,No apparent contributing factor,Northwest,Other,No apparent contributing factor,1.0,Y, ,2,Friday,12
119904,2021-16390,39.70190354,-104.98721992,2021-05-08,2026-04-19 15:50:00,DENVER,DENVER,DPD,2-332A, ,Pedestrian,Pedestrian,0,1,0,0,0.0,0,0,0,BROADWAY ST S,I-25 SB OFF RAMP,BROADWAY ST S & I-25 SB OFF RAMP,0.0,0,S,0.0, ,0,0,0,0.0,, ,On-roadway, ,Collision with Non-Motorist:Pedestrian,,,,Collision with Non-Motorist:Pedestrian,,At Intersection,Not Applicable,Daylight,Dry,Clear,, ,0,,1.0,,DR2447,N, ,Blacktop (Bituminous),Straight On-Grade,1.0,3.0,0.0,0.0,1.0,0.0,1.0,0.0,0.0,0.0,0.0,1.0,0.0,0.0,1.0,0.0,Y,Motorvehicle; Scooter,Y, , , ,1.0,Other,East,Careless driving,Other factor,25.0,,,,,North,No contributing action,Unknown,1.0,Y, ,2,Saturday,15
121025,2021-16926,39.71811353,-104.95583992,2021-05-16,2026-04-19 15:53:00,DENVER,DENVER,DPD,2/332C, ,Pedestrian,Pedestrian,0,1,0,0,0.0,0,0,0,1ST AVE E,CLAYTON LN N,1ST AVE E & CLAYTON LN N,0.0,At the intersection, ,0.0, ,0,0,0,0.0,, ,On-roadway, ,Collision with Non-Motorist:Pedestrian,,,,Collision with Non-Motorist:Pedestrian,,At Intersection,Not Applicable,Daylight,Dry,Clear,, ,0,,1.0,,DR2447,CLAYT, ,Concrete,Straight On-Level,1.0,2.0,0.0,1.0,0.0,0.0,1.0,0.0,0.0,0.0,0.0,1.0,0.0,1.0,0.0,0.0,Y,Motorvehicle; Scooter,Y, , , ,1.0,,,,,,Going straight,East,No contributing action,No apparent contributing factor,East,"Failure to obey traffic signs, signals, or officer",Illness/medical,1.0,Y, ,2,Sunday,15
122471,2021-17761,39.74006353,-104.99164991,2021-04-20,2026-04-19 21:00:00,DENVER,DENVER,DPD,2/631B,1,Pedestrian,Pedestrian,0,1,0,0,0.0,0,0,0,COLFAX AVE W,COURT PL,COLFAX AVE W & COURT PL,0.0,At the intersection, ,297.9, ,0,1,0,0.0,, ,On-roadway, ,Collision with Non-Motorist:Pedestrian,,,,Collision with Non-Motorist:Pedestrian,,At Intersection,Not Applicable,Dark-Lighted,Dry,Clear,,40,0,,2.0,,DR2447, , ,Blacktop (Bituminous),Straight On-Level,1.0,3.0,0.0,0.0,1.0,0.0,0.0,0.0,0.0,0.0,0.0,1.0,0.0,0.0,1.0,0.0,Y,Motorvehicle; Scooter,Y, , , ,1.0,,,,,,Going straight,North,No contributing action,No apparent contributing factor,North,Improper passing,Unknown,1.0,Y, ,2,Tuesday,21
125612,2021-19057,39.74807353,-104.97752991,2021-01-04,2026-04-19 15:00:00,DENVER,DENVER,DPD,2-T18,2,Pedestrian,Pedestrian,0,1,0,0,0.0,0,0,0,20TH AVE E,757 E 20TH AVE,20TH AVE E & 757 E 20TH AVE,0.0,At the intersection, ,0.0, ,0,0,0,0.0,, ,On-roadway, ,Collision with Non-Motorist:Pedestrian,,,,Collision with Non-Motorist:Pedestrian,,Driveway Access Related,Not Applicable,Daylight,Dry,Clear,, ,0,,1.0,,DR2447,007HE, ,Concrete,Straight On-Level,1.0,3.0,0.0,0.0,1.0,0.0,0.0,0.0,0.0,0.0,0.0,1.0,0.0,0.0,1.0,0.0,Y,Motorvehicle; Scooter,Y, , , ,1.0,Backing,West,Improper backing,No apparent contributing factor,15.0,,,,,Unknown,No contributing action,Unknown,1.0,Y, ,1,Monday,15
125920,2021-19255,39.74478353,-104.98919991,2021-02-28,2026-04-19 14:30:00,DENVER,DENVER,DPD,2/631E, ,Pedestrian,Pedestrian,0,1,0,0,0.0,0,0,0,17TH ST,GLENARM PL,17TH ST & GLENARM PL,0.0,At the intersection, ,0.0, ,0,0,0,0.0,, ,On-roadway, ,Collision with Non-Motorist:Pedestrian,,,,Collision with Non-Motorist:Pedestrian,,At Intersection,Not Applicable,Daylight,Dry,Clear,, ,0,,1.0,,DR2447,GLENA, ,Concrete,Straight On-Level,1.0,3.0,0.0,0.0,1.0,0.0,1.0,0.0,0.0,0.0,0.0,1.0,0.0,0.0,1.0,0.0,Y,Motorvehicle; Scooter,Y, , , ,1.0,,,,,,Other,Southeast,No contributing action,No apparent contributing factor,Southeast,Other,No apparent contributing factor,1.0,Y, ,1,Sunday,14
128500,2021-20595,39.76928353,-105.0111899,2021-04-25,2026-04-19 19:14:00,DENVER,DENVER,DPD,2/131C, ,Pedestrian,Pedestrian,0,1,0,0,0.0,0,0,0,TEJON ST N,38TH AVE W,TEJON ST N & 38TH AVE W,0.0,At the intersection, ,0.0, ,0,0,0,0.0,, ,On-roadway, ,Collision with Non-Motorist:Pedestrian,,,,Collision with Non-Motorist:Pedestrian,,At Intersection,Not Applicable,Daylight,Dry,Clear,, ,0,,1.0,,DR2447,38THA, ,Blacktop (Bituminous),Straight On-Level,1.0,2.0,0.0,1.0,0.0,0.0,1.0,0.0,0.0,0.0,0.0,1.0,0.0,1.0,0.0,0.0,Y,Motorvehicle; Scooter,Y, , , ,1.0,,,,,,Going straight,North,No contributing action,No apparent contributing factor,North,"Failure to obey traffic signs, signals, or officer",No apparent contributing factor,1.0,Y, ,2,Sunday,19
131370,2021-22029,39.73204353,-104.97524991,2021-06-24,2026-04-19 21:19:00,DENVER,DENVER,DPD,P/663H,1,Pedestrian,Pedestrian,0,1,0,0,0.0,0,0,0,10TH AVE E,OGDEN ST N,10TH AVE E & OGDEN ST N,0.0,At the intersection, ,0.0, ,0,0,0,0.0,, ,On-roadway, ,Collision with Non-Motorist:Pedestrian,,,,Collision with Non-Motorist:Pedestrian,,At Intersection,Not Applicable,Dark-Lighted,Dry,Clear,, ,0,,1.0,,DR2447,OGDEN, ,Blacktop (Bituminous),Straight On-Level,1.0,2.0,0.0,1.0,0.0,0.0,0.0,0.0,0.0,0.0,0.0,1.0,0.0,1.0,0.0,0.0,Y,Motorvehicle; Scooter,Y, , , ,1.0,Going straight,West,Unknown,Unknown,99.0,,,,,North,No contributing action,No apparent contributing factor,1.0,Y, ,2,Thursday,21
132061,2021-22383,39.74167353,-104.98231991,2021-06-02,2026-04-19 15:30:00,DENVER,DENVER,DPD,9-621, ,Pedestrian,Pedestrian,0,0,0,0,1.0,0,0,0,16TH AVE E,LOGAN ST N,16TH AVE E & LOGAN ST N,400.0,Feet,E,0.0, ,0,0,0,0.0,, ,On-roadway, ,Collision with Non-Motorist:Pedestrian,,,,Collision with Non-Motorist:Pedestrian,Level,Crossover Related,Not Applicable,Daylight,Dry,Clear,, ,0,Straight,1.0,,DR3447,LOGAN, ,,,1.0,1.0,1.0,0.0,0.0,0.0,1.0,0.0,0.0,0.0,0.0,1.0,1.0,0.0,0.0,0.0,Y,Motorvehicle; Scooter,Y, , , ,1.0,,,,,,Going straight,East,No contributing action,No apparent contributing factor,East,Traveling on sidealk against traffic,No apparent contributing factor,1.0,Y, ,2,Wednesday,15
132634,2021-22613,39.74012033,-104.90593085,2021-06-20,2026-04-19 21:32:00,DENVER,DENVER,DPD,3, ,Pedestrian,Pedestrian,0,0,0,0,0.0,0,0,0,COLFAX AVE E,PONTIAC ST N,COLFAX AVE E & PONTIAC ST N,75.0,Feet,W,0.0, ,0,1,0,0.0,0, ,On-roadway, ,Collision with Non-Motorist:Pedestrian,Collision with Non-Motorist:Pedestrian,,,Collision with Non-Motorist:Pedestrian,0,Non-intersection,Not Applicable,Dark-Lighted,Dry,Clear,,0.0,0,0,1.0,,DR2447, , ,Concrete,Straight On-Level,1.0,1.0,1.0,0.0,0.0,0.0,1.0,0.0,0.0,0.0,0.0,1.0,1.0,0.0,0.0,0.0,Y,Motorvehicle; Scooter,Y, , , ,1.0,,,,,,Going straight,North,No contributing action,No apparent contributing factor,North,Other,Unknown,1.0, ,Y,2,Sunday,21
133044,2021-22861,39.75585337,-104.98185843,2021-07-04,2026-04-19 19:45:00,DENVER,DENVER,DPD,2-231B, ,Pedestrian,Pedestrian,0,1,0,0,0.0,0,0,0,26TH ST,CHAMPA ST,26TH ST & CHAMPA ST,0.0,At the intersection, ,0.0, ,0,0,0,0.0,0, ,On-roadway, ,Collision with Non-Motorist:Pedestrian,4,,,Collision with Non-Motorist:Pedestrian,0,At Intersection,Not Applicable,Dawn or Dusk,Dry,Clear,,0.0,0,0,2.0,,DR2447,CHAMP, ,Blacktop (Bituminous),Straight On-Grade,1.0,0.0,0.0,0.0,0.0,0.0,1.0,0.0,0.0,0.0,0.0,1.0,0.0,0.0,0.0,0.0,Y,Motorvehicle; Scooter,Y, , , ,1.0,,,,,,Going straight,West,No contributing action,No apparent contributing factor,West,"Failure to obey traffic signs, signals, or officer",Unknown,1.0, ,Y,3,Sunday,19
133423,2021-23016,39.75098352,-104.89279993,2021-06-22,2026-04-19 17:25:00,DENVER,DENVER,DPD,3/243B,1,Pedestrian,Pedestrian,0,1,0,0,0.0,0,0,0,23RD AVE E,UNITA ST N,23RD AVE E & UNITA ST N,0.0,At the intersection, ,0.0, ,0,0,0,0.0,, ,On-roadway, ,Collision with Non-Motorist:Pedestrian,,,,Collision with Non-Motorist:Pedestrian,,At Intersection,Not Applicable,Daylight,Dry,Clear,, ,0,,1.0,,DR2447,UNITA, ,Concrete,Straight On-Level,1.0,2.0,0.0,1.0,0.0,0.0,0.0,0.0,0.0,0.0,0.0,1.0,0.0,1.0,0.0,0.0,Y,Motorvehicle; Scooter,Y, , , ,1.0,Going straight,West,Careless driving,Aggressive driving,25.0,,,,,West,Other,Unknown,1.0,Y, ,2,Tuesday,17
136038,2021-24227,39.75433353,-104.99425991,2021-07-10,2026-04-19 21:00:00,DENVER,DENVER,DPD,652G, ,Pedestrian,Pedestrian,0,0,0,0,0.0,0,0,0,BLAKE ST,20TH ST,BLAKE ST & 20TH ST,0.0,At the intersection, ,0.0, ,0,0,0,0.0,, ,On-roadway, ,Collision with Non-Motorist:Pedestrian,,,,Collision with Non-Motorist:Pedestrian,,At Intersection,Not Applicable,Dark-Lighted,Dry,Clear,, ,0,,2.0,,DR2447,20THS, ,Blacktop (Bituminous),Straight On-Level,1.0,1.0,1.0,0.0,0.0,0.0,1.0,0.0,0.0,0.0,0.0,1.0,1.0,0.0,0.0,0.0,Y,Motorvehicle; Scooter,Y, , , ,1.0,,,,,,Going straight,South,No contributing action,No apparent contributing factor,South,"Failure to obey traffic signs, signals, or officer",Unknown,1.0,Y, ,3,Saturday,21
138016,2021-25236,39.74005353,-104.98612991,2021-06-25,2026-04-19 16:00:00,DENVER,DENVER,DPD,2/CRT21, ,Pedestrian,Pedestrian,0,1,0,0,1.0,0,0,0,COLFAX AVE E,LINCOLN ST N,COLFAX AVE E & LINCOLN ST N,5.0,Feet,N,295.25, ,0,1,0,0.25,Miles,E,On-roadway,N04,Collision with Non-Motorist:Pedestrian,,,,Collision with Non-Motorist:Pedestrian,Level,At Intersection,Not Applicable,Daylight,Dry,Clear,,40,1,Straight,1.0,,DR3447, , ,,,1.0,2.0,0.0,1.0,0.0,0.0,1.0,0.0,0.0,0.0,0.0,1.0,0.0,1.0,0.0,0.0,Y,Motorvehicle; Scooter,Y, , , ,1.0,,,,,,Going straight,West,No contributing action,No apparent contributing factor,West,Traveling on sidewalk with traffic,Inexperience,1.0,Y, ,2,Friday,16
142053,2021-27638,39.65050355,-105.05300991,2021-06-04,2026-04-19 07:46:00,DENVER,DENVER,DPD,1/423J, ,Pedestrian,Pedestrian,0,0,0,0,0.0,0,0,0,SHERIDAN BLVD S,KENYON AVE W,SHERIDAN BLVD S & KENYON AVE W,0.0,At the intersection, ,0.05, ,0,1,0,0.0,, ,On-roadway, ,Collision with Non-Motorist:Pedestrian,,,,Collision with Non-Motorist:Pedestrian,,At Intersection,Not Applicable,Daylight,Dry,Clear,,95A,0,,1.0,,DR2447,KENYO, ,Concrete,Straight On-Level,1.0,1.0,1.0,0.0,0.0,0.0,1.0,0.0,0.0,0.0,0.0,1.0,1.0,0.0,0.0,0.0,Y,Motorvehicle; Scooter,Y, , , ,1.0,Making left turn,East,Failed to yield row,,35.0,,,,,West,No contributing action,No apparent contributing factor,1.0,Y, ,2,Friday,07
142110,2021-27689,39.74005353,-104.98612991,2021-07-31,2026-04-19 00:47:00,DENVER,DENVER,DPD,3/651S, ,Pedestrian,Pedestrian,0,1,0,0,0.0,0,0,0,COLFAX AVE E,LINCOLN ST,COLFAX AVE E & LINCOLN ST,0.0,At the intersection, ,298.5, ,0,1,0,0.0,, ,On-roadway, ,Collision with Non-Motorist:Pedestrian,,,,Collision with Non-Motorist:Pedestrian,,At Intersection,Not Applicable,Dark-Lighted,Dry,Clear,,40,0,,2.0,,DR2447, , ,Blacktop (Bituminous),Straight On-Level,1.0,1.0,1.0,0.0,0.0,0.0,1.0,0.0,0.0,0.0,0.0,1.0,1.0,0.0,0.0,0.0,Y,Motorvehicle; Scooter,Y, , , ,1.0,,,,,,Going straight,North,No contributing action,No apparent contributing factor,North,"Failure to obey traffic signs, signals, or officer",No apparent contributing factor,1.0,Y, ,3,Saturday,00
143653,2021-28537,39.74005353,-104.98612991,2021-08-03,2026-04-19 22:13:00,DENVER,DENVER,DPD,3/663E, ,Pedestrian,Pedestrian,0,0,0,0,0.0,0,0,0,COLFAX AVE E,LINCOLN ST,COLFAX AVE E & LINCOLN ST,0.0,At the intersection, ,297.02, ,0,1,0,0.0,, ,On-roadway, ,Collision with Non-Motorist:Pedestrian,,,,Collision with Non-Motorist:Pedestrian,,At Intersection,Not Applicable,Dark-Unlighted,Wet,Rain,,40,0,,1.0,,DR2447, , ,Blacktop (Bituminous),Straight On-Level,1.0,1.0,1.0,0.0,0.0,0.0,1.0,0.0,0.0,0.0,0.0,1.0,1.0,0.0,0.0,0.0,Y,Motorvehicle; Scooter,Y, , , ,1.0,Making left turn,East,No contributing action,No apparent contributing factor,30.0,,,,,East,No contributing action,No apparent contributing factor,1.0,Y, ,3,Tuesday,22
146811,2021-30247,39.75766275,-104.99856014,2021-08-18,2026-04-19 22:31:00,DENVER,DENVER,DPD,3/612, ,Pedestrian,Pedestrian,0,1,0,0,0.0,0,0,0,20TH ST,CHESTNUT ST,20TH ST & CHESTNUT ST,0.0,At the intersection, ,0.0, ,0,0,0,0.0,0, ,On-roadway, ,Collision with Non-Motorist:Pedestrian,0,,,Collision with Non-Motorist:Pedestrian,0,At Intersection,Not Applicable,Dark-Lighted,Dry,Clear,,0.0,0,0,1.0,,DR2447,CHEST, ,Blacktop (Bituminous),Straight On-Level,1.0,2.0,0.0,1.0,0.0,0.0,1.0,0.0,0.0,0.0,0.0,1.0,0.0,1.0,0.0,0.0,Y,Motorvehicle; Scooter,Y, , , ,1.0,,,,,,Going straight,East,Signaling violation,Other factor,East,"Failure to obey traffic signs, signals, or officer",Unknown,1.0, ,Y,3,Wednesday,22
148621,2021-31121,39.72921353,-104.93944992,2021-07-24,2026-04-19 13:02:00,DENVER,DENVER,DPD,2/CRT51, ,Pedestrian,Pedestrian,0,0,0,0,1.0,0,0,0,ALBION ST N,8TH AVE E,ALBION ST N & 8TH AVE E,0.0,At the intersection, ,0.0, ,0,0,0,0.0,, ,On-roadway, ,Collision with Non-Motorist:Pedestrian,,,,Collision with Non-Motorist:Pedestrian,Level,At Intersection,Not Applicable,Daylight,Dry,Cloudy,, ,0,,1.0,,DR3447,8THAV, ,,,1.0,0.0,0.0,0.0,0.0,0.0,1.0,0.0,0.0,0.0,0.0,1.0,0.0,0.0,0.0,0.0,Y,Motorvehicle; Scooter,Y, , , ,1.0,Making left turn,North,No contributing action,Looked/did not see,25.0,,,,,South,Other,No apparent contributing factor,1.0,Y, ,3,Saturday,13
149986,2021-31907,39.74676353,-104.99183991,2021-08-23,2026-04-19 21:16:00,DENVER,DENVER,DPD,2 632A, ,Pedestrian,Pedestrian,0,1,0,0,0.0,0,0,0,17TH ST,STOUT ST,17TH ST & STOUT ST,25.0,Feet,W,0.0, ,0,0,0,0.0,, ,On-roadway, ,Collision with Non-Motorist:Pedestrian,,,,Collision with Non-Motorist:Pedestrian,,Driveway Access Related,Not Applicable,Dark-Lighted,Dry,Clear,, ,0,,1.0,,DR2447,STOUT, ,Concrete,Straight On-Level,1.0,2.0,0.0,1.0,0.0,0.0,2.0,0.0,0.0,0.0,0.0,1.0,0.0,1.0,0.0,0.0,Y,Motorvehicle; Scooter,Y, , , ,1.0,,,,,,Going straight,East,No contributing action,No apparent contributing factor,East,No contributing action,Unknown,1.0,Y, ,3,Monday,21
149994,2021-31914,39.77287352,-104.94053992,2021-06-22,2026-04-19 21:00:00,DENVER,DENVER,DPD,3/252D, ,Pedestrian,Pedestrian,0,1,0,0,0.0,0,0,0,N COLORADO BLVD,E 40TH AVE,N COLORADO BLVD & E 40TH AVE,0.0,At the intersection, ,8.38, ,0,1,0,0.0,, ,On-roadway, ,Collision with Non-Motorist:Pedestrian,,,,Collision with Non-Motorist:Pedestrian,,At Intersection,Not Applicable,Dark-Lighted,Dry,Clear,,2,0,,2.0,,DR2447, , ,Blacktop (Bituminous),Straight On-Level,1.0,1.0,1.0,0.0,0.0,0.0,1.0,1.0,0.0,0.0,0.0,1.0,0.0,0.0,0.0,0.0,Y,Motorvehicle; Scooter,Y, , , ,1.0,,,,,,Other,West,No contributing action,No apparent contributing factor,West,Cross/enter at intersection,Unknown,1.0,Y, ,2,Tuesday,21
150015,2021-31934,39.74839439,-105.00340369,2021-09-03,2026-04-19 15:26:00,DENVER,DENVER,DPD,2/631B, ,Pedestrian,Pedestrian,0,0,0,0,0.0,0,0,0,SPEER BLVD N,BLAKE ST,SPEER BLVD N & BLAKE ST,15.0,Feet,W,0.0, ,0,0,0,0.0,0, ,On-roadway, ,Collision with Non-Motorist:Pedestrian,0,,,Collision with Non-Motorist:Pedestrian,0,At Intersection,Not Applicable,Daylight,Dry,Clear,,0.0,0,0,1.0,,DR2447,BLAKE, ,Blacktop (Bituminous),Straight On-Level,1.0,1.0,1.0,0.0,0.0,0.0,2.0,0.0,0.0,0.0,0.0,1.0,1.0,0.0,0.0,0.0,Y,Motorvehicle; Scooter,Y, , , ,1.0,,,,,,Going straight,Northwest,No contributing action,No apparent contributing factor,Northwest,No contributing action,No apparent contributing factor,1.0, ,Y,3,Friday,15
152381,2021-33181,39.78431352,-104.88298993,2021-09-08,2026-04-19 14:12:00,DENVER,DENVER,DPD,1/599A, ,Pedestrian,Pedestrian,0,0,0,0,0.0,0,0,0,48TH AVE E,CENTRAL PARK BLVD N,48TH AVE E & CENTRAL PARK BLVD N,10.0,Feet,W,0.0, ,0,0,0,0.0,, ,On-roadway, ,Collision with Non-Motorist:Pedestrian,,,,Collision with Non-Motorist:Pedestrian,,At Intersection,Not Applicable,Daylight,Dry,Clear,, ,0,,2.0,,DR2447,CENTR, ,Blacktop (Bituminous),Straight On-Level,1.0,0.0,0.0,0.0,0.0,0.0,2.0,0.0,0.0,0.0,0.0,1.0,0.0,0.0,0.0,0.0,Y,Motorvehicle; Scooter,Y, , , ,1.0,Making right turn,East,Failed to yield row,No apparent contributing factor,25.0,,,,,West,No contributing action,Unknown,1.0,Y, ,3,Wednesday,14
154535,2021-34281,39.69987278,-104.90713775,2021-09-15,2026-04-19 09:40:00,DENVER,DENVER,DPD,1/324A, ,Pedestrian,Pedestrian,0,0,0,0,0.0,0,0,0,LEETSDALE DR,7000 BLK E,LEETSDALE DR & 7000 BLK E,0.0,At the intersection, ,0.0, ,0,1,0,0.0,0, ,Ran off right side, ,Collision with Non-Motorist:Pedestrian,0,,,Collision with Non-Motorist:Pedestrian,0,Non-intersection,Not Applicable,Daylight,Dry,Clear,,0.0,0,0,1.0,,DR2447, , ,Concrete,Straight On-Level,1.0,1.0,1.0,0.0,0.0,0.0,1.0,0.0,0.0,0.0,0.0,1.0,1.0,0.0,0.0,0.0,Y,Motorvehicle; Scooter,Y, , , ,1.0,Other,West,Careless driving,Aggressive driving,35.0,,,,,East,No contributing action,Unknown,1.0, ,Y,3,Wednesday,09
154851,2021-34477,39.77229353,-104.97453991,2021-09-05,2026-04-19 16:52:00,DENVER,DENVER,DPD,2/231E, ,Pedestrian,Pedestrian,0,1,0,0,0.0,0,0,0,WYNKOOP ST,38TH ST,WYNKOOP ST & 38TH ST,0.0,At the intersection, ,0.0, ,0,0,0,0.0,, ,On-roadway, ,Collision with Non-Motorist:Pedestrian,,,,Collision with Non-Motorist:Pedestrian,,At Intersection,Not Applicable,Daylight,Dry,Clear,, ,0,,2.0,,DR2447,38THS, ,Blacktop (Bituminous),Straight On-Level,1.0,3.0,0.0,0.0,1.0,0.0,2.0,0.0,0.0,0.0,0.0,1.0,0.0,0.0,1.0,0.0,Y,Motorvehicle; Scooter,Y, , , ,1.0,,,,,,,North,No contributing action,No apparent contributing factor,North,Cross/enter not at intersection,No apparent contributing factor,1.0,Y, ,3,Sunday,16
155619,2021-34921,39.74828353,-104.99862991,2021-08-18,2026-04-19 07:28:00,DENVER,DENVER,DPD,1/CRT11, ,Pedestrian,Pedestrian,0,0,0,0,1.0,0,0,0,LARIMER ST,15TH ST,LARIMER ST & 15TH ST,0.0,At the intersection, ,0.0, ,0,0,0,0.0,, ,On-roadway, ,Collision with Non-Motorist:Pedestrian,,,,Collision with Non-Motorist:Pedestrian,Level,At Intersection,Not Applicable,Daylight,Dry,Clear,, ,0,Straight,1.0,,DR3447,15THS, ,,,1.0,1.0,1.0,0.0,0.0,0.0,1.0,0.0,0.0,0.0,0.0,1.0,1.0,0.0,0.0,0.0,Y,Motorvehicle; Scooter,Y, , , ,1.0,,,,,,Going straight,East,No contributing action,No apparent contributing factor,East,Failure to yield right-of-way,Aggressive,1.0,Y, ,3,Wednesday,07
155856,2021-35077,39.71836353,-104.98916991,2021-09-21,2026-04-19 07:57:00,DENVER,DENVER,DPD,1/379D, ,Pedestrian,Pedestrian,0,1,0,0,0.0,0,0,0,1ST AVE W,ACOMA ST N,1ST AVE W & ACOMA ST N,0.0,At the intersection, ,0.0, ,0,0,0,0.0,, ,On-roadway, ,Collision with Non-Motorist:Pedestrian,,,,Collision with Non-Motorist:Pedestrian,,At Intersection,Not Applicable,Daylight,Dry,Clear,, ,0,,1.0,,DR2447,ACOMA, ,Blacktop (Bituminous),Straight On-Level,1.0,2.0,0.0,1.0,0.0,0.0,1.0,0.0,0.0,0.0,0.0,1.0,0.0,1.0,0.0,0.0,Y,Motorvehicle; Scooter,Y, , , ,1.0,,,,,,Going straight,North,No contributing action,No apparent contributing factor,North,Cross/enter not at intersection,No apparent contributing factor,1.0,Y, ,3,Tuesday,07
155878,2021-35099,39.74090353,-104.98899991,2021-09-21,2026-04-19 15:57:00,DENVER,DENVER,DPD,2/632F, ,Pedestrian,Pedestrian,0,0,0,0,0.0,0,0,0,15TH ST,CLEVELAND PL,15TH ST & CLEVELAND PL,0.0,At the intersection, ,0.0, ,0,0,0,0.0,, ,On-roadway, ,Collision with Non-Motorist:Pedestrian,,,,Collision with Non-Motorist:Pedestrian,,At Intersection,Not Applicable,Daylight,Dry,Clear,, ,0,,1.0,,DR2447,CLEVE, ,Blacktop (Bituminous),Straight On-Level,1.0,0.0,0.0,0.0,0.0,0.0,1.0,0.0,0.0,0.0,0.0,1.0,0.0,0.0,0.0,0.0,Y,Motorvehicle; Scooter,Y, , , ,1.0,,,,,,Going straight,East,No contributing action,No apparent contributing factor,East,"Disabled vehicle related (working on, pushing, leaving/approaching)",Looked/did not see,1.0,Y, ,3,Tuesday,15
156298,2021-35355,39.74246353,-105.00013991,2021-09-21,2026-04-19 10:55:00,DENVER,DENVER,DPD,1-179A, ,Pedestrian,Pedestrian,0,1,0,0,0.0,0,0,0,ST FRANCIS WY,SPEER BLVD N,ST FRANCIS WY & SPEER BLVD N,0.0,At the intersection, ,0.0, ,0,0,0,0.0,, ,On-roadway, ,Collision with Non-Motorist:Pedestrian,,,,Collision with Non-Motorist:Pedestrian,,At Intersection,Not Applicable,Daylight,Dry,Clear,, ,0,,1.0,,DR2447,SPEER, ,Concrete,Straight On-Grade,1.0,2.0,0.0,1.0,0.0,0.0,1.0,0.0,0.0,0.0,0.0,1.0,0.0,1.0,0.0,0.0,Y,Motorvehicle; Scooter,Y, , , ,1.0,Making right turn,East,Careless driving,Aggressive driving,30.0,,,,,West,No contributing action,Unknown,1.0,Y, ,3,Tuesday,10
159024,2021-36675,39.76556353,-104.98450991,2021-08-25,2026-04-19 09:26:00,DENVER,DENVER,DPD,1/CRT24, ,Pedestrian,Pedestrian,0,1,0,0,1.0,0,0,0,BRIGHTON BLVD N,31ST AVE E,BRIGHTON BLVD N & 31ST AVE E,30.0,Feet,S,0.0, ,0,0,0,0.0,, ,On-roadway, ,Collision with Non-Motorist:Pedestrian,,,,Collision with Non-Motorist:Pedestrian,Level,Driveway Access Related,Not Applicable,Dark-Lighted,Dry,Clear,, ,0,,1.0,,DR3447,31STA, ,,,1.0,2.0,0.0,1.0,0.0,0.0,1.0,0.0,0.0,0.0,0.0,1.0,0.0,1.0,0.0,0.0,Y,Motorvehicle; Scooter,Y, , , ,1.0,Making right turn,South,Failed to yield row,Looked/did not see,30.0,,,,,South,No contributing action,Looked/did not see,1.0,Y, ,3,Wednesday,09
159031,2021-36682,39.74164353,-104.96966991,2021-08-01,2026-04-19 12:53:00,DENVER,DENVER,DPD,1-CRT64, ,Pedestrian,Pedestrian,0,1,0,0,1.0,0,0,0,HUMBOLDT ST N,16TH AVE E,HUMBOLDT ST N & 16TH AVE E,0.0,At the intersection, ,0.0, ,0,0,0,0.0,, ,On-roadway,N01,Collision with Non-Motorist:Pedestrian,,,,Collision with Non-Motorist:Pedestrian,Level,At Intersection,Not Applicable,Daylight,Dry,Clear,, ,4,Straight,1.0,,DR3447,16THA, ,,,1.0,3.0,0.0,0.0,1.0,0.0,1.0,0.0,0.0,0.0,0.0,1.0,0.0,0.0,1.0,0.0,Y,Motorvehicle; Scooter,Y, , , ,1.0,Going straight,South,Disregard stop sign,Driver unfamiliar with area,30.0,,,,,East,No contributing action,No apparent contributing factor,1.0,Y, ,3,Sunday,12
159038,2021-36689,39.74945353,-104.95974992,2021-08-26,2026-04-19 17:22:00,DENVER,DENVER,DPD,2/CRT54, ,Pedestrian,Pedestrian,0,0,0,0,1.0,0,0,0,YORK ST N,22ND AVE E,YORK ST N & 22ND AVE E,0.0,At the intersection, ,0.0, ,0,0,0,0.0,, ,On-roadway,N02,Collision with Non-Motorist:Pedestrian,,,,Collision with Non-Motorist:Pedestrian,Level,At Intersection,Not Applicable,,Dry,Clear,, ,1,Straight,1.0,,DR3447,22NDA, ,,,1.0,1.0,1.0,0.0,0.0,0.0,2.0,0.0,0.0,0.0,0.0,1.0,1.0,0.0,0.0,0.0,Y,Motorvehicle; Scooter,Y, , , ,1.0,Making left turn,East,Failed to yield row,Looked/did not see,25.0,,,,,South,No contributing action,No apparent contributing factor,1.0,Y, ,3,Thursday,17
159700,2021-37060,39.76449985,-104.97080606,2021-09-29,2026-04-19 08:45:00,DENVER,DENVER,DPD,1/213S, ,Pedestrian,Pedestrian,0,1,0,0,0.0,0,0,0,BRUCE RANDOLPH AVE E,LAFAYETTE ST N,BRUCE RANDOLPH AVE E & LAFAYETTE ST N,5.0,Feet,E,0.0, ,0,0,0,0.0,, ,On-roadway, ,Collision with Non-Motorist:Pedestrian,,,,Collision with Non-Motorist:Pedestrian,,Non-intersection,Not Applicable,Daylight,Dry,Clear,, ,0,,1.0,,DR2447,LAFAY, ,Blacktop (Bituminous),Straight On-Level,1.0,2.0,0.0,1.0,0.0,0.0,1.0,0.0,0.0,0.0,0.0,1.0,0.0,1.0,0.0,0.0,Y,Motorvehicle; Scooter,Y, , , ,1.0,Going straight,East,No contributing action,No apparent contributing factor,35.0,,,,,South,No contributing action,No apparent contributing factor,1.0,Y, ,3,Wednesday,08
160258,2021-37391,39.75144353,-104.98579991,2021-09-01,2026-04-19 07:11:00,DENVER,DENVER,DPD,1/CRT13, ,Pedestrian,Pedestrian,0,0,0,0,1.0,0,0,0,STOUT ST,22ND ST,STOUT ST & 22ND ST,0.0,At the intersection, ,0.0, ,0,0,0,0.0,, ,On-roadway,E01,Collision with Non-Motorist:Pedestrian,,,,Collision with Non-Motorist:Pedestrian,Level,At Intersection,Not Applicable,Daylight,Dry,Clear,, ,0,Straight,1.0,,DR3447,22NDS, ,,,1.0,1.0,1.0,0.0,0.0,0.0,1.0,0.0,0.0,0.0,0.0,1.0,1.0,0.0,0.0,0.0,Y,Motorvehicle; Scooter,Y, , , ,1.0,Going straight,East,Disregard stop sign,No apparent contributing factor,30.0,,,,,South,No contributing action,No apparent contributing factor,1.0,Y, ,3,Wednesday,07
161064,2021-37790,39.75145353,-104.98580991,2021-07-22,2026-04-19 20:11:00,DENVER,DENVER,DPD,3/650C,1,Pedestrian,Pedestrian,0,0,0,0,0.0,0,0,0,800 BLK 22ND ST,STOUT ST,800 BLK 22ND ST & STOUT ST,70.0,Feet,W,0.0, ,0,0,0,0.0,, ,On-roadway, ,Collision with Non-Motorist:Pedestrian,,,,Collision with Non-Motorist:Pedestrian,,Alley Related,Not Applicable,Dawn or Dusk,Dry,Clear,, ,0,,2.0,,DR2447,STOUT, ,Blacktop (Bituminous),Straight On-Level,1.0,1.0,1.0,0.0,0.0,0.0,1.0,0.0,0.0,0.0,0.0,1.0,1.0,0.0,0.0,0.0,Y,Motorvehicle; Scooter,Y, , , ,1.0,,,,,,Going straight,South,No contributing action,No apparent contributing factor,South,Improper passing,Unknown,1.0,Y, ,3,Thursday,20
161632,2021-38004,39.74084353,-104.98736991,2021-09-18,2026-04-19 01:30:00,DENVER,DENVER,DPD,2/632S,3,Pedestrian,Pedestrian,0,0,0,0,0.0,0,0,0,N BROADWAY ST,CHEYENNE PL,N BROADWAY ST & CHEYENNE PL,0.0,At the intersection, ,0.0, ,0,0,0,0.0,, ,On-roadway, ,Collision with Non-Motorist:Pedestrian,,,,Collision with Non-Motorist:Pedestrian,,At Intersection,Not Applicable,Dark-Lighted,Dry,Clear,, ,0,,1.0,,DR2447,CHEYE, ,Blacktop (Bituminous),Straight On-Level,1.0,1.0,1.0,0.0,0.0,0.0,1.0,0.0,0.0,0.0,0.0,1.0,1.0,0.0,0.0,0.0,Y,Motorvehicle; Scooter,Y, , , ,1.0,,,,,,Going straight,South,No contributing action,No apparent contributing factor,South,Other,No apparent contributing factor,1.0,Y, ,3,Saturday,01
164043,2021-39342,39.74000353,-104.97646991,2021-10-18,2026-04-19 17:13:00,DENVER,DENVER,DPD,3/663S, ,Pedestrian,Pedestrian,0,1,0,0,0.0,0,0,0,E COLFAX AVE,N EMERSON ST,E COLFAX AVE & N EMERSON ST,50.0,Feet,W,0.0, ,0,0,0,0.0,, ,On-roadway, ,Collision with Non-Motorist:Pedestrian,,,,Collision with Non-Motorist:Pedestrian,,Driveway Access Related,Not Applicable,Daylight,Dry,Clear,, ,0,,1.0,,DR2447, , ,Blacktop (Bituminous),Straight On-Level,1.0,1.0,1.0,0.0,0.0,0.0,1.0,0.0,0.0,0.0,0.0,1.0,1.0,0.0,0.0,0.0,Y,Motorvehicle; Scooter,Y, , , ,1.0,,,,,,Going straight,East,Unknown,No apparent contributing factor,East,Improper passing,No apparent contributing factor,1.0,Y, ,4,Monday,17
164910,2021-39746,39.73999353,-104.96536992,2021-10-23,2026-04-19 10:10:00,DENVER,DENVER,DPD,1/621S, ,Pedestrian,Pedestrian,0,1,0,0,0.0,0,0,0,E COLFAX AVE,N HIGH ST,E COLFAX AVE & N HIGH ST,250.0,Feet,W,0.0, ,0,0,0,0.0,, ,On-roadway, ,Collision with Non-Motorist:Pedestrian,,,,Collision with Non-Motorist:Pedestrian,,Crossover Related,Not Applicable,Daylight,Dry,Rain,, ,0,,2.0,,DR2447, , ,Concrete,Straight On-Level,1.0,3.0,0.0,0.0,1.0,0.0,1.0,0.0,0.0,0.0,0.0,1.0,0.0,0.0,1.0,0.0,Y,Motorvehicle; Scooter,Y, , , ,1.0,,,,,,Going straight,West,No contributing action,No apparent contributing factor,West,Cross/enter not at intersection,Illness/medical,1.0,Y, ,4,Saturday,10
166078,2021-40364,39.73601353,-104.98105991,2021-09-10,2026-04-19 14:51:00,DENVER,DENVER,DPD,02/642B,1,Pedestrian,Pedestrian,0,1,0,0,0.0,0,0,0,N PENNSYLVANIA ST,12TH AVE,N PENNSYLVANIA ST & 12TH AVE,140.0,Feet,N,0.0, ,0,0,0,0.0,, ,On-roadway, ,Collision with Non-Motorist:Pedestrian,Collision with Other Vehicle:Parked Motor Vehicle,,,Collision with Non-Motorist:Pedestrian,,Non-intersection,Not Applicable,Daylight,Dry,Clear,, ,0,,3.0,,DR2447,12THA, ,Blacktop (Bituminous),Straight On-Grade,1.0,3.0,0.0,0.0,1.0,0.0,0.0,0.0,0.0,0.0,0.0,1.0,0.0,0.0,1.0,0.0,Y,Motorvehicle; Scooter,Y, , , ,2.0,Going straight,South,Unknown,Unknown,30.0,Parked,South,Unknown,Unknown,East,Other,Unknown,1.0,Y, ,3,Friday,14
166088,2021-40374,39.74005353,-104.98737991,2021-09-19,2026-04-19 00:47:00,DENVER,DENVER,DPD,3/661D, ,Pedestrian,Pedestrian,0,2,0,0,0.0,0,0,0,W COLFAX AVE,N BROADWAY ST,W COLFAX AVE & N BROADWAY ST,0.0,At the intersection, ,297.02, ,0,1,0,0.0,, ,On-roadway, ,Collision with Non-Motorist:Pedestrian,Collision with Non-Motorist:Pedestrian,,,Collision with Non-Motorist:Pedestrian,,At Intersection,Not Applicable,Dark-Lighted,Dry,Clear,,40,0,,1.0,,DR2447, , ,Blacktop (Bituminous),Straight On-Level,1.0,2.0,0.0,2.0,0.0,0.0,1.0,0.0,0.0,0.0,0.0,2.0,0.0,2.0,0.0,0.0,Y,Motorvehicle; Scooter,Y, , , ,1.0,Making left turn,South,Careless driving,Other factor,35.0,,,,,North; North,Other; Other,No apparent contributing factor; Unknown,1.0,Y, ,3,Sunday,00
166586,2021-40700,39.7546194,-104.97694981,2021-09-26,2026-04-19 17:50:00,DENVER,DENVER,DPD,2/232S,1,Pedestrian,Pedestrian,0,1,0,0,0.0,0,0,0,E 26TH AVE,N CLARKSON ST,E 26TH AVE & N CLARKSON ST,5.0,Feet,W,0.0, ,0,0,0,0.0,0, ,On-roadway, ,Collision with Non-Motorist:Pedestrian,0,,,Collision with Non-Motorist:Pedestrian,0,At Intersection,Not Applicable,Daylight,Dry,Clear,,0.0,0,0,1.0,,DR2447,CLARK, ,Blacktop (Bituminous),Straight On-Level,1.0,2.0,0.0,1.0,0.0,0.0,1.0,0.0,0.0,0.0,0.0,1.0,0.0,1.0,0.0,0.0,Y,Motorvehicle; Scooter,Y, , , ,1.0,Passing,West,Improper passing on the right,Aggressive driving,30.0,,,,,West,Other,No apparent contributing factor,1.0, ,Y,3,Sunday,17
167350,2021-41036,39.72563353,-104.98742991,2021-10-29,2026-04-19 12:39:00,DENVER,DENVER,DPD,2/331A, ,Pedestrian,Pedestrian,0,1,0,0,0.0,0,0,0,W 6TH AVE,N BROADWAY ST,W 6TH AVE & N BROADWAY ST,0.0,At the intersection, ,0.0, ,0,0,0,0.0,, ,On-roadway, ,Collision with Non-Motorist:Pedestrian,,,,Collision with Non-Motorist:Pedestrian,,At Intersection,Not Applicable,Daylight,Dry,Clear,, ,0,,1.0,,DR2447,BROAD, ,Concrete,Straight On-Level,1.0,2.0,0.0,1.0,0.0,0.0,1.0,0.0,0.0,0.0,0.0,1.0,0.0,1.0,0.0,0.0,Y,Motorvehicle; Scooter,Y, , , ,1.0,,,,,,Other,North,Unknown,No apparent contributing factor,North,"Failure to obey traffic signs, signals, or officer",Looked/did not see,1.0,Y, ,4,Friday,12
167383,2021-41069,39.75083353,-104.98139991,2021-10-28,2026-04-19 21:31:00,DENVER,DENVER,DPD,3/651J,2,Pedestrian,Pedestrian,0,1,0,0,0.0,0,0,0,GLENARM PL,PARK AVE,GLENARM PL & PARK AVE,5.0,Feet,N,0.0, ,0,0,0,0.0,, ,On-roadway, ,Collision with Non-Motorist:Pedestrian,,,,Collision with Non-Motorist:Pedestrian,,At Intersection,Not Applicable,Dark-Lighted,Dry,Clear,, ,0,,2.0,,DR2447,PARKA, ,Blacktop (Bituminous),Straight On-Level,1.0,2.0,0.0,1.0,0.0,0.0,1.0,0.0,0.0,0.0,0.0,1.0,0.0,1.0,0.0,0.0,Y,Motorvehicle; Scooter,Y, , , ,1.0,,,,,,Going straight,East,No contributing action,No apparent contributing factor,East,"Disabled vehicle related (working on, pushing, leaving/approaching)",No apparent contributing factor,1.0,Y, ,4,Thursday,21
167613,2021-41199,39.75507353,-104.98808991,2021-09-22,2026-04-19 21:04:00,DENVER,DENVER,DPD,2/CRT62, ,Pedestrian,Pedestrian,0,1,0,0,1.0,0,0,0,PARK AVE W,LAWRENCE ST,PARK AVE W & LAWRENCE ST,0.0,At the intersection, ,0.0, ,0,0,0,0.0,, ,On-roadway,W01,Collision with Non-Motorist:Pedestrian,,,,Collision with Non-Motorist:Pedestrian,Level,At Intersection,Not Applicable,Dark-Lighted,Dry,Clear,, ,1,Straight,1.0,,DR3447,LAWRE, ,,,1.0,1.0,1.0,0.0,0.0,0.0,1.0,0.0,0.0,0.0,0.0,1.0,1.0,0.0,0.0,0.0,Y,Motorvehicle; Scooter,Y, , , ,1.0,Making left turn,West,No contributing action,No apparent contributing factor,30.0,,,,,East,Other,Inexperience,1.0,Y, ,3,Wednesday,21
169579,2021-42203,39.70021353,-104.90820993,2021-11-09,2026-04-19 09:00:00,DENVER,DENVER,DPD,1-CRT31,2,Pedestrian,Pedestrian,0,1,0,0,1.0,0,0,0,LEETSDALE DR,ONEIDA ST S,LEETSDALE DR & ONEIDA ST S,0.0,At the intersection, ,75.178, ,0,1,0,0.0,At the milepoint, ,On-roadway,W01,Collision with Non-Motorist:Pedestrian,,,,Collision with Non-Motorist:Pedestrian,Downhill,At Intersection,Not Applicable,Daylight,Dry,Clear,,83,1,Straight,1.0,,DR3447, , ,,,1.0,2.0,0.0,1.0,0.0,0.0,1.0,0.0,0.0,0.0,0.0,1.0,0.0,1.0,0.0,0.0,Y,Motorvehicle; Scooter,Y, , , ,1.0,,,,,,Going straight,East,No contributing action,Unknown,East,"Traveling along roadway against traffic (in or adjacent to travel lane); Failure to obey traffic signs, signals, or officer",Looked/did not see,1.0,Y, ,4,Tuesday,09
172677,2021-43840,39.73684353,-104.98737991,2021-11-07,2026-04-19 00:00:00,DENVER,DENVER,DPD,3/663C, ,Pedestrian,Pedestrian,0,0,0,0,0.0,0,0,0,13TH AVE E,BROADWAY ST N,13TH AVE E & BROADWAY ST N,0.0,At the intersection, ,0.0, ,0,0,0,0.0,, ,On-roadway, ,Collision with Non-Motorist:Pedestrian,,,,Collision with Non-Motorist:Pedestrian,,At Intersection,Not Applicable,Dark-Lighted,Dry,Clear,, ,0,,1.0,,DR2447,BROAD, ,Blacktop (Bituminous),Straight On-Level,1.0,0.0,0.0,0.0,0.0,0.0,1.0,0.0,0.0,0.0,0.0,1.0,0.0,0.0,0.0,0.0,Y,Motorvehicle; Scooter,Y, , , ,1.0,,,,,,Going straight,North,No contributing action,No apparent contributing factor,North,No contributing action,No apparent contributing factor,1.0,Y, ,4,Sunday,00
175577,2021-45431,39.69656353,-104.94186993,2021-11-30,2026-04-19 13:41:00,DENVER,DENVER,DPD,2-334a, ,Pedestrian,Pedestrian,0,1,0,0,1.0,0,0,0,MISSISSIPPI AVE E,HARRISON ST S,MISSISSIPPI AVE E & HARRISON ST S,0.0,At the intersection, ,0.0, ,0,0,0,0.0,, ,On-roadway, ,Collision with Non-Motorist:Pedestrian,,,,Collision with Non-Motorist:Pedestrian,,At Intersection,Not Applicable,Daylight,Dry,Clear,, ,0,Straight,1.0,,DR3447,HARRI, ,,,1.0,2.0,0.0,1.0,0.0,0.0,1.0,0.0,0.0,0.0,0.0,1.0,0.0,1.0,0.0,0.0,Y,Motorvehicle; Scooter,Y, , , ,1.0,,,,,,Traveled wrong way,West,No contributing action,No apparent contributing factor,West,Traveling along roadway against traffic (in or adjacent to travel lane),Aggressive,1.0,Y, ,4,Tuesday,13
175762,2021-45500,39.76696353,-104.97085991,2021-11-21,2026-04-19 00:00:00,DENVER,DENVER,DPD,3/251C,1,Pedestrian,Pedestrian,0,1,0,0,0.0,0,0,0,36TH AVE E,LAFAYETTE ST N,36TH AVE E & LAFAYETTE ST N,0.0,At the intersection, ,0.0, ,0,0,0,0.0,, ,On-roadway, ,Collision with Non-Motorist:Pedestrian,,,,Collision with Non-Motorist:Pedestrian,,At Intersection,Not Applicable,Dark-Lighted,Dry,Clear,, ,0,,2.0,,DR2447,LAFAY, ,Blacktop (Bituminous),Straight On-Level,1.0,2.0,0.0,1.0,0.0,0.0,0.0,0.0,0.0,0.0,0.0,1.0,0.0,1.0,0.0,0.0,Y,Motorvehicle; Scooter,Y, , , ,1.0,Going straight,North,Careless driving,Distracted/other,25.0,,,,,East,No contributing action,Unknown,1.0,Y, ,4,Sunday,00
175783,2021-45521,39.69847789,-104.99271537,2021-11-21,2026-04-19 01:02:00,DENVER,DENVER,DPD,4/452S,2,Pedestrian,Pedestrian,0,1,0,0,0.0,0,0,0,PLATTE RIVER DR S,TENNESSEE AVE W,PLATTE RIVER DR S & TENNESSEE AVE W,0.25,Miles,N,210.0, ,0,1,0,0.0,0, ,On-roadway, ,Collision with Non-Motorist:Pedestrian,0,,,Collision with Non-Motorist:Pedestrian,0,Non-intersection,Not Applicable,Dark-Lighted,Dry,Clear,,0.0,0,0,1.0,,DR2447, , ,Blacktop (Bituminous),Straight On-Level,1.0,1.0,1.0,0.0,0.0,0.0,0.0,0.0,0.0,0.0,0.0,1.0,1.0,0.0,0.0,0.0,Y,Motorvehicle; Scooter,Y, , , ,1.0,Going straight,Southeast,No contributing action,No apparent contributing factor,45.0,,,,,Southeast,Other,No apparent contributing factor,1.0, ,Y,4,Sunday,01
177745,2021-46565,39.74162353,-104.96474992,2021-12-01,2026-04-19 12:58:00,DENVER,DENVER,DPD,1/CRT35, ,Pedestrian,Pedestrian,0,1,0,0,1.0,0,0,0,HIGH ST N,16TH AVE E,HIGH ST N & 16TH AVE E,0.0,At the intersection, ,0.0, ,0,0,0,0.0,, ,On-roadway,N01,Collision with Non-Motorist:Pedestrian,,,,Collision with Non-Motorist:Pedestrian,Level,At Intersection,Not Applicable,Daylight,Dry,Clear,, ,1,Straight,1.0,,DR3447,16THA, ,,,1.0,1.0,1.0,0.0,0.0,0.0,1.0,0.0,0.0,0.0,0.0,1.0,1.0,0.0,0.0,0.0,Y,Motorvehicle; Scooter,Y, , , ,1.0,,,,,,Going straight,West,No contributing action,No apparent contributing factor,West,No contributing action,No apparent contributing factor,1.0,Y, ,4,Wednesday,12
178368,2021-46921,39.76788128,-104.98206657,2021-11-24,2026-04-19 01:55:00,DENVER,DENVER,DPD,2/201A,1,Pedestrian,Pedestrian,0,1,0,0,1.0,0,0,0,BRIGHTON BLVD,32ND ST,BRIGHTON BLVD & 32ND ST,20.0,Feet,N,0.0, ,0,0,0,0.0,0, ,Ran off right side,N03,Collision with Non-Motorist:Pedestrian,0,,,Collision with Non-Motorist:Pedestrian,Level,Non-intersection,Not Applicable,Dark-Lighted,Dry,Clear,,0.0,0,Straight,1.0,,DR3447,32NDS, ,0,0,1.0,2.0,0.0,1.0,0.0,0.0,1.0,0.0,0.0,0.0,0.0,1.0,0.0,1.0,0.0,0.0,Y,Motorvehicle; Scooter,Y, , , ,1.0,Other,North,Unknown,Unknown,99.0,,,,,South,No contributing action,No apparent contributing factor,1.0, ,Y,4,Wednesday,01
179721,2021-47701,39.75105353,-104.92577992,2021-12-03,2026-04-19 08:57:00,DENVER,DENVER,DPD,1/CRT51, ,Pedestrian,Pedestrian,0,0,0,0,1.0,0,0,0,GLENCOE ST N,23RD AVE E,GLENCOE ST N & 23RD AVE E,0.0,At the intersection, ,0.0, ,0,0,0,0.0,, ,On-roadway,E01,Collision with Non-Motorist:Pedestrian,,,,Collision with Non-Motorist:Pedestrian,Level,At Intersection,Not Applicable,Daylight,Dry,Clear,, ,0,Straight,1.0,,DR3447,23RDA, ,,,1.0,0.0,0.0,0.0,0.0,0.0,1.0,0.0,0.0,0.0,0.0,1.0,0.0,0.0,0.0,0.0,Y,Motorvehicle; Scooter,Y, , , ,1.0,Going straight,South,Failed to yield row,Looked/did not see,30.0,,,,,East,Traveling along roadway with traffic (in or adjacent to travel lane),No apparent contributing factor,1.0,Y, ,4,Friday,08
211280,2021-55222,39.73684353,-104.98611991,2021-11-20,2026-04-19 23:45:00,DENVER,DENVER,DPD,3/662B,1,Broadside,Broadside,0,1,0,0,0.0,0,0,0,E 13TH AVE,N LINCOLN ST,E 13TH AVE & N LINCOLN ST,0.0,At the intersection, ,0.0, ,0,0,0,0.0,, ,On-roadway, ,Collision with Motor Vehicle in Transport:Front to Side,,,,Collision with Motor Vehicle in Transport:Front to Side,,At Intersection,Not Applicable,Dark-Lighted,Dry,Clear,, ,0,,1.0,,DR2447,LINCO, ,Blacktop (Bituminous),Straight On-Grade,1.0,3.0,0.0,0.0,1.0,0.0,0.0,0.0,0.0,0.0,0.0,1.0,0.0,0.0,1.0,0.0,Y,Motorvehicle; Scooter,Y, , , ,1.0,,,,,,Going straight,North,Unknown,Unknown,North,Cross/enter at intersection,Looked/did not see,1.0,Y, ,4,Saturday,23
306461,2021-56937,39.74693353,-104.96344992,2021-12-30,2026-04-19 10:59:00,DENVER,DENVER,DPD,1/621S, ,Pedestrian,Pedestrian,0,1,0,0,1.0,0,0,0,N RACE ST,E 20TH AVE,N RACE ST & E 20TH AVE,0.0,At the intersection, ,0.0, ,0,0,0,0.0,, ,On-roadway,S01,Collision with Non-Motorist:Pedestrian,,,,Collision with Non-Motorist:Pedestrian,Level,At Intersection,Not Applicable,Daylight,Dry,Clear,, ,2,Straight,1.0,,DR3447,20THA, ,,,1.0,3.0,0.0,0.0,1.0,0.0,1.0,0.0,0.0,0.0,0.0,1.0,0.0,0.0,1.0,0.0,Y,Motorvehicle; Scooter,Y, , , ,1.0,Going straight,South,Careless driving,Sun glare,25.0,,,,,East,No contributing action,No apparent contributing factor,1.0,Y, ,4,Thursday,10
195965,2022-02035,39.7446662,-104.9963505,2022-01-26,2026-04-19 23:53:00,DENVER,DENVER,DPD,3/651S,,Pedestrian,Pedestrian,0,1,0,0.0,1.0,0.0,0.0,0.0,14TH ST,CHAMPA ST,14TH ST & CHAMPA ST,0.0,At the intersection,,0.0,,0.0,0.0,0.0,0.0,,,On-roadway,,Collision with Non-Motorist:Pedestrian,,,,Collision with Non-Motorist:Pedestrian,Level,At Intersection,Not Applicable,Dark-Lighted,Dry,Clear,,,0.0,Straight,1.0,,DR3447,CHAMP,,,,1.0,2.0,0.0,1.0,0.0,0.0,1.0,0.0,0.0,0.0,0.0,1.0,0.0,1.0,0.0,0.0,Y,Motorvehicle; Scooter,Y,,,,1.0,Going straight,South,No contributing action,No apparent contributing factor,25.0,,,,,West,"Failure to obey traffic signs, signals, or officer",Unknown,1.0,Y,,1,Wednesday,23
206110,2022-06597,39.73843931,-104.98486438,2022-03-01,2026-04-19 15:10:00,DENVER,DENVER,DPD,1-CRT64,,Pedestrian,Pedestrian,0,0,0,0.0,0.0,0.0,0.0,0.0,14TH AVE E,SHERMAN ST N,14TH AVE E & SHERMAN ST N,6.0,Feet,S,0.0,,0.0,0.0,0.0,0.0,,,On-roadway,,Collision with Non-Motorist:Pedestrian,,,,Collision with Non-Motorist:Pedestrian,Uphill,At Intersection,Not Applicable,Daylight,Dry,Clear,,,0.0,Straight,2.0,,DR3447,SHERM,,,,1.0,0.0,0.0,0.0,0.0,0.0,1.0,0.0,0.0,0.0,0.0,1.0,0.0,0.0,0.0,0.0,Y,Motorvehicle; Scooter,Y,,,,1.0,Making right turn,North,Failed to yield row,No apparent contributing factor,30.0,,,,,West,No contributing action,Unknown,1.0,Y,,1,Tuesday,15
206449,2022-06783,39.76338853,-104.98781849,2022-02-27,2026-04-19 21:40:00,DENVER,DENVER,DPD,2,1,Pedestrian,Pedestrian,0,1,0,0.0,1.0,0.0,0.0,0.0,28TH ST,BROADWAY ST N,28TH ST & BROADWAY ST N,0.0,Feet,W,0.0,,0.0,0.0,0.0,0.0,,,On-roadway,,Collision with Non-Motorist:Pedestrian,,,,Collision with Non-Motorist:Pedestrian,Level,At Intersection,Not Applicable,Dark-Lighted,Dry,Clear,,,0.0,Straight,1.0,,DR3447,BROAD,,,,1.0,3.0,0.0,0.0,1.0,0.0,0.0,0.0,0.0,0.0,0.0,1.0,0.0,0.0,1.0,0.0,Y,Motorvehicle; Scooter,Y,,,,1.0,Going straight,East,Disregard stop sign,No apparent contributing factor,30.0,,,,,Unknown,Cross/enter at intersection,No apparent contributing factor,1.0,Y,,1,Sunday,21
206871,2022-07000,39.74143901,-104.99878531,2022-03-04,2026-04-19 16:47:00,DENVER,DENVER,DPD,2/631C,,Pedestrian,Pedestrian,0,0,0,0.0,0.0,0.0,0.0,0.0,STOUT ST,SPEER BLVD N,STOUT ST & SPEER BLVD N,20.0,Feet,E,0.0,,0.0,0.0,0.0,0.0,,,On-roadway,2,Collision with Non-Motorist:Pedestrian,,,,Collision with Non-Motorist:Pedestrian,Level,At Intersection,Not Applicable,Daylight,Dry,Cloudy,,,2.0,Straight,2.0,,DR3447,SPEER,,,,1.0,0.0,0.0,0.0,0.0,0.0,1.0,0.0,0.0,0.0,0.0,1.0,0.0,0.0,0.0,0.0,Y,Motorvehicle; Scooter,Y,,,,1.0,,,,,,Going straight,South,No contributing action,No apparent contributing factor,South,"Failure to obey traffic signs, signals, or officer",Unknown,1.0,Y,,1,Friday,16
207080,2022-07082,39.77267124,-104.97580292,2022-03-03,2026-04-19 18:36:00,DENVER,DENVER,DPD,2/231S,9,Pedestrian,Pedestrian,0,1,0,0.0,1.0,0.0,0.0,0.0,BRIGHTON BLVD N,38TH ST,BRIGHTON BLVD N & 38TH ST,150.0,Feet,S,0.0,,0.0,0.0,0.0,0.0,,,On-roadway,,Collision with Non-Motorist:Pedestrian,,,,Collision with Non-Motorist:Pedestrian,,Driveway Access Related,Not Applicable,Dark-Lighted,Dry,Clear,,,0.0,,1.0,,DR3447,38THS,,,,1.0,2.0,0.0,1.0,0.0,0.0,1.0,0.0,0.0,0.0,0.0,1.0,0.0,1.0,0.0,0.0,Y,Motorvehicle; Scooter,Y,,,,1.0,,,,,,Other,North,No contributing action,No apparent contributing factor,North,Other,Unknown,1.0,Y,,1,Thursday,18
210737,2022-08903,39.73304297,-105.01515281,2022-03-15,2026-04-19 07:43:00,DENVER,DENVER,DPD,1/123S,,Pedestrian,Pedestrian,0,1,0,0.0,1.0,0.0,0.0,0.0,YUMA ST N,1050 N YUMA ST,YUMA ST N & 1050 N YUMA ST,1000.0,Feet,N,0.0,,0.0,0.0,0.0,0.0,,,On-roadway,,Collision with Non-Motorist:Pedestrian,,,,Collision with Non-Motorist:Pedestrian,Level,Driveway Access Related,Not Applicable,Daylight,Dry,Clear,,,0.0,Straight,1.0,,DR3447,010HN,,,,1.0,2.0,0.0,1.0,0.0,0.0,1.0,0.0,0.0,0.0,0.0,1.0,0.0,1.0,0.0,0.0,Y,Motorvehicle; Scooter,Y,,,,1.0,,,,,,Other,South,No contributing action,No apparent contributing factor,South,Traveling on sidealk against traffic,Other factor,1.0,Y,,1,Tuesday,07
211652,2022-09359,39.75473353,-105.00080407,2022-03-18,2026-04-19 22:25:00,DENVER,DENVER,DPD,3/652S,,Pedestrian,Pedestrian,0,1,0,0.0,1.0,0.0,0.0,0.0,WEWATTA ST,18TH ST,WEWATTA ST & 18TH ST,200.0,Feet,S,0.0,,0.0,0.0,0.0,0.0,,,Ran off left side,,Collision with Non-Motorist:Pedestrian,,,,Collision with Non-Motorist:Pedestrian,Level,Driveway Access Related,Not Applicable,Dark-Lighted,Dry,Clear,,,0.0,Straight,1.0,,DR3447,18THS,,,,1.0,3.0,0.0,0.0,1.0,0.0,2.0,0.0,0.0,0.0,0.0,1.0,0.0,0.0,1.0,0.0,Y,Motorvehicle; Scooter,Y,,,,1.0,,,,,,Going straight,North,No contributing action,No apparent contributing factor,North,Traveling on sidealk against traffic,"Distracted/other (food, objects, pets, etc)",1.0,Y,,1,Friday,22
213475,2022-10309,39.75499351,-104.99514795,2022-03-24,2026-04-19 22:33:00,DENVER,DENVER,DPD,3/652A,,Pedestrian,Pedestrian,0,0,0,0.0,0.0,0.0,0.0,0.0,20TH ST,WAZEE ST,20TH ST & WAZEE ST,0.0,At the intersection,,0.0,,0.0,0.0,0.0,0.0,,,On-roadway,1,Collision with Non-Motorist:Pedestrian,,,,Collision with Non-Motorist:Pedestrian,,At Intersection,Not Applicable,Dark-Lighted,Dry,Clear,,,1.0,Straight,2.0,,DR3447,WAZEE,,,,1.0,0.0,0.0,0.0,0.0,0.0,2.0,0.0,0.0,0.0,0.0,1.0,0.0,0.0,0.0,0.0,Y,Motorvehicle; Scooter,Y,,,,1.0,,,,,,Other,West,No contributing action,No apparent contributing factor,West,Other,Unknown,1.0,Y,,1,Thursday,22
213684,2022-10396,39.73881102,-104.9730122,2022-03-24,2026-04-19 09:40:00,DENVER,DENVER,DPD,1-CRT61,1,Pedestrian,Pedestrian,0,1,0,0.0,1.0,0.0,0.0,0.0,DOWNING ST N,1400 BLK N,DOWNING ST N & 1400 BLK N,10.0,Feet,N,0.0,,0.0,0.0,0.0,0.0,,,On-roadway,,Collision with Non-Motorist:Pedestrian,,,,Collision with Non-Motorist:Pedestrian,Level,Crossover Related,Not Applicable,Daylight,Dry,Clear,,,0.0,Straight,1.0,,DR3447,14THA,,,,1.0,1.0,1.0,0.0,0.0,0.0,1.0,0.0,0.0,0.0,0.0,1.0,1.0,0.0,0.0,0.0,Y,Motorvehicle; Scooter,Y,,,,1.0,,,,,,Going straight,West,No contributing action,No apparent contributing factor,West,Other,Other factor,1.0,Y,,1,Thursday,09
214181,2022-10595,39.72564692,-104.9862613,2022-03-25,2026-04-19 19:43:00,DENVER,DENVER,DPD,2-331A,,Pedestrian,Pedestrian,0,1,0,0.0,1.0,0.0,0.0,0.0,LINCOLN ST N,SPEER BLVD E,LINCOLN ST N & SPEER BLVD E,0.0,At the intersection,,0.0,,0.0,0.0,0.0,0.0,,,On-roadway,4,Collision with Non-Motorist:Pedestrian,,,,Collision with Non-Motorist:Pedestrian,Level,At Intersection,Not Applicable,Dark-Lighted,Dry,Clear,,,2.0,Straight,1.0,,DR3447,SPEER,,,,1.0,3.0,0.0,0.0,1.0,0.0,1.0,0.0,0.0,0.0,0.0,1.0,0.0,0.0,1.0,0.0,Y,Motorvehicle; Scooter,Y,,,,1.0,Making left turn,North,Careless driving,Unknown,30.0,,,,,South,Cross/enter at intersection,No apparent contributing factor,1.0,Y,,1,Friday,19
214423,2022-10724,39.75008687,-105.00495331,2022-03-27,2026-04-19 13:00:00,DENVER,DENVER,DPD,1-CRT64,2,Pedestrian,Pedestrian,0,0,0,0.0,0.0,0.0,0.0,0.0,CHOPPER CIR,SPEER BLVD N,CHOPPER CIR & SPEER BLVD N,0.0,At the intersection,,0.0,,0.0,0.0,0.0,0.0,,,On-roadway,,Collision with Non-Motorist:Pedestrian,,,,Collision with Non-Motorist:Pedestrian,Level,At Intersection,Not Applicable,Daylight,Dry,Clear,,,0.0,Straight,2.0,,DR3447,SPEER,,,,1.0,0.0,0.0,0.0,0.0,0.0,1.0,0.0,0.0,0.0,0.0,1.0,0.0,0.0,0.0,0.0,Y,Motorvehicle; Scooter,Y,,,,1.0,Making right turn,South,Failed to yield row,No apparent contributing factor,30.0,,,,,South,No contributing action,Unknown,1.0,,Y,1,Sunday,13
217400,2022-12302,39.7448679,-104.98358492,2022-04-08,2026-04-19 17:14:00,DENVER,DENVER,DPD,641B/2,,Pedestrian,Pedestrian,0,1,0,0.0,1.0,0.0,0.0,0.0,E 18TH AVE,N GRANT ST,E 18TH AVE & N GRANT ST,0.0,At the intersection,E,0.0,,0.0,0.0,0.0,0.0,,,On-roadway,,Collision with Non-Motorist:Pedestrian,,,,Collision with Non-Motorist:Pedestrian,Level,At Intersection,Not Applicable,,Dry,,,,0.0,,1.0,,DR3447,GRANT,,,,1.0,3.0,0.0,0.0,1.0,0.0,1.0,0.0,0.0,0.0,0.0,1.0,0.0,0.0,1.0,0.0,Y,Motorvehicle; Scooter,Y,,,,1.0,,,,,,Going straight,South,Unknown,Unknown,South,"Cross/enter at intersection; Failure to obey traffic signs, signals, or officer",Unknown,1.0,Y,,2,Friday,17
219212,2022-13278,39.72729333,-104.97060759,2022-03-12,2026-04-19 20:00:00,DENVER,DENVER,DPD,3/351C,1,Pedestrian,Pedestrian,0,1,0,0.0,1.0,0.0,0.0,0.0,7TH AVE E,LAFAYETTE ST N,7TH AVE E & LAFAYETTE ST N,0.0,At the intersection,,0.0,,0.0,0.0,0.0,0.0,,,On-roadway,,Collision with Non-Motorist:Pedestrian,,,,Collision with Non-Motorist:Pedestrian,Level,At Intersection,Not Applicable,Dark-Lighted,Dry,Clear,,,0.0,Straight,1.0,,DR3447,LAFAY,,,,1.0,3.0,0.0,0.0,1.0,0.0,1.0,0.0,0.0,0.0,0.0,1.0,0.0,0.0,1.0,0.0,Y,Motorvehicle; Scooter,Y,,,,1.0,Other,East,Unknown,Unknown,25.0,,,,,East,Cross/enter at intersection,No apparent contributing factor,1.0,Y,,1,Saturday,20
220420,2022-13916,39.72414041,-104.98625187,2022-04-21,2026-04-19 23:25:00,DENVER,DENVER,DPD,3-357S,,Pedestrian,Pedestrian,0,0,0,0.0,0.0,0.0,0.0,0.0,5TH AVE E,LINCOLN ST N,5TH AVE E & LINCOLN ST N,0.0,At the intersection,,0.0,,0.0,0.0,0.0,0.0,,,On-roadway,1,Collision with Non-Motorist:Pedestrian,,,,Collision with Non-Motorist:Pedestrian,Downhill,At Intersection,Not Applicable,Dark-Lighted,Dry,Clear,,,0.0,Straight,2.0,,DR3447,LINCO,,,,1.0,0.0,0.0,0.0,0.0,0.0,1.0,0.0,0.0,0.0,0.0,1.0,0.0,0.0,0.0,0.0,Y,Motorvehicle; Scooter,Y,,,,1.0,,,,,,Going straight,North,No contributing action,No apparent contributing factor,North,"Failure to obey traffic signs, signals, or officer",Unknown,1.0,Y,,2,Thursday,23
220676,2022-14072,39.74327186,-104.98126212,2022-04-17,2026-04-19 22:37:00,DENVER,DENVER,DPD,3/651F,,Pedestrian,Pedestrian,0,1,0,0.0,1.0,0.0,0.0,0.0,17TH AVE E,PENNSYLVANIA ST N,17TH AVE E & PENNSYLVANIA ST N,50.0,Feet,W,0.0,,0.0,0.0,0.0,0.0,,,On-roadway,3,Collision with Non-Motorist:Pedestrian,,,,Collision with Non-Motorist:Pedestrian,Level,Crossover Related,Not Applicable,Dark-Lighted,Dry,Clear,,,0.0,Straight,1.0,,DR3447,PENNS,,,,1.0,3.0,0.0,0.0,1.0,0.0,0.0,0.0,0.0,0.0,0.0,1.0,0.0,0.0,1.0,0.0,Y,Motorvehicle; Scooter,Y,,,,1.0,,,,,,Going straight,West,No contributing action,No apparent contributing factor,West,Traveling on sidealk against traffic,Other factor,1.0,Y,,2,Sunday,22
223934,2022-15717,39.72906361,-104.9835991,2022-05-06,2026-04-19 21:15:00,DENVER,DENVER,DPD,3/662S,,Pedestrian,Pedestrian,0,0,0,0.0,0.0,0.0,0.0,0.0,8TH AVE E ,300 BLK E,8TH AVE E  & 300 BLK E,0.0,,,0.0,,0.0,0.0,0.0,0.0,,,On-roadway,1,Collision with Non-Motorist:Pedestrian,,,,Collision with Non-Motorist:Pedestrian,Level,At Intersection,Not Applicable,Dark-Lighted,Dry,Clear,,,0.0,Straight,2.0,,DR3447,BLKE,,,,1.0,0.0,0.0,0.0,0.0,0.0,1.0,0.0,0.0,0.0,0.0,1.0,0.0,0.0,0.0,0.0,Y,Motorvehicle; Scooter,Y,,,,1.0,,,,,,Going straight,East,Failed to yield row,Looked/did not see,East,Other,Unknown,1.0,Y,,2,Friday,21
223990,2022-15751,39.73685455,-104.99045691,2022-05-03,2026-04-19 15:51:00,DENVER,DENVER,DPD,2/631S,3,Pedestrian,Pedestrian,0,1,0,0.0,1.0,0.0,0.0,0.0,13TH AVE W,BANNOCK ST,13TH AVE W & BANNOCK ST,60.0,Feet,W,0.0,,0.0,0.0,0.0,0.0,,,On-roadway,2,Collision with Non-Motorist:Pedestrian,,,,Collision with Non-Motorist:Pedestrian,Level,Non-intersection,Not Applicable,Daylight,Dry,Clear,,,0.0,Straight,1.0,,DR3447,BANNO,,,,1.0,2.0,0.0,1.0,0.0,0.0,1.0,0.0,0.0,0.0,0.0,1.0,0.0,1.0,0.0,0.0,Y,Motorvehicle; Scooter,Y,,,,1.0,Entering/leaving parked position,West,Careless driving,Unknown,30.0,,,,,West,No contributing action,No apparent contributing factor,1.0,Y,,2,Tuesday,15
224685,2022-16142,39.69667345,-104.99187845,2022-04-21,2026-04-19 21:26:00,DENVER,DENVER,DPD,39/TOM26,,Pedestrian,Pedestrian,0,1,0,0.0,1.0,0.0,0.0,0.0,SANTA FE DR S,MISSISSIPPI AVE W,SANTA FE DR S & MISSISSIPPI AVE W,5.0,Feet,W,209.8,,0.0,1.0,0.0,0.0,At the milepoint,,On-roadway,,Collision with Non-Motorist:Pedestrian,,,,Collision with Non-Motorist:Pedestrian,Level,At Intersection,Not Applicable,Dark-Lighted,Dry,Clear,,085B,0.0,Straight,1.0,,DR3447,,,,,1.0,3.0,0.0,0.0,1.0,0.0,2.0,0.0,0.0,0.0,0.0,1.0,0.0,0.0,1.0,0.0,Y,Motorvehicle; Scooter,Y,,,,1.0,,,,,,Going straight,West,No contributing action,No apparent contributing factor,West,"Failure to obey traffic signs, signals, or officer",Looked/did not see,1.0,Y,,2,Thursday,21
225395,2022-16499,39.76094991,-105.0043326,2022-05-14,2026-04-19 23:00:00,DENVER,DENVER,DPD,3/151S,,Pedestrian,Pedestrian,0,1,0,0.0,1.0,0.0,0.0,0.0,20TH ST,I-25 NB OFF RAMP,20TH ST & I-25 NB OFF RAMP,0.0,At the intersection,,,,0.0,0.0,0.0,0.0,,,On-roadway,2,Collision with Non-Motorist:Pedestrian,,,,Collision with Non-Motorist:Pedestrian,Uphill,At Intersection,Not Applicable,Dark-Lighted,Dry,Clear,,25,1.0,Straight,1.0,,DR3447,O,,,,1.0,2.0,0.0,1.0,0.0,0.0,2.0,0.0,0.0,0.0,0.0,1.0,0.0,1.0,0.0,0.0,Y,Motorvehicle; Scooter,Y,,,,1.0,Making right turn,North,Failed to yield row,Looked/did not see,35.0,,,,,West,Cross/enter at intersection,No apparent contributing factor,1.0,Y,,2,Saturday,23
225478,2022-16550,39.75638817,-104.98738941,2022-05-14,2026-04-19 19:10:00,DENVER,DENVER,DPD,6/642S,,Pedestrian,Pedestrian,0,0,0,0.0,0.0,0.0,0.0,0.0,24TH ST,BROADWAY ST N,24TH ST & BROADWAY ST N,0.0,At the intersection,,0.0,,0.0,0.0,0.0,0.0,,,On-roadway,2,Collision with Non-Motorist:Pedestrian,,,,Collision with Non-Motorist:Pedestrian,Level,At Intersection,Not Applicable,Daylight,Dry,Clear,,,0.0,Straight,2.0,,DR3447,BROAD,,,,1.0,0.0,0.0,0.0,0.0,0.0,1.0,0.0,0.0,0.0,0.0,1.0,0.0,0.0,0.0,0.0,Y,Motorvehicle; Scooter,Y,,,,1.0,,,,,,Other,West,No contributing action,No apparent contributing factor,West,"Failure to obey traffic signs, signals, or officer",Unknown,1.0,Y,,2,Saturday,19
228657,2022-18378,39.74762721,-105.00264751,2022-05-26,2026-04-19 10:10:00,DENVER,DENVER,DPD,1-179A,2,Pedestrian,Pedestrian,0,0,0,0.0,0.0,0.0,0.0,0.0,SPEER BLVD N,AURARIA PKWY,SPEER BLVD N & AURARIA PKWY,0.0,At the intersection,,0.0,,0.0,0.0,0.0,0.0,,,On-roadway,4,Collision with Non-Motorist:Pedestrian,,,,Collision with Non-Motorist:Pedestrian,Level,At Intersection,Not Applicable,Daylight,Dry,Clear,,,0.0,Straight,2.0,,DR3447,AURAR,,,,1.0,0.0,0.0,0.0,0.0,0.0,0.0,0.0,0.0,0.0,0.0,1.0,0.0,0.0,0.0,0.0,Y,Motorvehicle; Scooter,Y,,,,1.0,Making right turn,South,Unknown,Unknown,35.0,,,,,East,No contributing action,Unknown,1.0,Y,,2,Thursday,10
228993,2022-18540,39.75967152,-105.00177822,2022-05-28,2026-04-19 20:11:00,DENVER,DENVER,DPD,3/652I,1,Pedestrian,Pedestrian,0,0,0,0.0,0.0,0.0,0.0,0.0,20TH ST,LITTLE RAVEN ST,20TH ST & LITTLE RAVEN ST,5.0,Feet,S,0.0,,0.0,0.0,0.0,0.0,,,On-roadway,1,Collision with Non-Motorist:Pedestrian,,,,Collision with Non-Motorist:Pedestrian,Level,At Intersection,Not Applicable,Dawn or Dusk,Dry,Clear,,,0.0,Straight,2.0,,DR3447,LITTL,,,,1.0,0.0,0.0,0.0,0.0,0.0,1.0,0.0,0.0,0.0,0.0,1.0,0.0,0.0,0.0,0.0,Y,Motorvehicle; Scooter,Y,,,,1.0,Making right turn,North,Failed to stop at signal,Aggressive driving,25.0,,,,,West,No contributing action,Unknown,1.0,Y,,2,Saturday,20
229912,2022-19026,39.71812057,-105.02524405,2022-05-29,2026-04-19 10:52:00,DENVER,DENVER,DPD,1-CRT40,2,Pedestrian,Pedestrian,0,1,0,0.0,1.0,0.0,0.0,0.0,FEDERAL BLVD ,1ST AVE W,FEDERAL BLVD  & 1ST AVE W,12.0,Feet,S,,,0.0,1.0,0.0,0.0,,,On-roadway,,Collision with Non-Motorist:Pedestrian,,,,Collision with Non-Motorist:Pedestrian,Level,At Intersection,Not Applicable,Daylight,Dry,Rain,,,0.0,Straight,1.0,,DR3447,,,,,1.0,2.0,0.0,1.0,0.0,0.0,1.0,0.0,0.0,0.0,0.0,1.0,0.0,1.0,0.0,0.0,Y,Motorvehicle; Scooter,Y,,,,1.0,Making right turn,South,Unknown,Unknown,30.0,,,,,South,Cross/enter at intersection,No apparent contributing factor,1.0,Y,,2,Sunday,10
231517,2022-19894,39.72533417,-104.9161488,2022-05-29,2026-04-19 14:50:00,DENVER,DENVER,DPD,2/341C,,Pedestrian,Pedestrian,0,1,0,0.0,1.0,0.0,0.0,0.0,KRAMERIA ST N,6TH AVE E,KRAMERIA ST N & 6TH AVE E,0.0,,,0.0,,0.0,0.0,0.0,0.0,,,On-roadway,1,Collision with Non-Motorist:Pedestrian,,,,Collision with Non-Motorist:Pedestrian,Level,At Intersection,Not Applicable,Daylight,Dry,Clear,,,0.0,Straight,1.0,,DR3447,AVE,,,,1.0,3.0,0.0,0.0,1.0,0.0,1.0,0.0,0.0,0.0,0.0,1.0,0.0,0.0,1.0,0.0,Y,Motorvehicle; Scooter,Y,,,,1.0,Going straight,North,Careless driving; Disregard stop sign,Age/driver ability,35.0,,,,,East,Cross/enter at intersection,No apparent contributing factor,1.0,Y,,2,Sunday,14
232468,2022-20361,39.71632991,-104.99216837,2022-06-09,2026-04-19 17:05:00,DENVER,DENVER,DPD,2,,Pedestrian,Pedestrian,0,0,0,0.0,1.0,0.0,0.0,0.0,CHEROKEE ST S,ELLSWORTH AVE W,CHEROKEE ST S & ELLSWORTH AVE W,100.0,Feet,S,0.0,,0.0,0.0,0.0,0.0,,,On-roadway,,Collision with Non-Motorist:Pedestrian,,,,Collision with Non-Motorist:Pedestrian,Level,Non-intersection,Not Applicable,Daylight,Dry,Clear,,,0.0,Straight,1.0,,DR3447,ELLSW,,,,1.0,0.0,0.0,0.0,0.0,0.0,1.0,0.0,0.0,0.0,0.0,1.0,0.0,0.0,0.0,0.0,Y,Motorvehicle; Scooter,Y,,,,1.0,Passing,South,Careless driving,Aggressive driving,30.0,,,,,North,No contributing action,No apparent contributing factor,1.0,Y,,2,Thursday,17
234355,2022-21395,39.70942668,-105.02981764,2022-06-17,2026-04-19 18:32:00,DENVER,DENVER,DPD,03/451C,,Pedestrian,Pedestrian,0,2,0,0.0,2.0,0.0,0.0,0.0,DAKOTA AVE W,IRVING ST S,DAKOTA AVE W & IRVING ST S,0.0,,,0.0,,0.0,0.0,0.0,0.0,,,On-roadway,1,Collision with Non-Motorist:Pedestrian,Collision with Non-Motorist:Pedestrian,,,Collision with Non-Motorist:Pedestrian,Level,At Intersection,Not Applicable,Daylight,Dry,Clear,,,1.0,Straight,1.0,,DR3447,IRVIN,,,,1.0,2.0,0.0,2.0,0.0,0.0,1.0,0.0,0.0,0.0,0.0,2.0,0.0,2.0,0.0,0.0,Y,Motorvehicle; Scooter,Y,,,,1.0,Going straight,West,No contributing action,No apparent contributing factor,25.0,,,,,South; South,No contributing action; No contributing action,No apparent contributing factor; No apparent contributing factor,1.0,Y,,2,Friday,18
236342,2022-21969,39.74483508,-104.97339037,2022-06-04,2026-04-19 02:01:00,DENVER,DENVER,DPD,3/661D,1,Pedestrian,Pedestrian,0,0,0,0.0,0.0,0.0,0.0,0.0,DOWNING ST N,18TH AVE E,DOWNING ST N & 18TH AVE E,0.0,At the intersection,,0.0,,0.0,0.0,0.0,0.0,,,On-roadway,,Collision with Non-Motorist:Pedestrian,,,,Collision with Non-Motorist:Pedestrian,Level,At Intersection,Not Applicable,Dark-Lighted,Dry,Clear,,,0.0,Straight,2.0,,DR3447,AVE,,,,1.0,0.0,0.0,0.0,0.0,0.0,1.0,0.0,0.0,0.0,0.0,1.0,0.0,0.0,0.0,0.0,Y,Motorvehicle; Scooter,Y,,,,1.0,,,,,,Going straight,South,Unknown,Unknown,South,Other,Unknown,1.0,Y,,2,Saturday,02
236620,2022-22112,39.76695953,-104.96595211,2022-06-20,2026-04-19 17:13:00,DENVER,DENVER,DPD,2/231D,,Pedestrian,Pedestrian,0,1,0,0.0,1.0,0.0,0.0,0.0,36TH AVE E,WILLIAMS ST N,36TH AVE E & WILLIAMS ST N,0.0,At the intersection,,0.0,,0.0,0.0,0.0,0.0,,,On-roadway,,Collision with Non-Motorist:Pedestrian,,,,Collision with Non-Motorist:Pedestrian,Level,At Intersection,Not Applicable,Daylight,Dry,Clear,,,0.0,Straight,1.0,,DR3447,WILLI,,,,1.0,2.0,0.0,1.0,0.0,0.0,1.0,0.0,0.0,0.0,0.0,1.0,0.0,1.0,0.0,0.0,Y,Motorvehicle; Scooter,Y,,,,1.0,,,,,,Going straight,North,No contributing action,No apparent contributing factor,North,Failure to yield right-of-way,No apparent contributing factor,1.0,Y,,2,Monday,17
237539,2022-22556,39.73385657,-104.98741541,2022-06-24,2026-04-19 22:59:00,DENVER,DENVER,DPD,6/651F,,Pedestrian,Pedestrian,0,1,0,0.0,2.0,0.0,0.0,0.0,E 11TH AVE,N BROADWAY ST,E 11TH AVE & N BROADWAY ST,50.0,Feet,E,0.0,,0.0,0.0,0.0,0.0,,,On-roadway,1,Collision with Non-Motorist:Pedestrian,,,,Collision with Non-Motorist:Pedestrian,Level,Crossover Related,Not Applicable,Dark-Lighted,Dry,Clear,,,1.0,Straight,1.0,,DR3447,BROAD,,,,1.0,2.0,0.0,1.0,0.0,0.0,2.0,0.0,0.0,0.0,0.0,1.0,0.0,1.0,0.0,0.0,Y,Motorvehicle; Scooter,Y,,,,1.0,,,,,,Going straight,West,,No apparent contributing factor,West,Traveling along roadway against traffic (in or adjacent to travel lane),Other factor,1.0,Y,,2,Friday,22
239355,2022-23481,39.75159036,-104.99083078,2022-06-26,2026-04-19 00:44:00,DENVER,DENVER,DPD,3/651S,2,Pedestrian,Pedestrian,0,1,0,0.0,1.0,0.0,0.0,0.0,20TH ST,ARAPAHOE ST,20TH ST & ARAPAHOE ST,0.0,,,0.0,,0.0,0.0,0.0,0.0,,,On-roadway,,Collision with Non-Motorist:Pedestrian,,,,Collision with Non-Motorist:Pedestrian,Level,At Intersection,Not Applicable,Dark-Lighted,Dry,Clear,,,0.0,Straight,1.0,,DR3447,ARAPA,,,,1.0,2.0,0.0,1.0,0.0,0.0,0.0,0.0,0.0,0.0,0.0,1.0,0.0,1.0,0.0,0.0,Y,Motorvehicle; Scooter,Y,,,,1.0,Other,Unknown,Unknown,Unknown,99.0,,,,,Unknown,Other,Under the influence of alcohol/drugs,1.0,Y,,2,Sunday,00
239365,2022-23485,39.72334102,-104.98379509,2022-06-04,2026-04-19 22:22:00,DENVER,DENVER,DPD,3/351C,1,Pedestrian,Pedestrian,0,1,0,0.0,1.0,0.0,0.0,0.0,N GRANT ST,E SPEER BLVD,N GRANT ST & E SPEER BLVD,30.0,Feet,S,0.0,,0.0,0.0,0.0,0.0,,,On-roadway,1,Collision with Non-Motorist:Pedestrian,,,,Collision with Non-Motorist:Pedestrian,Level,Intersection Related,Not Applicable,Dark-Lighted,Dry,Clear,,,1.0,Straight,1.0,,DR3447,SPEER,,,,1.0,3.0,0.0,0.0,1.0,0.0,1.0,0.0,0.0,0.0,0.0,1.0,0.0,0.0,1.0,0.0,Y,Motorvehicle; Scooter,Y,,,,1.0,Making right turn,South,Careless driving; Too fast for conditions,Unknown,25.0,,,,,North,No contributing action,No apparent contributing factor,1.0,Y,,2,Saturday,22
239999,2022-23836,39.7540175,-104.99641226,2022-07-05,2026-04-19 07:47:00,DENVER,DENVER,DPD,1-CRT40,,Pedestrian,Pedestrian,0,1,0,0.0,1.0,0.0,0.0,0.0,19TH ST,WAZEE ST,19TH ST & WAZEE ST,0.0,At the intersection,N,0.0,,0.0,0.0,0.0,0.0,,,On-roadway,,Collision with Non-Motorist:Pedestrian,Collision with Non-Motorist:Pedestrian,,,Collision with Non-Motorist:Pedestrian,Level,At Intersection,Not Applicable,Daylight,Dry,Rain,,,0.0,Straight,2.0,,DR3447,,,,,1.0,1.0,1.0,0.0,0.0,0.0,2.0,0.0,0.0,0.0,0.0,1.0,1.0,0.0,0.0,0.0,Y,Motorvehicle; Scooter,Y,,,,2.0,,,,,,Going straight; Stopped in traffic,South; West,No contributing action; No contributing action,No apparent contributing factor; No apparent contributing factor,South,Failure to yield right-of-way,Unknown,1.0,Y,,3,Tuesday,07
240028,2022-23855,39.74123316,-104.98944768,2022-06-29,2026-04-19 16:55:00,DENVER,DENVER,DPD,2/MALL22,,Pedestrian,Pedestrian,0,0,0,0.0,0.0,0.0,0.0,0.0,15TH ST [2800 BLK[,COURT PL,15TH ST [2800 BLK[ & COURT PL,150.0,Feet,E,0.0,,0.0,0.0,0.0,0.0,,,On Private Property,,Collision with Non-Motorist:Pedestrian,,,,Collision with Non-Motorist:Pedestrian,Level,Driveway Access Related,Not Applicable,Daylight,Dry,Clear,,,0.0,Straight,2.0,,DR3447,,,,,1.0,0.0,0.0,0.0,0.0,0.0,1.0,0.0,0.0,0.0,0.0,1.0,0.0,0.0,0.0,0.0,Y,Motorvehicle; Scooter,Y,,,,1.0,,,,,,Going straight,East,Unknown,Unknown,East,Improper passing,Unknown,1.0,Y,,2,Wednesday,16
240098,2022-23892,39.73681248,-104.95859622,2022-07-05,2026-04-19 12:00:00,DENVER,DENVER,DPD,1-CRT64,,Pedestrian,Pedestrian,0,1,0,0.0,1.0,0.0,0.0,0.0,N JOSEPHINE ST,E 13TH AVE,N JOSEPHINE ST & E 13TH AVE,0.0,At the intersection,,0.0,,0.0,0.0,0.0,0.0,,,On-roadway,2,Collision with Non-Motorist:Pedestrian,,,,Collision with Non-Motorist:Pedestrian,Level,At Intersection,Not Applicable,Daylight,Dry,Clear,,,1.0,Straight,1.0,,DR3447,,,,,1.0,2.0,0.0,1.0,0.0,0.0,1.0,0.0,0.0,0.0,0.0,1.0,0.0,1.0,0.0,0.0,Y,Motorvehicle; Scooter,Y,,,,1.0,Making right turn,West,Failed to yield row,Looked/did not see,30.0,,,,,West,Cross/enter at intersection,No apparent contributing factor,1.0,Y,,3,Tuesday,12
242145,2022-24831,39.74839479,-104.99151993,2022-07-12,2026-04-19 16:30:00,DENVER,DENVER,DPD,1-CRT64,,Fell from Motor Vehicle,Non-collision crash,0,1,0,0.0,1.0,0.0,0.0,0.0,CHAMPA ST,18TH ST,CHAMPA ST & 18TH ST,0.0,At the intersection,,0.0,,0.0,0.0,0.0,0.0,,,On-roadway,,Collision with Non-Motorist:Pedestrian,,,,Collision with Non-Motorist:Pedestrian,Level,At Intersection,Not Applicable,Daylight,Dry,Clear,,,0.0,Straight,1.0,,DR3447,18THS,,,,1.0,2.0,0.0,1.0,0.0,0.0,1.0,0.0,0.0,0.0,0.0,1.0,0.0,1.0,0.0,0.0,Y,Motorvehicle; Scooter,Y,,,,1.0,Making right turn,South,Failed to yield row,Looked/did not see,30.0,,,,,South,No contributing action,No apparent contributing factor,1.0,Y,,3,Tuesday,16
243030,2022-25255,39.76082855,-105.0040972,2022-07-16,2026-04-19 20:53:00,DENVER,DENVER,DPD,2/113,,Pedestrian,Pedestrian,0,1,0,0.0,1.0,0.0,0.0,0.0,I-25 NB EXIT RAMP,20TH ST,I-25 NB EXIT RAMP & 20TH ST,0.0,At the intersection,,211.0,,0.0,0.0,0.0,0.0,At the milepoint,,On-roadway,2,Collision with Non-Motorist:Pedestrian,,,,Collision with Non-Motorist:Pedestrian,Uphill,Intersection Related,Not Applicable,Dark-Lighted,Dry,Clear,,25,1.0,Curve Unknown Direction,1.0,,DR3447,O,,,,1.0,1.0,1.0,0.0,0.0,0.0,1.0,0.0,0.0,0.0,0.0,1.0,1.0,0.0,0.0,0.0,Y,Motorvehicle; Scooter,Y,,,,1.0,Making right turn,North,Failed to yield row,Looked/did not see,25.0,,,,,West,No contributing action,No apparent contributing factor,1.0,Y,,3,Saturday,20
244739,2022-26205,39.74335811,-104.98737619,2022-07-22,2026-04-19 23:42:00,DENVER,DENVER,DPD,2/642S,,Pedestrian,Pedestrian,0,1,0,0.0,1.0,0.0,0.0,0.0,N BROADWAY ST,E 17TH AVE,N BROADWAY ST & E 17TH AVE,10.0,Feet,E,0.0,,0.0,0.0,0.0,0.0,,,On-roadway,,Collision with Non-Motorist:Pedestrian,,,,Collision with Non-Motorist:Pedestrian,Uphill,Mid-Block Crosswalk,Not Applicable,Dark-Lighted,Dry,Clear,,,0.0,Straight,1.0,,DR3447,,,,,1.0,1.0,1.0,0.0,0.0,0.0,1.0,0.0,0.0,0.0,0.0,1.0,1.0,0.0,0.0,0.0,Y,Motorvehicle; Scooter,Y,,,,1.0,Making left turn,South,Unknown,Unknown,35.0,,,,,North,Other,Unknown,1.0,Y,,3,Friday,23
244834,2022-26258,39.73045372,-104.98740293,2022-06-26,2026-04-19 01:58:00,DENVER,DENVER,DPD,1-313b,,Pedestrian,Pedestrian,0,0,0,0.0,1.0,0.0,0.0,0.0,N BROADWAY ST,E 9TH AVE,N BROADWAY ST & E 9TH AVE,0.0,,,0.0,,0.0,0.0,0.0,0.0,,,On-roadway,,Collision with Non-Motorist:Pedestrian,,,,Collision with Non-Motorist:Pedestrian,,At Intersection,Not Applicable,Dark-Lighted,Dry,Clear,,,0.0,Straight,1.0,,DR3447,9THAV,,,,1.0,0.0,0.0,0.0,0.0,0.0,1.0,0.0,0.0,0.0,0.0,1.0,0.0,0.0,0.0,0.0,Y,Motorvehicle; Scooter,Y,,,,1.0,Making left turn,South,No contributing action,No apparent contributing factor,99.0,,,,,North,No contributing action,No apparent contributing factor,1.0,Y,,2,Sunday,01
251361,2022-29602,39.71657574,-104.98750168,2022-08-08,2026-04-19 14:40:00,DENVER,DENVER,DPD,2 / 379C,,Pedestrian,Pedestrian,0,1,0,0.0,0.0,0.0,0.0,0.0,S BROADWAY ST,W ELLSWORTH AVE,S BROADWAY ST & W ELLSWORTH AVE,0.0,At the intersection,,0.0,,0.0,0.0,0.0,0.0,,,On-roadway,1,Collision with Non-Motorist:Pedestrian,Collision with Non-Motorist:Pedestrian,,,Collision with Non-Motorist:Pedestrian,Level,At Intersection,Not Applicable,Daylight,Dry,Clear,,,1.0,Straight,2.0,,DR3447,ELLSW,,,,1.0,3.0,0.0,0.0,1.0,0.0,2.0,0.0,0.0,1.0,0.0,1.0,0.0,0.0,0.0,0.0,Y,Motorvehicle; Motorcycle; Scooter,Y,Y,,,2.0,Going straight,North,Careless driving,Driver inexperience,30.0,Going straight,East,No contributing action,No apparent contributing factor,North,Other,Inexperience,1.0,Y,,3,Monday,14
253567,2022-30773,39.75710486,-104.99648722,2022-08-23,2026-04-19 20:13:00,DENVER,DENVER,DPD,2/632F,3,Pedestrian,Pedestrian,0,0,0,0.0,0.0,0.0,0.0,0.0,21ST ST,WEWATTA ST,21ST ST & WEWATTA ST,0.0,,,0.0,,0.0,0.0,0.0,0.0,,,On-roadway,1,Collision with Non-Motorist:Pedestrian,,,,Collision with Non-Motorist:Pedestrian,Uphill,At Intersection,Not Applicable,Dark-Lighted,Dry,Clear,,,0.0,Straight,2.0,,DR3447,WEWAT,,,,1.0,0.0,0.0,0.0,0.0,0.0,1.0,0.0,0.0,0.0,0.0,1.0,0.0,0.0,0.0,0.0,Y,Motorvehicle; Scooter,Y,,,,1.0,Other,East,Other contributing action,No apparent contributing factor,35.0,,,,,North,No contributing action,Unknown,1.0,Y,,3,Tuesday,20
253804,2022-30928,39.7517132,-104.98374433,2022-08-23,2026-04-19 20:06:00,DENVER,DENVER,DPD,2/CRT92,,Pedestrian,Pedestrian,0,1,0,0.0,1.0,0.0,0.0,0.0,PARK AVE W,CALIFORNIA ST,PARK AVE W & CALIFORNIA ST,0.0,At the intersection,,0.0,,0.0,0.0,0.0,0.0,,,On-roadway,5,Collision with Non-Motorist:Pedestrian,,,,Collision with Non-Motorist:Pedestrian,Level,At Intersection,Not Applicable,Dark-Lighted,Dry,Clear,,,5.0,Straight,1.0,,DR3447,CALIF,,,,1.0,3.0,0.0,0.0,1.0,0.0,2.0,0.0,0.0,0.0,0.0,1.0,0.0,0.0,1.0,0.0,Y,Motorvehicle; Scooter,Y,,,,1.0,,,,,,Going straight,West,No contributing action,No apparent contributing factor,West,Cross/enter at intersection,Unfamiliar with area,1.0,Y,,3,Tuesday,20
254420,2022-31239,39.73385657,-104.98741541,2022-08-24,2026-04-19 08:00:00,DENVER,DENVER,DPD,1/CRT65,,Pedestrian,Pedestrian,0,1,0,0.0,1.0,0.0,0.0,0.0,1135 N BROADWAY,E 11TH AVE,1135 N BROADWAY & E 11TH AVE,0.0,,,0.0,,0.0,0.0,0.0,0.0,,,On-roadway,,Collision with Non-Motorist:Pedestrian,,,,Collision with Non-Motorist:Pedestrian,,Driveway Access Related,Not Applicable,Daylight,Dry,Clear,,,0.0,Straight,1.0,,DR3447,A0011,,,,1.0,1.0,1.0,0.0,0.0,0.0,1.0,0.0,0.0,0.0,0.0,1.0,1.0,0.0,0.0,0.0,Y,Motorvehicle; Scooter,Y,,,,1.0,,,,,,Going straight,Unknown,No contributing action,No apparent contributing factor,Unknown,Other,No apparent contributing factor,1.0,Y,,3,Wednesday,08
254432,2022-31246,39.74820045,-104.95976727,2022-08-24,2026-04-19 18:22:00,DENVER,DENVER,DPD,2/233B,,Pedestrian,Pedestrian,0,1,0,0.0,1.0,0.0,0.0,0.0,E 21ST AVE,N YORK ST,E 21ST AVE & N YORK ST,0.0,At the intersection,,0.0,,0.0,0.0,0.0,0.0,,,On-roadway,2,Collision with Non-Motorist:Pedestrian,,,,Collision with Non-Motorist:Pedestrian,Level,At Intersection,Not Applicable,Daylight,Dry,Clear,,,0.0,Straight,1.0,,DR3447,YORKS,,,,1.0,2.0,0.0,1.0,0.0,0.0,2.0,0.0,0.0,0.0,0.0,1.0,0.0,1.0,0.0,0.0,Y,Motorvehicle; Scooter,Y,,,,1.0,Making right turn,West,Failed to yield row,Driver inexperience,35.0,,,,,West,Cross/enter at intersection,No apparent contributing factor,1.0,Y,,3,Wednesday,18
254631,2022-31370,39.6561635,-105.05297473,2022-08-27,2026-04-19 12:30:00,DENVER,DENVER,DPD,1/423J,,Pedestrian,Pedestrian,0,0,0,0.0,1.0,0.0,0.0,0.0,DARTMOUTH AVE 5100 BLK W ,S SHERIDAN BLVD,DARTMOUTH AVE 5100 BLK W  & S SHERIDAN BLVD,70.0,Feet,E,0.0,,0.0,0.0,0.0,0.3,Miles,NE,On-roadway,1,Collision with Non-Motorist:Pedestrian,,,,Collision with Non-Motorist:Pedestrian,Level,Driveway Access Related,Not Applicable,Daylight,Dry,Clear,,95,0.0,Straight,1.0,,DR3447,SHERI,,,,1.0,0.0,0.0,0.0,0.0,0.0,1.0,0.0,0.0,0.0,0.0,1.0,0.0,0.0,0.0,0.0,Y,Motorvehicle; Scooter,Y,,,,1.0,,,,,,Going straight,West,No contributing action,No apparent contributing factor,West,Traveling along roadway against traffic (in or adjacent to travel lane),No apparent contributing factor,1.0,Y,,3,Saturday,12
254645,2022-31376,39.74003356,-104.99879833,2022-08-27,2026-04-19 07:50:00,DENVER,DENVER,DPD,1/123,,Pedestrian,Pedestrian,0,1,0,0.0,1.0,0.0,0.0,0.0,W COLFAX AVE,N SPEER BLVD,W COLFAX AVE & N SPEER BLVD,0.0,At the intersection,N,298.0,,0.0,1.0,0.0,0.0,At the milepoint,N,On-roadway,1,Collision with Non-Motorist:Pedestrian,,,,Collision with Non-Motorist:Pedestrian,Level,At Intersection,Not Applicable,Daylight,Dry,Clear,,40,1.0,Straight,1.0,,DR3447,,,,,1.0,3.0,0.0,0.0,1.0,0.0,1.0,0.0,0.0,0.0,0.0,1.0,0.0,0.0,1.0,0.0,Y,Motorvehicle; Scooter,Y,,,,1.0,,,,,,Going straight,East,No contributing action,No apparent contributing factor,East,"Failure to obey traffic signs, signals, or officer; Failure to yield right-of-way",No apparent contributing factor,1.0,Y,,3,Saturday,07
255527,2022-31856,39.76018476,-105.00688594,2022-08-28,2026-04-19 13:15:00,DENVER,DENVER,DPD,2/143E,,Pedestrian,Pedestrian,0,0,0,0.0,1.0,0.0,0.0,0.0,CENTRAL ST,18TH ST,CENTRAL ST & 18TH ST,0.0,At the intersection,,0.0,,0.0,0.0,0.0,0.0,,,On-roadway,,Collision with Non-Motorist:Pedestrian,,,,Collision with Non-Motorist:Pedestrian,Level,At Intersection,Not Applicable,Daylight,Dry,Clear,,,0.0,Straight,1.0,,DR3447,18THS,,,,1.0,0.0,0.0,0.0,0.0,0.0,1.0,0.0,0.0,0.0,0.0,1.0,0.0,0.0,0.0,0.0,Y,Motorvehicle; Scooter,Y,,,,1.0,,,,,,Going straight,Unknown,No contributing action,No apparent contributing factor,Unknown,Traveling on sidealk against traffic,No apparent contributing factor,1.0,Y,,3,Sunday,13
256132,2022-32182,39.74839479,-104.99151993,2022-08-29,2026-04-19 10:00:00,DENVER,DENVER,DPD,2/CRT37,,Pedestrian,Pedestrian,0,0,0,0.0,1.0,0.0,0.0,0.0,CHAMPA ST,18TH ST,CHAMPA ST & 18TH ST,0.0,At the intersection,,0.0,,0.0,0.0,0.0,0.0,,,On-roadway,1,Collision with Non-Motorist:Pedestrian,,,,Collision with Non-Motorist:Pedestrian,Level,At Intersection,Not Applicable,Daylight,Dry,Clear,,,0.0,Straight,1.0,,DR3447,18THS,,,,1.0,0.0,0.0,0.0,0.0,0.0,1.0,0.0,0.0,0.0,0.0,1.0,0.0,0.0,0.0,0.0,Y,Motorvehicle; Scooter,Y,,,,1.0,Making right turn,West,Failed to yield row,Distracted/other exterior,25.0,,,,,West,Traveling along roadway with traffic (in or adjacent to travel lane),No apparent contributing factor,1.0,Y,,3,Monday,10
256215,2022-32220,39.73839078,-104.95869161,2022-07-28,2026-04-19 22:10:00,DENVER,DENVER,DPD,3 - 252D,,Pedestrian,Pedestrian,0,1,0,0.0,1.0,0.0,0.0,0.0,E 14TH AVE,N JOSEPHINE ST,E 14TH AVE & N JOSEPHINE ST,0.0,At the intersection,N,0.0,,0.0,0.0,0.0,0.0,,,On-roadway,1,Collision with Non-Motorist:Pedestrian,,,,Collision with Non-Motorist:Pedestrian,Level,At Intersection,Not Applicable,Dark-Lighted,Dry,Clear,,,4.0,Straight,1.0,,DR3447,JOSEP,,,,1.0,3.0,0.0,0.0,1.0,0.0,1.0,0.0,0.0,0.0,0.0,1.0,0.0,0.0,1.0,0.0,Y,Motorvehicle; Scooter,Y,,,,1.0,,,,,,Going straight,East,No contributing action,No apparent contributing factor,East,"Failure to obey traffic signs, signals, or officer",Looked/did not see,1.0,Y,,3,Thursday,22
260399,2022-34408,39.73685632,-104.99572028,2022-09-13,2026-04-19 17:24:00,DENVER,DENVER,DPD,2/631S,,Pedestrian,Pedestrian,0,1,0,0.0,1.0,0.0,0.0,0.0,W 13TH AVE,SPEER BLVD,W 13TH AVE & SPEER BLVD,0.0,At the intersection,,0.0,,0.0,0.0,0.0,0.0,,,On-roadway,,Collision with Non-Motorist:Pedestrian,,,,Collision with Non-Motorist:Pedestrian,Level,At Intersection,Not Applicable,Daylight,Dry,Clear,,,0.0,Straight,1.0,,DR3447,SPEER,,,,1.0,2.0,0.0,1.0,0.0,0.0,1.0,0.0,0.0,0.0,0.0,1.0,0.0,1.0,0.0,0.0,Y,Motorvehicle; Scooter,Y,,,,1.0,,,,,,Other,East,No contributing action,No apparent contributing factor,East,Other,Other factor,1.0,Y,,3,Tuesday,17
262515,2022-35510,39.7569042,-104.98571926,2022-08-18,2026-04-19 23:22:00,DENVER,DENVER,DPD,3 / 622S,,Pedestrian,Pedestrian,0,0,0,0.0,0.0,0.0,0.0,0.0,25TH ST,LAWRENCE ST,25TH ST & LAWRENCE ST,0.0,,,0.0,,0.0,0.0,0.0,0.0,,,On-roadway,1,Collision with Non-Motorist:Pedestrian,,,,Collision with Non-Motorist:Pedestrian,Level,At Intersection,Not Applicable,Dark-Lighted,Dry,,,,2.0,Straight,2.0,,DR3447,LAWRE,,,,1.0,0.0,0.0,0.0,0.0,0.0,1.0,0.0,0.0,0.0,0.0,1.0,0.0,0.0,0.0,0.0,Y,Motorvehicle; Scooter,Y,,,,1.0,,,,,,Going straight,North,No contributing action,No apparent contributing factor,East,"Failure to obey traffic signs, signals, or officer",Other factor,1.0,Y,,3,Thursday,23
265117,2022-36850,39.71109348,-105.02992487,2022-08-23,2026-04-19 22:02:00,DENVER,DENVER,DPD,3/452A,,Pedestrian,Pedestrian,0,1,0,0.0,1.0,0.0,0.0,0.0,S IRVING ST,W ALAMEDA AVE,S IRVING ST & W ALAMEDA AVE,0.0,At the intersection,S,12.7,,0.0,1.0,0.0,0.3,Miles,W,On-roadway,3,Collision with Non-Motorist:Pedestrian,,,,Collision with Non-Motorist:Pedestrian,Level,At Intersection,Not Applicable,Dark-Lighted,Dry,,,26,0.0,Straight,1.0,,DR3447,,,,,1.0,2.0,0.0,1.0,0.0,0.0,0.0,0.0,0.0,0.0,0.0,1.0,0.0,0.0,0.0,0.0,Y,Motorvehicle; Scooter,Y,,,,1.0,Making right turn,North,Unknown,Unknown,99.0,,,,,West,Traveling on sidealk against traffic,No apparent contributing factor,1.0,Y,,3,Tuesday,22
266113,2022-37441,39.74164899,-104.96968132,2022-10-04,2026-04-19 09:55:00,DENVER,DENVER,DPD,CRT-53,,Pedestrian,Pedestrian,0,0,0,0.0,1.0,0.0,0.0,0.0,N HUMBOLDT ST,E 16TH AVE,N HUMBOLDT ST & E 16TH AVE,0.0,At the intersection,,0.0,,0.0,0.0,0.0,0.0,,,On-roadway,1,Collision with Non-Motorist:Pedestrian,,,,Collision with Non-Motorist:Pedestrian,Level,At Intersection,Not Applicable,Daylight,Dry,Cloudy,,,1.0,Straight,1.0,,DR3447,THAVE,,,,1.0,0.0,0.0,0.0,0.0,0.0,1.0,0.0,0.0,0.0,0.0,1.0,0.0,0.0,0.0,0.0,Y,Motorvehicle; Scooter,Y,,,,1.0,Going straight,South,Disregard stop sign,Looked/did not see,20.0,,,,,West,No contributing action,No apparent contributing factor,1.0,Y,,4,Tuesday,09
266785,2022-37753,39.7255769,-104.97291456,2022-10-07,2026-04-19 17:43:00,DENVER,DENVER,DPD,3-331A,,Pedestrian,Pedestrian,0,1,0,0.0,1.0,0.0,0.0,0.0,E 6TH AVE,N DOWNING ST,E 6TH AVE & N DOWNING ST,0.0,At the intersection,SW,0.0,,0.0,0.0,0.0,0.0,,,On-roadway,3,Collision with Non-Motorist:Pedestrian,,,,Collision with Non-Motorist:Pedestrian,Level,At Intersection,Not Applicable,Daylight,Dry,Clear,,,1.0,Straight,1.0,,DR3447,DOWNI,,,,1.0,2.0,0.0,1.0,0.0,0.0,1.0,0.0,0.0,0.0,0.0,1.0,0.0,1.0,0.0,0.0,Y,Motorvehicle; Scooter,Y,,,,1.0,,,,,,Going straight,South,No contributing action,No apparent contributing factor,South,Cross/enter at intersection,Other factor,1.0,Y,,4,Friday,17
270204,2022-39672,39.76228162,-104.98051493,2022-10-17,2026-04-19 07:00:00,DENVER,DENVER,DPD,1/211,2,Pedestrian,Pedestrian,0,1,0,0.0,1.0,0.0,0.0,0.0,30TH ST,LARIMER ST,30TH ST & LARIMER ST,0.0,At the intersection,,0.0,,0.0,0.0,0.0,0.0,,,On-roadway,,Collision with Non-Motorist:Pedestrian,,,,Collision with Non-Motorist:Pedestrian,Level,At Intersection,Not Applicable,Dawn or Dusk,Dry,Clear,,,0.0,Straight,1.0,,DR3447,LARIM,,,,1.0,3.0,0.0,0.0,1.0,0.0,1.0,0.0,0.0,0.0,0.0,1.0,0.0,0.0,1.0,0.0,Y,Motorvehicle; Scooter,Y,,,,1.0,Making left turn,Southeast,Failed to yield row,Not observed,25.0,,,,,Northeast,Cross/enter at intersection,No apparent contributing factor,1.0,Y,,4,Monday,07
270265,2022-39704,39.73689701,-105.00967627,2022-10-13,2026-04-19 13:27:00,DENVER,DENVER,DPD,1-179A,,Pedestrian,Pedestrian,0,1,0,0.0,1.0,0.0,0.0,0.0,W 13TH AVE,N SHOSHONE ST,W 13TH AVE & N SHOSHONE ST,200.0,Feet,E,0.0,,0.0,0.0,0.0,0.0,,,On-roadway,1,Collision with Non-Motorist:Pedestrian,,,,Collision with Non-Motorist:Pedestrian,Level,Non-intersection,Not Applicable,Daylight,Dry,Clear,,,0.0,Straight,1.0,,DR3447,SHOSH,,,,1.0,3.0,0.0,0.0,1.0,0.0,1.0,0.0,0.0,0.0,0.0,1.0,0.0,0.0,1.0,0.0,Y,Motorvehicle; Scooter,Y,,,,1.0,,,,,,Other,West,No contributing action,No apparent contributing factor,West,Other,Unknown,1.0,Y,,4,Thursday,13
272092,2022-40708,39.71657574,-104.98750168,2022-11-09,2026-04-19 15:15:00,DENVER,DENVER,DPD,2/CRT37,,Pedestrian,Pedestrian,0,1,0,0.0,1.0,0.0,0.0,0.0,E ELLSWORTH AVE,N BROADWAY ST,E ELLSWORTH AVE & N BROADWAY ST,0.0,At the intersection,,0.0,,0.0,0.0,0.0,0.0,,,On-roadway,1,Collision with Non-Motorist:Pedestrian,,,,Collision with Non-Motorist:Pedestrian,Level,At Intersection,Not Applicable,Daylight,Dry,Clear,,,0.0,Straight,1.0,,DR3447,BROAD,,,,1.0,1.0,1.0,0.0,0.0,0.0,1.0,0.0,0.0,0.0,0.0,1.0,1.0,0.0,0.0,0.0,Y,Motorvehicle; Scooter,Y,,,,1.0,Making left turn,West,Failed to yield row,Looked/did not see,25.0,,,,,West,Traveling on sidewalk with traffic,No apparent contributing factor,1.0,Y,,4,Wednesday,15
273319,2022-41229,39.73829473,-104.92578135,2022-11-13,2026-04-19 01:07:00,DENVER,DENVER,DPD,3/262F,,Pedestrian,Pedestrian,0,1,0,0.0,1.0,0.0,0.0,0.0,E 14TH AVE,N GLENCOE ST,E 14TH AVE & N GLENCOE ST,0.0,At the intersection,E,0.0,,0.0,0.0,0.0,0.0,,,On-roadway,2,Collision with Non-Motorist:Pedestrian,,,,Collision with Non-Motorist:Pedestrian,Level,At Intersection,Not Applicable,Dark-Lighted,Dry,Clear,,,1.0,Straight,1.0,,DR3447,GLENC,,,,1.0,2.0,0.0,1.0,0.0,0.0,1.0,0.0,0.0,0.0,0.0,1.0,0.0,1.0,0.0,0.0,Y,Motorvehicle; Scooter,Y,,,,1.0,,,,,,Going straight,East,No contributing action,No apparent contributing factor,East,Traveling along roadway with traffic (in or adjacent to travel lane),Other factor,1.0,Y,,4,Sunday,01
273858,2022-41547,39.75848642,-105.0299306,2022-11-12,2026-04-19 14:46:00,DENVER,DENVER,DPD,2/CRT62,,Pedestrian,Pedestrian,0,1,0,0.0,1.0,0.0,0.0,0.0,N IRVING ST,W 29TH AVE,N IRVING ST & W 29TH AVE,0.0,At the intersection,,0.0,,0.0,0.0,0.0,0.0,,,On-roadway,1,Collision with Non-Motorist:Pedestrian,,,,Collision with Non-Motorist:Pedestrian,Uphill,At Intersection,Not Applicable,Daylight,Dry,Clear,,,1.0,Straight,1.0,,DR3447,29THA,,,,1.0,2.0,0.0,1.0,0.0,0.0,1.0,0.0,0.0,0.0,0.0,1.0,0.0,1.0,0.0,0.0,Y,Motorvehicle; Scooter,Y,,,,1.0,Slowing,North,,No apparent contributing factor,25.0,,,,,West,Other,Other factor,1.0,Y,,4,Saturday,14
274393,2022-41837,39.71818293,-105.04815704,2022-10-16,2026-04-19 17:57:00,DENVER,DENVER,DPD,2/432D,,Pedestrian,Pedestrian,0,0,0,0.0,0.0,0.0,0.0,0.0,W 1ST AVE,N WOLFF ST,W 1ST AVE & N WOLFF ST,5.0,Feet,N,0.0,,0.0,0.0,0.0,0.0,,,On-roadway,1,Collision with Non-Motorist:Pedestrian,,,,Collision with Non-Motorist:Pedestrian,Level,At Intersection,Not Applicable,Daylight,Dry,Clear,,,3.0,Straight,2.0,,DR3447,WOLFF,,,,1.0,0.0,0.0,0.0,0.0,0.0,2.0,0.0,0.0,0.0,0.0,1.0,0.0,0.0,0.0,0.0,Y,Motorvehicle; Scooter,Y,,,,1.0,,,,,,Going straight,East,No contributing action,No apparent contributing factor,East,Other,Other factor,1.0,Y,,4,Sunday,17
275342,2022-42319,39.75499351,-104.99514795,2022-11-07,2026-04-19 15:30:00,DENVER,DENVER,DPD,2/101B,1,Pedestrian,Pedestrian,0,1,0,0.0,1.0,0.0,0.0,0.0,20TH ST,WAZEE ST,20TH ST & WAZEE ST,0.0,At the intersection,,0.0,,0.0,0.0,0.0,0.0,,,On-roadway,,Collision with Non-Motorist:Pedestrian,,,,Collision with Non-Motorist:Pedestrian,Uphill,Intersection Related,Not Applicable,Daylight,Dry,Clear,,,0.0,Straight,1.0,,DR3447,WAZEE,,,,1.0,2.0,0.0,1.0,0.0,0.0,0.0,0.0,0.0,0.0,0.0,1.0,0.0,1.0,0.0,0.0,Y,Motorvehicle; Scooter,Y,,,,1.0,Making right turn,North,Unknown,Unknown,30.0,,,,,South,Traveling on sidealk against traffic; Cross/enter at intersection,No apparent contributing factor,1.0,,Y,4,Monday,15
276437,2022-42923,39.7447909,-104.98921316,2022-11-24,2026-04-19 14:40:00,DENVER,DENVER,DPD,2/632c,,Pedestrian,Pedestrian,0,0,0,0.0,0.0,0.0,0.0,0.0,17TH ST,GLENARM PL,17TH ST & GLENARM PL,0.0,At the intersection,,0.0,,0.0,0.0,0.0,0.0,,,On-roadway,1,Collision with Non-Motorist:Pedestrian,,,,Collision with Non-Motorist:Pedestrian,,At Intersection,Not Applicable,Daylight,Dry,Clear,,,0.0,,2.0,,DR3447,GLENA,,,,1.0,0.0,0.0,0.0,0.0,0.0,1.0,0.0,0.0,0.0,0.0,1.0,0.0,0.0,0.0,0.0,Y,Motorvehicle; Scooter,Y,,,,1.0,,,,,,Going straight,Northwest,No contributing action,No apparent contributing factor,Northwest,"Failure to obey traffic signs, signals, or officer",Age/ability,1.0,,Y,4,Thursday,14
277520,2022-43550,39.75470838,-105.0059491,2022-11-26,2026-04-19 15:55:00,DENVER,DENVER,DPD,2,3,Pedestrian,Pedestrian,0,0,0,0.0,0.0,0.0,0.0,0.0,LITTLE RAVEN ST,BASSETT CIR,LITTLE RAVEN ST & BASSETT CIR,0.0,At the intersection,SW,0.0,,0.0,0.0,0.0,0.0,,,On-roadway,,Collision with Non-Motorist:Pedestrian,,,,Collision with Non-Motorist:Pedestrian,Level,At Intersection,Not Applicable,Daylight,Dry,Clear,,,0.0,,2.0,,DR3447,BASSE,,,,1.0,0.0,0.0,0.0,0.0,0.0,1.0,0.0,0.0,0.0,0.0,1.0,0.0,0.0,0.0,0.0,Y,Motorvehicle; Scooter,Y,,,,1.0,,,,,,Going straight,Northwest,No contributing action,Not observed,Northwest,Failure to yield right-of-way,Other factor,1.0,Y,,4,Saturday,15
280696,2022-44937,39.75008687,-105.00495331,2022-12-05,2026-04-19 11:38:00,DENVER,DENVER,DPD,1-179A,,Pedestrian,Pedestrian,0,1,0,0.0,1.0,0.0,0.0,0.0,N SPEER BLVD,CHOPPER CIR,N SPEER BLVD & CHOPPER CIR,0.0,At the intersection,,0.0,,0.0,0.0,0.0,0.0,,,On-roadway,4,Collision with Non-Motorist:Pedestrian,,,,Collision with Non-Motorist:Pedestrian,Level,At Intersection,Not Applicable,Daylight,Dry,Clear,,,0.0,Straight,1.0,,DR3447,CHOPP,,,,1.0,1.0,1.0,0.0,0.0,0.0,1.0,0.0,0.0,0.0,0.0,1.0,1.0,0.0,0.0,0.0,Y,Motorvehicle; Scooter,Y,,,,1.0,Making right turn,Southeast,Failed to yield row,No apparent contributing factor,35.0,,,,,Southeast,Cross/enter at intersection,No apparent contributing factor,1.0,Y,,4,Monday,11
280725,2022-44959,39.74706645,-104.98978429,2022-12-03,2026-04-19 19:30:00,DENVER,DENVER,DPD,2/CRT37,,Pedestrian,Pedestrian,0,1,0,0.0,1.0,0.0,0.0,0.0,CALIFORNIA ST,18TH ST,CALIFORNIA ST & 18TH ST,0.0,At the intersection,,0.0,,0.0,0.0,0.0,0.0,,,On-roadway,1,Collision with Non-Motorist:Pedestrian,,,,Collision with Non-Motorist:Pedestrian,Level,At Intersection,Not Applicable,Dawn or Dusk,Dry,Clear,,,0.0,Straight,1.0,,DR3447,18THS,,,,1.0,1.0,1.0,0.0,0.0,0.0,1.0,0.0,0.0,0.0,0.0,1.0,1.0,0.0,0.0,0.0,Y,Motorvehicle; Scooter,Y,,,,1.0,,,,,,Going straight,Northwest,No contributing action,No apparent contributing factor,Northwest,Other,"Distracted/other (food, objects, pets, etc)",1.0,Y,,4,Saturday,19
281241,2022-45187,39.73970211,-105.01662151,2022-10-29,2026-04-19 01:00:00,DENVER,DENVER,DPD,03/163C,1,Pedestrian,Pedestrian,0,1,0,0.0,1.0,0.0,0.0,0.0,AURARIA PKWY RAMP,W COLFAX AVE,AURARIA PKWY RAMP & W COLFAX AVE,10.0,Feet,N,296.8,,0.0,1.0,0.0,200.0,Feet,W,On-roadway,3,Collision with Non-Motorist:Pedestrian,,,,Collision with Non-Motorist:Pedestrian,Level,Intersection Related,Not Applicable,Dark-Unlighted,Dry,Clear,,40,1.0,Straight,1.0,,DR3447,D,,,,1.0,2.0,0.0,1.0,0.0,0.0,1.0,0.0,0.0,0.0,0.0,1.0,0.0,1.0,0.0,0.0,Y,Motorvehicle; Scooter,Y,,,,1.0,Going straight,Southwest,Careless driving,Not observed,40.0,,,,,West,No contributing action,No apparent contributing factor,1.0,Y,,4,Saturday,01
281903,2022-45543,39.74167888,-104.98613409,2022-12-07,2026-04-19 08:54:00,DENVER,DENVER,DPD,1/621S,,Pedestrian,Pedestrian,0,1,0,0.0,1.0,0.0,0.0,0.0,E 16TH AVE,N LINCOLN ST,E 16TH AVE & N LINCOLN ST,5.0,Feet,W,0.0,,0.0,0.0,0.0,0.0,,,On-roadway,4,Collision with Non-Motorist:Pedestrian,,,,Collision with Non-Motorist:Pedestrian,Level,At Intersection,Not Applicable,Daylight,Dry,Clear,,,10.0,Straight,1.0,,DR3447,LINCO,,,,1.0,1.0,1.0,0.0,0.0,0.0,1.0,0.0,0.0,0.0,0.0,1.0,1.0,0.0,0.0,0.0,Y,Motorvehicle; Scooter,Y,,,,1.0,Making right turn,West,Failed to yield row,Looked/did not see,25.0,,,,,Unknown,No contributing action,No apparent contributing factor,1.0,Y,,4,Wednesday,08
282364,2022-45793,39.74327186,-104.98108424,2022-10-24,2026-04-19 09:57:00,DENVER,DENVER,DPD,1/623d,6,Pedestrian,Pedestrian,0,0,0,0.0,1.0,0.0,0.0,0.0,N PENNSYLVANIA ST,E 17TH AVE,N PENNSYLVANIA ST & E 17TH AVE,0.0,,,0.0,,0.0,0.0,0.0,0.0,,,On-roadway,1,Collision with Non-Motorist:Pedestrian,,,,Collision with Non-Motorist:Pedestrian,Level,At Intersection,Not Applicable,Daylight,Dry,Clear,,,0.0,Straight,1.0,,DR3447,THAVE,,,,1.0,0.0,0.0,0.0,0.0,0.0,1.0,0.0,0.0,0.0,0.0,1.0,0.0,0.0,0.0,0.0,Y,Motorvehicle; Scooter,Y,,,,1.0,Making left turn,South,Unknown,No apparent contributing factor,25.0,,,,,North,Cross/enter at intersection,No apparent contributing factor,1.0,Y,,4,Monday,09
282858,2022-46030,39.74167599,-104.98203654,2022-12-12,2026-04-19 13:57:00,DENVER,DENVER,DPD,2/CRT62,,Pedestrian,Pedestrian,0,1,0,0.0,1.0,0.0,0.0,0.0,E 16TH AVE,N LOGAN ST,E 16TH AVE & N LOGAN ST,83.0,Feet,E,0.0,,0.0,0.0,0.0,0.0,,,On-roadway,,Collision with Non-Motorist:Pedestrian,,,,Collision with Non-Motorist:Pedestrian,Level,Crossover Related,Not Applicable,Daylight,Dry,Clear,,,0.0,Straight,1.0,,DR3447,LOGAN,,,,1.0,2.0,0.0,1.0,0.0,0.0,2.0,0.0,0.0,0.0,0.0,1.0,0.0,1.0,0.0,0.0,Y,Motorvehicle; Scooter,Y,,,,1.0,,,,,,Going straight,East,No contributing action,No apparent contributing factor,East,Other,Unfamiliar with area,1.0,Y,,4,Monday,13
284634,2022-46778,39.74000582,-104.98613233,2022-12-16,2026-04-19 15:50:00,DENVER,DENVER,DPD,2/CRT63,,Pedestrian,Pedestrian,0,1,0,0.0,1.0,0.0,0.0,0.0,E COLFAX AVE,N LINCOLN ST,E COLFAX AVE & N LINCOLN ST,0.0,At the intersection,,298.0,,0.0,1.0,0.0,0.2,Miles,E,On-roadway,4,Collision with Non-Motorist:Pedestrian,,,,Collision with Non-Motorist:Pedestrian,Level,At Intersection,Not Applicable,Dawn or Dusk,Dry,Clear,,040C,1.0,Straight,1.0,,DR3447,,,,,1.0,2.0,0.0,1.0,0.0,0.0,2.0,0.0,0.0,0.0,0.0,1.0,0.0,1.0,0.0,0.0,Y,Motorvehicle; Scooter,Y,,,,1.0,,,,,,Going straight,West,No contributing action,No apparent contributing factor,West,"Failure to obey traffic signs, signals, or officer",No apparent contributing factor,1.0,Y,,4,Friday,15
288747,2022-48849,39.74960794,-105.00035866,2022-12-27,2026-04-19 23:33:00,DENVER,DENVER,DPD,3/651F,,Pedestrian,Pedestrian,0,0,0,0.0,1.0,0.0,0.0,0.0,15TH ST,BLAKE ST,15TH ST & BLAKE ST,0.0,At the intersection,,0.0,,0.0,0.0,0.0,0.0,,,On-roadway,2,Collision with Non-Motorist:Pedestrian,,,,Collision with Non-Motorist:Pedestrian,Level,Intersection Related,Not Applicable,Dark-Lighted,Dry,Clear,,,0.0,Straight,1.0,,DR3447,BLAKE,,,,1.0,0.0,0.0,0.0,0.0,0.0,1.0,0.0,0.0,0.0,0.0,1.0,0.0,0.0,0.0,0.0,Y,Motorvehicle; Scooter,Y,,,,1.0,,,,,,Going straight,South,No contributing action,No apparent contributing factor,West,"Failure to obey traffic signs, signals, or officer",Looked/did not see,1.0,Y,,4,Tuesday,23
288851,2022-48885,39.74960794,-105.00035866,2022-12-27,2026-04-19 09:43:00,DENVER,DENVER,DPD,1/612C,,Pedestrian,Pedestrian,0,1,0,0.0,1.0,0.0,0.0,0.0,15TH ST,BLAKE ST,15TH ST & BLAKE ST,0.0,At the intersection,,0.0,,0.0,0.0,0.0,0.0,,,On-roadway,1,Collision with Non-Motorist:Pedestrian,,,,Collision with Non-Motorist:Pedestrian,Level,Intersection Related,Not Applicable,Daylight,Dry,Clear,,,1.0,Straight,1.0,,DR3447,BLAKE,,,,1.0,2.0,0.0,1.0,0.0,0.0,1.0,0.0,0.0,0.0,0.0,1.0,0.0,1.0,0.0,0.0,Y,Motorvehicle; Scooter,Y,,,,1.0,,,,,,Going straight,South,Unknown,Unknown,West,"Failure to obey traffic signs, signals, or officer","Distracted/other (food, objects, pets, etc)",1.0,Y,,4,Tuesday,09
297277,2022-50380,39.72974768,-104.99123199,2022-12-08,2026-04-19 08:45:00,DENVER,DENVER,DPD,1/611A,,Pedestrian,Pedestrian,0,1,0,0.0,1.0,0.0,0.0,0.0,N SPEER BLVD,N BANNOCK ST,N SPEER BLVD & N BANNOCK ST,0.0,At the intersection,,0.0,,0.0,0.0,0.0,0.0,,,On-roadway,2,Collision with Non-Motorist:Pedestrian,,,,Collision with Non-Motorist:Pedestrian,Level,At Intersection,Not Applicable,Daylight,Dry,Clear,,,4.0,Straight,1.0,,DR3447,BANNO,,,,1.0,3.0,0.0,0.0,1.0,0.0,1.0,0.0,0.0,0.0,0.0,1.0,0.0,0.0,1.0,0.0,Y,Motorvehicle; Scooter,Y,,,,1.0,,,,,,Going straight,South,No contributing action,Sun glare; Looked/did not see,West,"Failure to obey traffic signs, signals, or officer",Other factor,1.0,Y,,4,Thursday,08
310693,2022-52234,39.73367552,-104.97742797,2022-04-22,2026-04-19 16:43:00,DENVER,DENVER,DPD,1-CRT40,1,Pedestrian,Pedestrian,0,1,0,0.0,1.0,0.0,0.0,0.0,E 11TH AVE,N CLARKSON ST,E 11TH AVE & N CLARKSON ST,45.0,Feet,E,0.0,,0.0,0.0,0.0,0.0,,,Ran off right side,,Collision with Non-Motorist:Pedestrian,,,,Collision with Non-Motorist:Pedestrian,Level,Non-intersection,Not Applicable,Daylight,Dry,Rain,,,0.0,Straight,1.0,,DR3447,CLARK,,,,1.0,2.0,0.0,1.0,0.0,0.0,1.0,0.0,0.0,0.0,0.0,1.0,0.0,1.0,0.0,0.0,Y,Motorvehicle; Scooter,Y,,,,1.0,Entering/leaving parked position,East,Unknown,Unknown,30.0,,,,,Unknown,No contributing action,No apparent contributing factor,1.0,Y,,2,Friday,16
312227,2022-52577,39.74617429,-104.98743185,2022-06-14,2026-04-19 00:14:00,DENVER,DENVER,DPD,3/651F,,Pedestrian,Pedestrian,0,1,0,0.0,1.0,0.0,0.0,0.0,GLENARM PL,N BROADWAY ST,GLENARM PL & N BROADWAY ST,5.0,Feet,S,0.0,,0.0,0.0,0.0,0.0,,,On-roadway,4,Collision with Non-Motorist:Pedestrian,,,,Collision with Non-Motorist:Pedestrian,Level,At Intersection,Not Applicable,Dark-Lighted,Dry,Clear,,,1.0,Straight,1.0,,DR3447,BROAD,,,,1.0,3.0,0.0,0.0,1.0,0.0,1.0,0.0,0.0,0.0,0.0,1.0,0.0,0.0,1.0,0.0,Y,Motorvehicle; Scooter,Y,,,,1.0,,,,,,Going straight,South,No contributing action,No apparent contributing factor,East,"Failure to obey traffic signs, signals, or officer",,1.0,Y,,2,Tuesday,00
313957,2022-53145,39.74335811,-104.98737619,2022-08-04,2026-04-19 08:13:00,DENVER,DENVER,DPD,1-CRT,,Pedestrian,Pedestrian,0,1,0,0.0,1.0,0.0,0.0,0.0,17TH ST,N BROADWAY ST,17TH ST & N BROADWAY ST,0.0,At the intersection,,0.0,,0.0,0.0,0.0,0.0,,,On-roadway,1,Collision with Non-Motorist:Pedestrian,,,,Collision with Non-Motorist:Pedestrian,Level,At Intersection,Not Applicable,Daylight,Dry,Clear,,,0.0,Straight,1.0,,DR3447,BROAD,,,,1.0,1.0,1.0,0.0,0.0,0.0,1.0,0.0,0.0,0.0,0.0,1.0,1.0,0.0,0.0,0.0,Y,Motorvehicle; Scooter,Y,,,,1.0,Going straight,South,Careless driving,Not observed,25.0,,,,,South,No contributing action,No apparent contributing factor,1.0,Y,,3,Thursday,08
314340,2022-53276,39.73301555,-105.04165697,2022-08-17,2026-04-19 17:54:00,DENVER,DENVER,DPD,2/142D,1,Pedestrian,Pedestrian,0,1,0,0.0,1.0,0.0,0.0,0.0,W 10TH AVE,N RALEIGH ST,W 10TH AVE & N RALEIGH ST,0.0,At the intersection,,0.0,,0.0,0.0,0.0,0.0,,,On-roadway,1,Collision with Non-Motorist:Pedestrian,,,,Collision with Non-Motorist:Pedestrian,Uphill,Intersection Related,Not Applicable,Daylight,Dry,Clear,,,0.0,Straight,1.0,,DR3447,RALEI,,,,1.0,2.0,0.0,1.0,0.0,0.0,1.0,0.0,0.0,0.0,0.0,1.0,0.0,1.0,0.0,0.0,Y,Motorvehicle; Scooter,Y,,,,1.0,,,,,,Going straight,South,No contributing action,No apparent contributing factor,West,Traveling on sidewalk with traffic,No apparent contributing factor,1.0,Y,,3,Wednesday,17
314722,2022-53416,39.76008098,-104.98781087,2022-08-24,2026-04-19 19:17:00,DENVER,DENVER,DPD,2-242S,1,Pedestrian,Pedestrian,0,1,0,0.0,1.0,0.0,0.0,0.0,N BROADWAY ST,BLAKE ST,N BROADWAY ST & BLAKE ST,250.0,Feet,N,0.0,,0.0,0.0,0.0,0.0,,,On-roadway,,Collision with Non-Motorist:Pedestrian,,,,Collision with Non-Motorist:Pedestrian,Level,Crossover Related,Not Applicable,Dawn or Dusk,Dry,Clear,,,0.0,Straight,1.0,,DR3447,BLAKE,,,,1.0,2.0,0.0,1.0,0.0,0.0,1.0,0.0,0.0,0.0,0.0,1.0,0.0,1.0,0.0,0.0,Y,Motorvehicle; Scooter,Y,,,,1.0,Going straight,East,Other contributing action,No apparent contributing factor,20.0,,,,,North,Cross/enter at intersection,No apparent contributing factor,1.0,Y,,3,Wednesday,19
317156,2022-54190,39.74335811,-104.98737619,2022-11-08,2026-04-19 08:57:00,DENVER,DENVER,DPD,1/CRT32,,Pedestrian,Pedestrian,0,1,0,0.0,1.0,0.0,0.0,0.0,N BROADWAY ST,E 17TH AVE,N BROADWAY ST & E 17TH AVE,0.0,At the intersection,,0.0,,0.0,0.0,0.0,0.0,,,On-roadway,1,Collision with Non-Motorist:Pedestrian,,,,Collision with Non-Motorist:Pedestrian,Level,At Intersection,Not Applicable,Daylight,Dry,Clear,,,2.0,Curve Left,1.0,,DR3447,17THA,,,,1.0,2.0,0.0,1.0,0.0,0.0,1.0,0.0,0.0,0.0,0.0,1.0,0.0,1.0,0.0,0.0,Y,Motorvehicle; Scooter,Y,,,,1.0,Making left turn,South,Failed to yield row,Looked/did not see,30.0,,,,,East,Traveling along roadway with traffic (in or adjacent to travel lane),No apparent contributing factor,1.0,Y,,4,Tuesday,08
388023,2022-55299,39.76348253,-104.97723079,2022-11-16,2026-04-19 18:35:00,DENVER,DENVER,DPD,,,Pedestrian,Pedestrian,1,0,0,,,,,,32ND ST,LAWRENCE ST,32ND ST & LAWRENCE ST,,,,,,,,,,,,On-roadway,,Collision with Non-Motorist:Pedestrian,,,,Collision with Non-Motorist:Pedestrian,,At Intersection,Not Applicable,,,,,,,,,,DR3447,LAWRE,,,,1.0,4.0,0.0,0.0,0.0,1.0,1.0,0.0,0.0,0.0,0.0,1.0,0.0,0.0,0.0,1.0,Y,Motorvehicle; Scooter,Y,,,,1.0,Going straight,East,No contributing action,Unknown,99.0,,,,,North,No contributing action,Unknown,1.0,Y,,4,Wednesday,18
300023,2023-03437,39.6988423,-105.02974567,2023-02-01,2026-04-19 07:45:00,DENVER,01,DPD,1/412T,,Pedestrian,Pedestrian,0,1,0,0,1.0,0,0,1, IRVING ST,W FORD PL, IRVING ST & W FORD PL,0.0,At the intersection,,0.0,,0,0,0,0.0,,,On-roadway,,Collision with Non-Motorist:Pedestrian,Collision with Non-Motorist:School Age to/From School,,,Collision with Non-Motorist:Pedestrian,Level,At Intersection,Not Applicable,Daylight,Dry,Clear,,,0,,1.0,,DR3447,FORDP,,,,1.0,2.0,0.0,1.0,0.0,0.0,1.0,0.0,0.0,0.0,0.0,1.0,0.0,1.0,0.0,0.0,Y,Motorvehicle; Scooter,Y,,,,1.0,Going straight,South,Careless driving,Not observed,35.0,,,,,East,No contributing action,No apparent contributing factor,0.0,Y,,1,Wednesday,07
330134,2023-10434,39.75741598,-104.98856197,2023-03-11,2026-04-19 09:26:00,DENVER,01,DPD,1/612C,,Pedestrian,Pedestrian,0,1,0,0,1.0,0,0,0,2451 WALNUT ST,24TH ST,2451 WALNUT ST & 24TH ST,25.0,Feet,N,0.0,,0,0,0,0.0,,,On-roadway,N01,Collision with Non-Motorist:Pedestrian,,,,Collision with Non-Motorist:Pedestrian,Level,Driveway Access Related,Not Applicable,Daylight,Dry,Clear,,,0,Straight,1.0,,DR3447,24THS,,,,1.0,3.0,0.0,0.0,1.0,0.0,1.0,0.0,0.0,0.0,0.0,1.0,0.0,0.0,1.0,0.0,Y,Motorvehicle; Scooter,Y,,,,1.0,,,,,,Other,East,No contributing action,No apparent contributing factor,,Other,Other factor,0.0,Y,,1,Saturday,09
330138,2023-10437,39.65797676,-104.91298421,2023-03-08,2026-04-19 22:12:00,DENVER,01,DPD,9/TOM26,03,Pedestrian,Pedestrian,0,1,0,0,1.0,0,0,0, MONACO ST,E FLOYD AVE, MONACO ST & E FLOYD AVE,0.0,At the intersection,,0.0,,0,0,0,0.0,,,On-roadway,S03,Collision with Non-Motorist:Pedestrian,,,,Collision with Non-Motorist:Pedestrian,Level,At Intersection,Not Applicable,Dark-Lighted,Dry,Clear,,,0,Straight,1.0,,DR3447,FLOYD,,,,1.0,3.0,0.0,0.0,1.0,0.0,1.0,0.0,0.0,0.0,0.0,1.0,0.0,0.0,1.0,0.0,Y,Motorvehicle; Scooter,Y,,,,1.0,Going straight,South,Careless driving,Looked/did not see,35.0,,,,,,No contributing action,"Not visible (dark clothing, no lighting, etc)",0.0,Y,,1,Wednesday,22
333630,2023-12322,39.74000002,-104.98613238,2023-03-31,2026-04-19 23:39:00,DENVER,01,DPD,3/661B,,Pedestrian,Pedestrian,0,0,0,0,0.0,0,0,0, LINCOLN ST,E COLFAX AVE, LINCOLN ST & E COLFAX AVE,0.0,At the intersection,W,297.0,,1,0,0,1934.0,Feet,E,On-roadway,N05,Collision with Non-Motorist:Pedestrian,,,,Collision with Non-Motorist:Pedestrian,Level,At Intersection,Not Applicable,Dark-Lighted,Dry,Clear,,40,1,Curve Right,2.0,,DR3447,,,,,1.0,0.0,0.0,0.0,0.0,0.0,1.0,0.0,0.0,0.0,0.0,1.0,0.0,0.0,0.0,0.0,Y,Motorvehicle; Scooter,Y,,,,1.0,,,,,,Making right turn,East,No contributing action,No apparent contributing factor,West,"Failure to obey traffic signs, signals, or officer","Distracted/other (food, objects, pets, etc)",0.0,Y,,1,Friday,23
335823,2023-13623,39.7592048,-104.99379277,2023-04-07,2026-04-19 23:04:00,DENVER,01,DPD,652C,,Pedestrian,Pedestrian,0,0,0,0,0.0,0,0,0,PARK AVE W,WEWATTA ST,PARK AVE W & WEWATTA ST,0.0,At the intersection,S,0.0,,0,0,0,0.0,,,On-roadway,S02,Collision with Non-Motorist:Pedestrian,Collision with Non-Motorist:Pedestrian,,,Collision with Non-Motorist:Pedestrian,Level,At Intersection,Not Applicable,Dark-Lighted,Dry,Clear,,,0,Straight,1.0,,DR3447,WEWAT,,,,1.0,0.0,0.0,0.0,0.0,0.0,1.0,0.0,0.0,0.0,0.0,2.0,0.0,0.0,0.0,0.0,Y,Motorvehicle; Scooter,Y,,,,1.0,Stopped in traffic,Northeast,Careless driving,Not observed,30.0,,,,,Northwest; Northwest,No contributing action; No contributing action,No apparent contributing factor; No apparent contributing factor,0.0,,Y,2,Friday,23
336585,2023-14023,39.75364827,-104.99342656,2023-04-07,2026-04-19 18:32:00,DENVER,01,DPD,2/736B,,Pedestrian,Pedestrian,0,0,0,0,0.0,0,0,0,MARKET ST,20TH ST,MARKET ST & 20TH ST,0.0,At the intersection,,0.0,,0,0,0,0.0,,,On-roadway,N02,Collision with Non-Motorist:Pedestrian,,,,Collision with Non-Motorist:Pedestrian,Level,At Intersection,Not Applicable,Daylight,Dry,Clear,,,0,Straight,2.0,,DR3447,20THS,,,,1.0,0.0,0.0,0.0,0.0,0.0,2.0,0.0,0.0,0.0,0.0,1.0,0.0,0.0,0.0,0.0,Y,Motorvehicle; Scooter,Y,,,,1.0,,,,,,Going straight,North,No contributing action,No apparent contributing factor,East,"Failure to obey traffic signs, signals, or officer",Age/ability,0.0,Y,,2,Friday,18
336984,2023-14253,39.75137387,-104.98738517,2023-04-04,2026-04-19 08:06:00,DENVER,01,DPD,1-CRT23,,Pedestrian,Pedestrian,0,0,0,0,1.0,0,0,0, BROADWAY ST,STOUT ST, BROADWAY ST & STOUT ST,400.0,Feet,N,0.0,,0,0,0,0.0,,,On-roadway,S03,Collision with Non-Motorist:Pedestrian,,,,Collision with Non-Motorist:Pedestrian,Level,At Intersection,Not Applicable,Daylight,Snowy,Snow,,,0,Straight,1.0,,DR3447,STOUT,,,,1.0,0.0,0.0,0.0,0.0,0.0,1.0,0.0,0.0,0.0,0.0,1.0,0.0,0.0,0.0,0.0,Y,Motorvehicle; Scooter,Y,,,,1.0,,,,,,Making right turn,South,No contributing action,No apparent contributing factor,West,Traveling on sidewalk with traffic,Unknown,0.0,Y,,2,Tuesday,08
337443,2023-14567,39.74048868,-105.03931925,2023-04-13,2026-04-19 19:47:00,DENVER,01,DPD,2/136S,,Pedestrian,Pedestrian,0,0,0,0,1.0,0,0,0, PERRY ST,W COLFAX AVE, PERRY ST & W COLFAX AVE,60.0,Feet,N,0.0,,0,0,0,0.0,,,On-roadway,N01,Collision with Non-Motorist:Pedestrian,,,,Collision with Non-Motorist:Pedestrian,Level,Non-intersection,Not Applicable,Dark-Unlighted,Dry,Clear,,,0,Straight,1.0,,DR3447,COLFA,,,,1.0,0.0,0.0,0.0,0.0,0.0,1.0,0.0,0.0,0.0,0.0,1.0,0.0,0.0,0.0,0.0,Y,Motorvehicle; Scooter,Y,,,,1.0,,,,,,Going straight,North,No contributing action,No apparent contributing factor,West,Cross/enter not at intersection; Dart/dash,Looked/did not see,0.0,Y,,2,Thursday,19
337851,2023-14841,39.74409903,-104.98837113,2023-04-07,2026-04-19 14:55:00,DENVER,01,DPD,2/CRT63,,Pedestrian,Pedestrian,0,1,0,0,1.0,0,0,0,TREMONT PL,17TH ST,TREMONT PL & 17TH ST,0.0,At the intersection,,0.0,,0,0,0,0.0,,,On-roadway,E01,Collision with Non-Motorist:Pedestrian,,,,Collision with Non-Motorist:Pedestrian,Level,At Intersection,Not Applicable,Daylight,Dry,Clear,,,1,Straight,1.0,,DR3447,17THS,,,,1.0,2.0,0.0,1.0,0.0,0.0,1.0,0.0,0.0,0.0,0.0,1.0,0.0,1.0,0.0,0.0,Y,Motorvehicle; Scooter,Y,,,,1.0,,,,,,Going straight,Southeast,No contributing action,No apparent contributing factor,Northeast,"Failure to obey traffic signs, signals, or officer; Traveling along roadway against traffic (in or adjacent to travel lane)",No apparent contributing factor,0.0,Y,,2,Friday,14
339394,2023-15666,39.74617566,-104.9835894,2023-04-19,2026-04-19 06:49:00,DENVER,01,DPD,1/623A,,Pedestrian,Pedestrian,0,1,0,0,1.0,0,0,0, GRANT ST,E 19TH AVE, GRANT ST & E 19TH AVE,0.0,At the intersection,,0.0,,0,0,0,0.0,,,On-roadway,,Collision with Non-Motorist:Pedestrian,,,,Collision with Non-Motorist:Pedestrian,Level,At Intersection,Not Applicable,Daylight,Dry,Clear,,,0,Straight,1.0,,DR3447,19THA,,,,1.0,2.0,0.0,1.0,0.0,0.0,1.0,0.0,0.0,0.0,0.0,1.0,0.0,1.0,0.0,0.0,Y,Motorvehicle; Scooter,Y,,,,1.0,,,,,,Making right turn,West,No contributing action,No apparent contributing factor,South,Traveling on sidealk against traffic,Other factor,0.0,Y,,2,Wednesday,06
340367,2023-16188,39.7459343,-104.97336611,2023-04-24,2026-04-19 14:21:00,DENVER,01,DPD,1,,Pedestrian,Pedestrian,0,1,0,0,1.0,0,0,0, DOWNING ST,E 19TH AVE, DOWNING ST & E 19TH AVE,0.0,,,0.0,,0,0,0,0.0,,,On-roadway,N02,Collision with Non-Motorist:Pedestrian,,,,Collision with Non-Motorist:Pedestrian,Level,At Intersection,Not Applicable,Daylight,Dry,Clear,,,2,Straight,1.0,,DR3447,19THA,,,,1.0,3.0,0.0,0.0,1.0,0.0,1.0,0.0,0.0,0.0,0.0,1.0,0.0,0.0,1.0,0.0,Y,Motorvehicle; Scooter,Y,,,,1.0,,,,,,Making right turn,North,No contributing action,Unknown,North,Cross/enter at intersection,Other factor,0.0,Y,,2,Monday,14
340894,2023-16442,39.78232987,-104.88281591,2023-04-28,2026-04-19 11:24:00,DENVER,01,DPD,1/CRT51,,Pedestrian,Pedestrian,0,0,0,0,1.0,0,0,0,E 47TH AVE,N CENTRAL PARK BLVD,E 47TH AVE & N CENTRAL PARK BLVD,0.0,At the intersection,,0.0,,0,0,0,0.0,,,On-roadway,E01,Collision with Non-Motorist:Pedestrian,,,,Collision with Non-Motorist:Pedestrian,Level,At Intersection,Not Applicable,Daylight,Dry,Clear,,,1,Straight,1.0,,DR3447,CENTR,,,,1.0,0.0,0.0,0.0,0.0,0.0,1.0,0.0,0.0,0.0,0.0,1.0,0.0,0.0,0.0,0.0,Y,Motorvehicle; Scooter,Y,,,,1.0,Making right turn,East,Failed to yield row,Looked/did not see,25.0,,,,,North,Unknown,Unknown,0.0,Y,,2,Friday,11
341499,2023-16738,39.73299502,-105.02516923,2023-04-26,2026-04-19 10:27:00,DENVER,01,DPD,1-CRT12,,Pedestrian,Pedestrian,0,1,0,0,1.0,0,0,0, FEDERAL BLVD,10TH AVE, FEDERAL BLVD & 10TH AVE,40.0,Feet,N,0.56,,0,1,0,30.0,Feet,N,On-roadway,,Collision with Non-Motorist:Pedestrian,,,,Collision with Non-Motorist:Pedestrian,Level,Driveway Access Related,Not Applicable,Daylight,Dry,Cloudy,,088,0,Straight,1.0,,DR3447,,,,,1.0,1.0,1.0,0.0,0.0,0.0,1.0,0.0,0.0,0.0,0.0,1.0,1.0,0.0,0.0,0.0,Y,Motorvehicle; Scooter,Y,,,,1.0,,,,,,Making right turn,West,No contributing action,Looked/did not see,South,Traveling on sidealk against traffic,No apparent contributing factor,0.0,Y,,2,Wednesday,10
341602,2023-16813,39.74892634,-104.99947287,2023-04-29,2026-04-19 23:50:00,DENVER,01,DPD,3/652D,02,Pedestrian,Pedestrian,0,0,0,0,0.0,0,0,0,1400 15TH ST,14TH ST,1400 15TH ST & 14TH ST,300.0,Feet,N,0.0,,0,0,0,0.0,,,On-roadway,,Collision with Non-Motorist:Pedestrian,,,,Collision with Non-Motorist:Pedestrian,Level,Driveway Access Related,Not Applicable,Dark-Lighted,Dry,Clear,,,0,Straight,2.0,,DR3447,14THS,,,,1.0,0.0,0.0,0.0,0.0,0.0,1.0,0.0,0.0,0.0,0.0,1.0,0.0,0.0,0.0,0.0,Y,Motorvehicle; Scooter,Y,,,,1.0,Entering traffic way/merge,West,Failed to yield row,Not observed,99.0,,,,,North,No contributing action,No apparent contributing factor,0.0,Y,,2,Saturday,23
343547,2023-17932,39.75364827,-104.99342656,2023-05-04,2026-04-19 19:51:00,DENVER,01,DPD,9/TOM26,,Pedestrian,Pedestrian,0,1,0,0,1.0,0,0,0,MARKET ST,20TH ST,MARKET ST & 20TH ST,0.0,,,0.0,,0,0,0,0.0,,,On-roadway,W02,Collision with Non-Motorist:Pedestrian,,,,Collision with Non-Motorist:Pedestrian,Level,At Intersection,Not Applicable,Dawn or Dusk,Dry,Clear,,,1,Straight,1.0,,DR3447,20THS,,,,1.0,3.0,0.0,0.0,1.0,0.0,1.0,0.0,0.0,0.0,0.0,1.0,0.0,0.0,1.0,0.0,Y,Motorvehicle; Scooter,Y,,,,1.0,,,,,,Going straight,Northwest,No contributing action,No apparent contributing factor,Northeast,"Failure to obey traffic signs, signals, or officer",Inexperience; Looked/did not see,0.0,Y,,2,Thursday,19
344985,2023-18660,39.7526877,-104.99467927,2023-05-09,2026-04-19 12:59:00,DENVER,01,DPD,1-CRT64,,Pedestrian,Pedestrian,0,1,0,0,1.0,0,0,0,19TH ST,MARKET ST,19TH ST & MARKET ST,0.0,At the intersection,,0.0,,0,0,0,0.0,,,On-roadway,,Collision with Non-Motorist:Pedestrian,,,,Collision with Non-Motorist:Pedestrian,Level,At Intersection,Not Applicable,Daylight,Dry,Clear,,,0,Straight,1.0,,DR3447,MARKE,,,,1.0,2.0,0.0,1.0,0.0,0.0,1.0,0.0,0.0,0.0,0.0,1.0,0.0,1.0,0.0,0.0,Y,Motorvehicle; Scooter,Y,,,,1.0,,,,,,Making right turn,North,No contributing action,No apparent contributing factor,East,"Cross/enter at intersection; Failure to obey traffic signs, signals, or officer",No apparent contributing factor,0.0,Y,,2,Tuesday,12
347217,2023-19886,39.75572107,-105.00115752,2023-05-09,2026-04-19 16:45:00,DENVER,01,DPD,2/CRT62,02,Pedestrian,Pedestrian,0,1,0,0,1.0,0,0,0,CHESTNUT PL,18TH ST,CHESTNUT PL & 18TH ST,15.0,Feet,S,0.0,,0,0,0,0.0,,,On-roadway,,Collision with Non-Motorist:Pedestrian,,,,Collision with Non-Motorist:Pedestrian,Level,At Intersection,Not Applicable,Daylight,Dry,Clear,,,0,Straight,1.0,,DR3447,18THS,,,,1.0,1.0,1.0,0.0,0.0,0.0,0.0,0.0,0.0,0.0,0.0,1.0,1.0,0.0,0.0,0.0,Y,Motorvehicle; Scooter,Y,,,,1.0,Making right turn,North,Unknown,Unknown,99.0,,,,,North,No contributing action,No apparent contributing factor,0.0,Y,,2,Tuesday,16
347238,2023-19893,39.74327121,-104.98611523,2023-05-15,2026-04-19 09:19:00,DENVER,01,DPD,1-CRT23,,Pedestrian,Pedestrian,0,1,0,0,1.0,0,0,0, LINCOLN ST,E 17TH AVE, LINCOLN ST & E 17TH AVE,0.0,At the intersection,,0.0,,0,0,0,0.0,,,On-roadway,E03,Collision with Non-Motorist:Pedestrian,,,,Collision with Non-Motorist:Pedestrian,Level,At Intersection,Not Applicable,Daylight,Dry,Clear,,,0,Straight,1.0,,DR3447,17THA,,,,1.0,1.0,1.0,0.0,0.0,0.0,1.0,0.0,0.0,0.0,0.0,1.0,1.0,0.0,0.0,0.0,Y,Motorvehicle; Scooter,Y,,,,1.0,,,,,,Making right turn,North,No contributing action,No apparent contributing factor,North,Cross/enter at intersection,Other factor,0.0,Y,,2,Monday,09
351098,2023-22018,39.75029248,-104.98905226,2023-05-31,2026-04-19 13:20:00,DENVER,DENVER,DPD,1/CRT-53,,Pedestrian,Pedestrian,0,1,0,0,1.0,0,0,0,CHAMPA ST,20TH ST,CHAMPA ST & 20TH ST,20.0,Feet,N,0.0,,0,0,0,0.0,,,On-roadway,,Collision with Non-Motorist:Pedestrian,,,,Collision with Non-Motorist:Pedestrian,Level,Driveway Access Related,Not Applicable,Daylight,Dry,Cloudy,,,0,Straight,1.0,,DR3447,S0020,,,,1.0,2.0,0.0,1.0,0.0,0.0,1.0,0.0,0.0,0.0,0.0,1.0,0.0,1.0,0.0,0.0,Y,Motorvehicle; Scooter,Y,,,,1.0,,,,,,Going straight,Southeast,No contributing action,No apparent contributing factor,Northeast,Traveling on sidealk against traffic,Looked/did not see,0.0,Y,,2,Wednesday,13
351852,2023-22411,39.75147538,-104.99796321,2023-06-05,2026-04-19 21:11:00,DENVER,01,DPD,3 / 657S,,Pedestrian,Pedestrian,0,0,0,0,0.0,0,0,0,BLAKE ST,17TH ST,BLAKE ST & 17TH ST,0.0,At the intersection,,0.0,,0,0,0,0.0,,,On-roadway,E01,Collision with Non-Motorist:Pedestrian,,,,Collision with Non-Motorist:Pedestrian,Level,At Intersection,Not Applicable,Dark-Unlighted,Dry,Clear,,,2,Straight,2.0,,DR3447,S0017,,,,1.0,0.0,0.0,0.0,0.0,0.0,2.0,0.0,0.0,0.0,0.0,1.0,0.0,0.0,0.0,0.0,Y,Motorvehicle; Scooter,Y,,,,1.0,,,,,,Making left turn,East,No contributing action,No apparent contributing factor,Northeast,Cross/enter at intersection,Unknown,0.0,Y,,2,Monday,21
353056,2023-23171,39.75377645,-104.99848964,2023-06-07,2026-04-19 21:35:00,DENVER,01,DPD,3-652B,,Pedestrian,Pedestrian,0,0,0,0,0.0,0,0,0,WYNKOOP ST,18TH ST,WYNKOOP ST & 18TH ST,0.0,At the intersection,,0.0,,0,0,0,0.0,,,On-roadway,S01,Collision with Non-Motorist:Pedestrian,,,,Collision with Non-Motorist:Pedestrian,,At Intersection,Not Applicable,Dark-Lighted,Dry,Clear,,,1,,2.0,,DR3447,S0018,,,,1.0,0.0,0.0,0.0,0.0,0.0,1.0,0.0,0.0,0.0,0.0,1.0,0.0,0.0,0.0,0.0,Y,Motorvehicle; Scooter,Y,,,,1.0,,,,,,Going straight,Northwest,No contributing action,No apparent contributing factor,Southwest,"Failure to obey traffic signs, signals, or officer",Unknown,0.0,Y,,2,Wednesday,21
353338,2023-23317,39.67876238,-104.98756779,2023-06-15,2026-04-19 16:47:00,DENVER,01,DPD,02/333B,,Pedestrian,Pedestrian,0,1,0,0,1.0,0,0,0, BROADWAY ST,E EVANS AVE, BROADWAY ST & E EVANS AVE,80.0,Feet,N,0.0,,0,0,0,0.0,,,Ran off right side,S02,Collision with Non-Motorist:Pedestrian,,,,Collision with Non-Motorist:Pedestrian,Level,Driveway Access Related,Not Applicable,Daylight,Dry,Clear,,,0,Straight,1.0,,DR3447,EVANS,,,,1.0,2.0,0.0,1.0,0.0,0.0,0.0,0.0,0.0,0.0,0.0,1.0,0.0,1.0,0.0,0.0,Y,Motorvehicle; Scooter,Y,,,,1.0,,,,,,Making right turn,South,Unknown,Unknown,South,Traveling on sidewalk with traffic,"Not visible (dark clothing, no lighting, etc)",0.0,Y,,2,Thursday,16
355129,2023-24382,39.75283746,-105.01282443,2023-06-12,2026-04-19 21:45:00,DENVER,01,DPD,3/152B,,Pedestrian,Pedestrian,0,1,0,0,1.0,0,0,0,906 WATER ST,N SPEER BLVD,906 WATER ST & N SPEER BLVD,0.2,Miles,NE,0.0,,0,0,0,0.0,,,On-roadway,,Collision with Non-Motorist:Pedestrian,,,,Collision with Non-Motorist:Pedestrian,Level,Driveway Access Related,Not Applicable,Dark-Lighted,Dry,Clear,,,0,Straight,1.0,,DR3447,SPEER,,,,1.0,2.0,0.0,1.0,0.0,0.0,1.0,0.0,0.0,0.0,0.0,1.0,0.0,1.0,0.0,0.0,Y,Motorvehicle; Scooter,Y,,,,1.0,Making left turn,Northeast,Failed to yield row,Looked/did not see,25.0,,,,,Southwest,No contributing action,No apparent contributing factor,0.0,Y,,2,Monday,21
355542,2023-24599,39.73679726,-104.95627883,2023-06-21,2026-04-19 23:06:00,DENVER,01,DPD,2/252A,,Pedestrian,Pedestrian,0,1,0,0,1.0,0,0,0, ELIZABETH ST,E 13TH AVE, ELIZABETH ST & E 13TH AVE,0.0,At the intersection,W,0.0,,0,0,0,0.0,,,On-roadway,W01,Collision with Non-Motorist:Pedestrian,,,,Collision with Non-Motorist:Pedestrian,Level,At Intersection,Not Applicable,Dark-Lighted,Wet,Cloudy,Rain,,2,Straight,1.0,,DR3447,A0013,,,,1.0,3.0,0.0,0.0,1.0,0.0,1.0,0.0,0.0,0.0,0.0,1.0,0.0,0.0,1.0,0.0,Y,Motorvehicle; Scooter,Y,,,,1.0,,,,,,Going straight,West,No contributing action,No apparent contributing factor,South,Cross/enter at intersection; Failure to yield right-of-way,Inexperience,0.0,Y,,2,Wednesday,23
355742,2023-24702,39.74054316,-105.01774838,2023-06-15,2026-04-19 13:25:00,DENVER,01,DPD,1/121S,,Pedestrian,Pedestrian,0,2,0,0,2.0,0,0,0,AURARIA PKWY,W COLFAX AVE,AURARIA PKWY & W COLFAX AVE,0.0,At the intersection,,0.0,,0,1,0,0.0,,,On-roadway,S01,Collision with Non-Motorist:Pedestrian,,,,Collision with Non-Motorist:Pedestrian,Downhill,At Intersection,Not Applicable,Daylight,Dry,Clear,,,0,Curve Right,1.0,,DR3447,,,,,1.0,2.0,0.0,2.0,0.0,0.0,1.0,0.0,0.0,0.0,0.0,2.0,0.0,2.0,0.0,0.0,Y,Motorvehicle; Scooter,Y,,,,1.0,Negotiating a curve,Southwest,Failed to yield row,No apparent contributing factor,25.0,,,,,West; West,No contributing action; No contributing action,No apparent contributing factor; No apparent contributing factor,0.0,Y,,2,Thursday,13
355765,2023-24717,39.74000831,-104.98740161,2023-04-09,2026-04-19 00:01:00,DENVER,01,DPD,6/643D,01,Pedestrian,Pedestrian,0,1,0,0,1.0,0,0,0,E COLFAX AVE,N BROADWAY ST,E COLFAX AVE & N BROADWAY ST,0.0,At the intersection,,297.0,,0,1,0,100.0,Feet,E,On-roadway,E02,Collision with Non-Motorist:Pedestrian,,,,Collision with Non-Motorist:Pedestrian,Level,At Intersection,Not Applicable,Dark-Lighted,Dry,Clear,,40,3,Straight,1.0,,DR3447,,,,,1.0,3.0,0.0,0.0,1.0,0.0,1.0,0.0,0.0,0.0,0.0,1.0,0.0,0.0,1.0,0.0,Y,Motorvehicle; Scooter,Y,,,,1.0,,,,,,Going straight,East,Unknown,Unknown,South,Cross/enter not at intersection; Traveling along roadway against traffic (in or adjacent to travel lane),No apparent contributing factor,0.0,Y,,2,Sunday,00
355917,2023-24775,39.7400194,-104.98111344,2023-06-19,2026-04-19 17:55:00,DENVER,01,DPD,6/642C,,Pedestrian,Pedestrian,0,1,0,0,1.0,0,0,0,E COLFAX AVE,N PENNSYLVANIA ST,E COLFAX AVE & N PENNSYLVANIA ST,0.0,At the intersection,,297.0,,0,1,0,0.4,Miles,E,On-roadway,S01,Collision with Non-Motorist:Pedestrian,,,,Collision with Non-Motorist:Pedestrian,Level,At Intersection,Not Applicable,Daylight,Dry,Clear,,40,0,Straight,1.0,,DR3447,,,,,1.0,1.0,1.0,0.0,0.0,0.0,1.0,0.0,0.0,0.0,0.0,1.0,1.0,0.0,0.0,0.0,Y,Motorvehicle; Scooter,Y,,,,1.0,Making left turn,South,Failed to yield row,Looked/did not see,35.0,,,,,North,No contributing action,Unknown,0.0,Y,,2,Monday,17
356013,2023-24816,39.736817,-104.96848213,2023-06-25,2026-04-19 13:50:00,DENVER,01,DPD,1,,Pedestrian,Pedestrian,0,0,0,0,0.0,0,0,0, FRANKLIN ST,E 13TH AVE, FRANKLIN ST & E 13TH AVE,0.0,,,0.0,,0,0,0,0.0,,,On-roadway,W01,Collision with Non-Motorist:Pedestrian,,,,Collision with Non-Motorist:Pedestrian,Level,At Intersection,Not Applicable,Daylight,Dry,Clear,,,2,Straight,2.0,,DR3447,A0013,,,,1.0,0.0,0.0,0.0,0.0,0.0,1.0,0.0,0.0,0.0,0.0,1.0,0.0,0.0,0.0,0.0,Y,Motorvehicle; Scooter,Y,,,,1.0,,,,,,Going straight,West,No contributing action,Unknown,South,"Failure to obey traffic signs, signals, or officer",Unknown,0.0,Y,,2,Sunday,13
357443,2023-25527,39.74890613,-104.98740505,2023-06-29,2026-04-19 18:45:00,DENVER,01,DPD,2/642A,,Pedestrian,Pedestrian,0,0,0,0,0.0,0,0,0,CALIFORNIA ST,N BROADWAY ST,CALIFORNIA ST & N BROADWAY ST,0.0,At the intersection,,0.0,,0,0,0,0.0,,,On-roadway,W01,Collision with Non-Motorist:Pedestrian,,,,Collision with Non-Motorist:Pedestrian,Level,At Intersection,Not Applicable,Daylight,Dry,Clear,,,1,Straight,2.0,,DR3447,BROAD,,,,1.0,0.0,0.0,0.0,0.0,0.0,1.0,0.0,0.0,0.0,0.0,1.0,0.0,0.0,0.0,0.0,Y,Motorvehicle; Scooter,Y,,,,1.0,,,,,,Going straight,West,No contributing action,No apparent contributing factor,Southeast,Traveling on sidealk against traffic,Unknown,0.0,Y,,2,Thursday,18
358484,2023-26055,39.74014038,-104.94949314,2023-06-30,2026-04-19 17:32:00,DENVER,01,DPD,2/233s,,Pedestrian,Pedestrian,0,1,0,0,1.0,0,0,0, STEELE ST,E COLFAX AVE, STEELE ST & E COLFAX AVE,0.0,At the intersection,N,300.0,,0,1,0,300.0,Feet,E,On-roadway,S01,Collision with Non-Motorist:Pedestrian,,,,Collision with Non-Motorist:Pedestrian,Level,At Intersection,Not Applicable,Daylight,Dry,Clear,,40,1,Straight,1.0,,DR3447,,,,,1.0,2.0,0.0,1.0,0.0,0.0,1.0,0.0,0.0,0.0,0.0,1.0,0.0,1.0,0.0,0.0,Y,Motorvehicle; Scooter,Y,,,,1.0,,,,,,Going straight,South,No contributing action,No apparent contributing factor,West,"Failure to obey traffic signs, signals, or officer",Other factor,0.0,Y,,2,Friday,17
358547,2023-26113,39.74619274,-104.98740792,2023-05-08,2026-04-19 14:35:00,DENVER,01,DPD,1-crt64,01,Pedestrian,Pedestrian,0,1,0,0,1.0,0,0,0,E 19TH AVE,N BROADWAY ST,E 19TH AVE & N BROADWAY ST,0.0,At the intersection,,0.0,,0,0,0,0.0,,,On-roadway,S02,Collision with Non-Motorist:Pedestrian,,,,Collision with Non-Motorist:Pedestrian,Level,At Intersection,Not Applicable,Daylight,Dry,Clear,,,0,Straight,1.0,,DR3447,BROAD,,,,1.0,3.0,0.0,0.0,1.0,0.0,1.0,0.0,0.0,0.0,0.0,1.0,0.0,0.0,1.0,0.0,Y,Motorvehicle; Scooter,Y,,,,1.0,Making left turn,West,Failed to yield row,Distracted/other interior,30.0,,,,,East,No contributing action,No apparent contributing factor,0.0,Y,,2,Monday,14
358933,2023-26383,39.73685636,-104.99570883,2023-06-23,2026-04-19 12:34:00,DENVER,01,DPD,1 / 123C,,Pedestrian,Pedestrian,0,1,0,0,1.0,0,0,0,W 13TH AVE,N SPEER BLVD,W 13TH AVE & N SPEER BLVD,0.0,At the intersection,,0.0,,0,0,0,0.0,,,On-roadway,N03,Collision with Non-Motorist:Pedestrian,,,,Collision with Non-Motorist:Pedestrian,Level,At Intersection,Not Applicable,Daylight,Dry,Clear,,,3,Straight,1.0,,DR3447,SPEER,,,,1.0,3.0,0.0,0.0,1.0,0.0,1.0,0.0,0.0,0.0,0.0,1.0,0.0,0.0,1.0,0.0,Y,Motorvehicle; Scooter,Y,,,,1.0,,,,,,Going straight,North,No contributing action,No apparent contributing factor,East,"Failure to obey traffic signs, signals, or officer",Aggressive,0.0,Y,,2,Friday,12
359971,2023-26925,39.75021755,-105.00477019,2023-07-08,2026-04-19 22:10:00,DENVER,01,DPD,D3/651F,,Pedestrian,Pedestrian,0,0,0,0,0.0,0,0,0, SPEER BLVD,WEWATTA ST, SPEER BLVD & WEWATTA ST,0.0,,,0.0,,0,0,0,0.0,,,On-roadway,N03,Collision with Non-Motorist:Pedestrian,,,,Collision with Non-Motorist:Pedestrian,Level,At Intersection,Not Applicable,Dark-Lighted,Dry,Clear,,,2,Straight,2.0,,DR3447,WEWAT,,,,1.0,0.0,0.0,0.0,0.0,0.0,1.0,0.0,0.0,0.0,0.0,1.0,0.0,0.0,0.0,0.0,Y,Motorvehicle; Scooter,Y,,,,1.0,,,,,,Going straight,Northwest,No contributing action,No apparent contributing factor,Northeast,Cross/enter at intersection,Unknown,0.0,Y,,3,Saturday,22
360076,2023-26981,39.73999165,-104.96478156,2023-06-23,2026-04-19 13:20:00,DENVER,01,DPD,2/CRT62,,Pedestrian,Pedestrian,0,1,0,0,1.0,0,0,0,E COLFAX AVE,N HIGH ST,E COLFAX AVE & N HIGH ST,0.0,At the intersection,,279.0,,0,1,0,1200.0,Feet,W,On-roadway,N01,Collision with Non-Motorist:Pedestrian,,,,Collision with Non-Motorist:Pedestrian,Level,At Intersection,Not Applicable,Daylight,Dry,Clear,,040,1,Straight,1.0,,DR3447,,,,,1.0,1.0,1.0,0.0,0.0,0.0,1.0,0.0,0.0,0.0,0.0,1.0,1.0,0.0,0.0,0.0,Y,Motorvehicle; Scooter,Y,,,,1.0,,,,,,Stopped in traffic,South,No contributing action,No apparent contributing factor,East,Traveling along roadway against traffic (in or adjacent to travel lane); Other,Unfamiliar with area; Other factor,0.0,Y,,2,Friday,13
360085,2023-26983,39.73848146,-105.03165512,2023-06-27,2026-04-19 11:55:00,DENVER,01,DPD,1-CRT64,,Broadside,Broadside,0,1,0,0,1.0,0,0,0,W 14TH AVE,N JULIAN ST,W 14TH AVE & N JULIAN ST,150.0,Feet,W,0.0,,0,0,0,0.0,,,On-roadway,E01,Collision with Motor Vehicle in Transport:Front to Side,,,,Collision with Motor Vehicle in Transport:Front to Side,Level,Crossover Related,Not Applicable,Daylight,Dry,Clear,,,1,Straight,1.0,,DR3447,JULIA,,,,1.0,2.0,0.0,1.0,0.0,0.0,1.0,0.0,0.0,0.0,0.0,1.0,0.0,1.0,0.0,0.0,Y,Motorvehicle; Scooter,Y,,,,1.0,,,,,,Going straight,East,No contributing action,No apparent contributing factor,North,Failure to yield right-of-way,No apparent contributing factor,0.0,Y,,2,Tuesday,11
361441,2023-27881,39.75071815,-104.970878,2023-06-01,2026-04-19 16:53:00,DENVER,01,DPD,2/242B,,Pedestrian,Pedestrian,0,0,0,0,0.0,0,0,0, LAFAYETTE ST,E 23RD AVE, LAFAYETTE ST & E 23RD AVE,0.0,At the intersection,,0.0,,0,0,0,0.0,,,On-roadway,,Collision with Non-Motorist:Pedestrian,,,,Collision with Non-Motorist:Pedestrian,Level,At Intersection,Not Applicable,Daylight,Dry,Clear,,,0,Straight,2.0,,DR3447,A0023,,,,1.0,0.0,0.0,0.0,0.0,0.0,1.0,0.0,0.0,0.0,0.0,1.0,0.0,0.0,0.0,0.0,Y,Motorvehicle; Scooter,Y,,,,1.0,Going straight,North,Unknown,Unknown,99.0,,,,,North,No contributing action,No apparent contributing factor,0.0,Y,,2,Thursday,16
361981,2023-28097,39.75989489,-104.98708434,2023-07-03,2026-04-19 14:35:00,DENVER,01,DPD,2/231S,,Pedestrian,Pedestrian,0,1,0,0,1.0,0,0,0,26TH ST,BLAKE ST,26TH ST & BLAKE ST,0.0,,,0.0,,0,0,0,0.0,,,On-roadway,N01,Collision with Non-Motorist:Pedestrian,,,,Collision with Non-Motorist:Pedestrian,Level,At Intersection,Not Applicable,Daylight,Dry,Clear,,,0,Straight,1.0,,DR3447,BLAKE,,,,1.0,2.0,0.0,1.0,0.0,0.0,2.0,0.0,0.0,0.0,0.0,1.0,0.0,1.0,0.0,0.0,Y,Motorvehicle; Scooter,Y,,,,1.0,,,,,,Going straight,North,No contributing action,No apparent contributing factor,East,Cross/enter at intersection; Failure to yield right-of-way,No apparent contributing factor,0.0,Y,,3,Monday,14
366614,2023-28635,39.73686741,-104.99895439,2023-06-15,2026-04-19 09:51:00,DENVER,01,DPD,1 / 123C,01,Pedestrian,Pedestrian,0,1,0,0,1.0,0,0,0,W 13TH AVE,N SANTA FE DR,W 13TH AVE & N SANTA FE DR,80.0,Feet,W,0.0,,0,0,0,0.0,,,On-roadway,,Collision with Non-Motorist:Pedestrian,,,,Collision with Non-Motorist:Pedestrian,Level,Driveway Access Related,Not Applicable,Daylight,Dry,,,,0,Straight,1.0,,DR3447,SANTA,,,,1.0,2.0,0.0,1.0,0.0,0.0,1.0,0.0,0.0,0.0,0.0,1.0,0.0,1.0,0.0,0.0,Y,Motorvehicle; Scooter,Y,,,,1.0,Making right turn,West,Careless driving,Not observed,25.0,,,,,West,No contributing action,No apparent contributing factor,0.0,Y,,2,Thursday,09
366631,2023-28644,39.7451655,-105.02993723,2023-07-07,2026-04-19 12:19:00,DENVER,01,DPD,1-179A,,Pedestrian,Pedestrian,0,1,0,0,1.0,0,0,0,W 18TH AVE,N IRVING ST,W 18TH AVE & N IRVING ST,0.0,At the intersection,,0.0,,0,0,0,0.0,,,On-roadway,S01,Collision with Non-Motorist:Pedestrian,,,,Collision with Non-Motorist:Pedestrian,Level,At Intersection,Not Applicable,Daylight,Dry,Clear,,,1,Straight,1.0,,DR3447,IRVIN,,,,1.0,2.0,0.0,1.0,0.0,0.0,1.0,0.0,0.0,0.0,0.0,1.0,0.0,1.0,0.0,0.0,Y,Motorvehicle; Scooter,Y,,,,1.0,,,,,,Going straight,South,No contributing action,No apparent contributing factor,East,Dart/dash,Unknown,0.0,Y,,3,Friday,12
367527,2023-29093,39.7367587,-104.92058507,2023-07-11,2026-04-19 10:12:00,DENVER,01,DPD,1-CRT23,,Pedestrian,Pedestrian,0,1,0,0,1.0,0,0,0,E 13TH AVE,N IVY ST,E 13TH AVE & N IVY ST,0.0,At the intersection,,0.0,,0,0,0,0.0,,,On-roadway,W01,Collision with Non-Motorist:Pedestrian,,,,Collision with Non-Motorist:Pedestrian,Level,At Intersection,Not Applicable,Daylight,Dry,Clear,,,0,Straight,1.0,,DR3447,IVYST,,,,1.0,1.0,1.0,0.0,0.0,0.0,1.0,0.0,0.0,0.0,0.0,1.0,1.0,0.0,0.0,0.0,Y,Motorvehicle; Scooter,Y,,,,1.0,Making left turn,West,Careless driving,Not observed,20.0,,,,,West,No contributing action,No apparent contributing factor,0.0,Y,,3,Tuesday,10
367962,2023-29267,39.7320221,-104.979844,2023-07-16,2026-04-19 05:14:00,DENVER,01,DPD,3/662C,,Pedestrian,Pedestrian,0,0,0,0,0.0,0,0,0,E 10TH AVE,N PEARL ST,E 10TH AVE & N PEARL ST,0.0,At the intersection,,0.0,,0,0,0,0.0,,,On-roadway,,Collision with Non-Motorist:Pedestrian,,,,Collision with Non-Motorist:Pedestrian,Level,At Intersection,Not Applicable,Dawn or Dusk,Dry,Clear,,,0,Straight,2.0,,DR3447,PEARL,,,,1.0,0.0,0.0,0.0,0.0,0.0,1.0,0.0,0.0,0.0,0.0,1.0,0.0,0.0,0.0,0.0,Y,Motorvehicle; Scooter,Y,,,,1.0,Going straight,Unknown,Careless driving,Other factor,30.0,,,,,Unknown,No contributing action,Unknown,0.0,Y,,3,Sunday,05
368254,2023-29433,39.7517442,-104.99587678,2023-05-07,2026-04-19 22:39:00,DENVER,01,DPD,3/652C,,Pedestrian,Pedestrian,0,2,0,0,2.0,0,0,0,MARKET ST,18TH ST,MARKET ST & 18TH ST,0.0,At the intersection,S,0.0,,0,0,0,0.0,,,On-roadway,W02,Collision with Non-Motorist:Pedestrian,Collision with Non-Motorist:Pedestrian,,,Collision with Non-Motorist:Pedestrian,Level,At Intersection,Not Applicable,Dark-Lighted,Dry,Clear,,,0,Straight,1.0,,DR3447,S0018,,,,1.0,3.0,0.0,1.0,1.0,0.0,2.0,0.0,0.0,0.0,0.0,2.0,0.0,1.0,1.0,0.0,Y,Motorvehicle; Scooter,Y,,,,1.0,,,,,,Going straight,Northwest,No contributing action,No apparent contributing factor,Southwest; Southwest,"Failure to obey traffic signs, signals, or officer; Traveling along roadway against traffic (in or adjacent to travel lane); No contributing action",Distracted/passenger; Unknown,0.0,Y,,2,Sunday,22
368496,2023-29557,39.75181236,-104.99110399,2023-07-23,2026-04-19 13:45:00,DENVER,01,DPD,1-CRT64,,Pedestrian,Pedestrian,0,1,0,0,1.0,0,0,0,20TH ST,LAWRENCE ST,20TH ST & LAWRENCE ST,250.0,Feet,E,0.0,,0,0,0,0.0,,,On-roadway,,Collision with Non-Motorist:Pedestrian,,,,Collision with Non-Motorist:Pedestrian,Level,Driveway Access Related,Not Applicable,Daylight,Dry,Clear,,,0,Straight,1.0,,DR3447,LAWRE,,,,1.0,2.0,0.0,1.0,0.0,0.0,1.0,0.0,0.0,0.0,0.0,1.0,0.0,1.0,0.0,0.0,Y,Motorvehicle; Scooter,Y,,,,1.0,Going straight,North,Failed to yield row,Looked/did not see,15.0,,,,,West,Other,No apparent contributing factor,0.0,Y,,3,Sunday,13
368896,2023-29790,39.76921649,-104.93053452,2023-07-26,2026-04-19 18:14:00,DENVER,DENVER,DPD,02 / 241B,,Pedestrian,Pedestrian,0,1,0,0,1.0,0,0,0,E 38TH AVE,N EUDORA ST,E 38TH AVE & N EUDORA ST,0.0,At the intersection,,0.0,,0,0,0,0.0,,,On-roadway,E01,Collision with Non-Motorist:Pedestrian,,,,Collision with Non-Motorist:Pedestrian,Level,At Intersection,Not Applicable,Daylight,Dry,Clear,,,1,Straight,1.0,,DR3447,EUDOR,,,,1.0,3.0,0.0,0.0,1.0,0.0,2.0,0.0,0.0,0.0,0.0,1.0,0.0,0.0,1.0,0.0,Y,Motorvehicle; Scooter,Y,,,,1.0,Making left turn,West,Failed to yield row,Sun glare,25.0,,,,,East,Traveling along roadway with traffic (in or adjacent to travel lane),No apparent contributing factor,0.0,Y,,3,Wednesday,18
369109,2023-29904,39.75436093,-105.0065584,2023-07-22,2026-04-19 18:35:00,DENVER,01,DPD,2/CRT61,02,Pedestrian,Pedestrian,0,1,0,0,1.0,0,0,0,LITTLE RAVEN ST,15TH ST,LITTLE RAVEN ST & 15TH ST,0.0,At the intersection,,0.0,,0,0,0,0.0,,,On-roadway,,Collision with Non-Motorist:Pedestrian,,,,Collision with Non-Motorist:Pedestrian,Level,At Intersection,Not Applicable,Daylight,Dry,Clear,,,0,Straight,1.0,,DR3447,S0015,,,,1.0,3.0,0.0,0.0,1.0,0.0,1.0,0.0,0.0,0.0,0.0,1.0,0.0,0.0,1.0,0.0,Y,Motorvehicle; Scooter,Y,,,,1.0,Going straight,Northeast,Careless driving,Unknown,35.0,,,,,Northeast,No contributing action,No apparent contributing factor,0.0,Y,,3,Saturday,18
369233,2023-29985,39.74667221,-104.98231713,2023-07-29,2026-04-19 09:40:00,DENVER,01,DPD,2/CRT63,,Pedestrian,Pedestrian,0,1,0,0,1.0,0,0,0, LOGAN ST,E 19TH AVE, LOGAN ST & E 19TH AVE,173.0,Feet,N,0.0,,0,0,0,0.0,,,On-roadway,,Collision with Non-Motorist:Pedestrian,,,,Collision with Non-Motorist:Pedestrian,Level,Driveway Access Related,Not Applicable,Daylight,Dry,Clear,,,0,Straight,1.0,,DR3447,A0019,,,,1.0,1.0,1.0,0.0,0.0,0.0,1.0,0.0,0.0,0.0,0.0,1.0,1.0,0.0,0.0,0.0,Y,Motorvehicle; Scooter,Y,,,,1.0,Making left turn,North,Followed too closely,Aggressive driving,20.0,,,,,North,No contributing action,No apparent contributing factor,0.0,Y,,3,Saturday,09
370159,2023-30634,39.7671129,-104.9949159,2023-08-05,2026-04-19 01:29:00,DENVER,DENVER,DPD,3/152B,,Pedestrian,Pedestrian,0,1,0,0,1.0,0,0,0,PARK AVE W,I-25 NB RAMPS,PARK AVE W & I-25 NB RAMPS,0.0,At the intersection,,,,0,0,0,0.0,,,On-roadway,S02,Collision with Non-Motorist:Pedestrian,,,,Collision with Non-Motorist:Pedestrian,Level,At Intersection,Not Applicable,Dark-Lighted,Dry,Clear,,,1,Straight,1.0,,DR3447,O,,,,1.0,2.0,0.0,1.0,0.0,0.0,2.0,0.0,0.0,0.0,0.0,1.0,0.0,1.0,0.0,0.0,Y,Motorvehicle; Scooter,Y,,,,1.0,,,,,,Going straight,South,No contributing action,No apparent contributing factor,West,"In roadway improperly (standing, lying, working, playing)",Inexperience,0.0,Y,,3,Saturday,01
370225,2023-30689,39.71119843,-104.91763421,2023-08-01,2026-04-19 09:00:00,DENVER,01,DPD,2/CRT37,,Pedestrian,Pedestrian,0,1,0,0,1.0,0,0,0,E ALAMEDA AVE,S KEARNEY ST,E ALAMEDA AVE & S KEARNEY ST,0.0,At the intersection,,0.0,,0,0,0,0.0,,,On-roadway,W02,Collision with Non-Motorist:Pedestrian,,,,Collision with Non-Motorist:Pedestrian,Level,At Intersection,Not Applicable,Daylight,Dry,Clear,,,0,Straight,1.0,,DR3447,KEARN,,,,1.0,1.0,1.0,0.0,0.0,0.0,1.0,0.0,0.0,0.0,0.0,1.0,1.0,0.0,0.0,0.0,Y,Motorvehicle; Scooter,Y,,,,1.0,,,,,,Stopped in traffic,North,No contributing action,No apparent contributing factor,West,Traveling on sidealk against traffic,Other factor,0.0,Y,,3,Tuesday,09
370234,2023-30696,39.74000304,-104.96724148,2023-07-20,2026-04-19 14:00:00,DENVER,01,DPD,2/643A,03,Pedestrian,Pedestrian,0,1,0,0,1.0,0,0,0,E COLFAX AVE,N GILPIN ST,E COLFAX AVE & N GILPIN ST,0.0,At the intersection,,299.1,,0,1,0,500.0,Feet,E,On-roadway,E01,Collision with Non-Motorist:Pedestrian,Collision with Motor Vehicle in Transport:Front to Side,,,Collision with Non-Motorist:Pedestrian,Level,At Intersection,Not Applicable,Daylight,Dry,Clear,,040,2,Straight,2.0,,DR3447,,,,,1.0,2.0,0.0,1.0,0.0,0.0,2.0,0.0,0.0,0.0,0.0,1.0,0.0,1.0,0.0,0.0,Y,Motorvehicle; Scooter,Y,,,,2.0,,,,,,Going straight; Going straight,West; West,No contributing action; No contributing action,No apparent contributing factor; No apparent contributing factor,North,Cross/enter at intersection,Evading law enforcement officer,0.0,Y,,3,Thursday,14
370243,2023-30703,39.77832942,-104.97925569,2023-08-01,2026-04-19 05:55:00,DENVER,01,DPD,1/CRT13,,Pedestrian,Pedestrian,0,0,0,0,1.0,0,0,0,E 45TH AVE,N WASHINGTON ST,E 45TH AVE & N WASHINGTON ST,0.0,At the intersection,,0.0,,0,0,0,0.0,,,On-roadway,,Collision with Non-Motorist:Pedestrian,,,,Collision with Non-Motorist:Pedestrian,Level,At Intersection,Not Applicable,Daylight,Dry,Cloudy,,,0,Straight,1.0,,DR3447,WASHI,,,,1.0,0.0,0.0,0.0,0.0,0.0,1.0,0.0,0.0,0.0,0.0,1.0,0.0,0.0,0.0,0.0,Y,Motorvehicle; Scooter,Y,,,,1.0,Making right turn,East,Failed to yield row,Looked/did not see,30.0,,,,,North,Other,Aggressive,0.0,Y,,3,Tuesday,05
372237,2023-31759,39.76657928,-104.97401658,2023-07-23,2026-04-19 01:11:00,DENVER,01,DPD,3 - 251C,,Pedestrian,Pedestrian,0,1,0,0,1.0,0,0,0,35TH ST,LAWRENCE ST,35TH ST & LAWRENCE ST,250.0,Feet,E,0.0,,0,0,0,0.0,,,On-roadway,W01,Collision with Non-Motorist:Pedestrian,,,,Collision with Non-Motorist:Pedestrian,Level,Crossover Related,Not Applicable,Dark-Lighted,Dry,Clear,,,1,Straight,1.0,,DR3447,LAWRE,,,,1.0,2.0,0.0,1.0,0.0,0.0,2.0,0.0,0.0,0.0,0.0,1.0,0.0,1.0,0.0,0.0,Y,Motorvehicle; Scooter,Y,,,,1.0,,,,,,Going straight,East,No contributing action,No apparent contributing factor,Southwest,Failure to yield right-of-way,"Distracted/other (food, objects, pets, etc)",0.0,Y,,3,Sunday,01
372610,2023-31958,39.79832902,-104.89412538,2023-07-18,2026-04-19 22:39:00,DENVER,01,DPD,3 - 551A,,Pedestrian,Pedestrian,0,1,0,0,1.0,0,0,0, UINTA ST,E 56TH AVE, UINTA ST & E 56TH AVE,0.0,At the intersection,,0.0,,0,0,0,0.0,,,On-roadway,E01,Collision with Non-Motorist:Pedestrian,,,,Collision with Non-Motorist:Pedestrian,Level,At Intersection,Not Applicable,Dark-Lighted,Dry,Clear,,,1,Straight,1.0,,DR3447,A0056,,,,1.0,2.0,0.0,1.0,0.0,0.0,1.0,0.0,0.0,0.0,0.0,1.0,0.0,1.0,0.0,0.0,Y,Motorvehicle; Scooter,Y,,,,1.0,Making right turn,North,Failed to yield row,Looked/did not see,45.0,,,,,South,No contributing action,No apparent contributing factor,0.0,Y,,3,Tuesday,22
373474,2023-32467,39.74027374,-105.03931823,2023-07-06,2026-04-19 18:53:00,DENVER,01,DPD,2/143K,01,Pedestrian,Pedestrian,0,2,0,0,2.0,0,0,0, PERRY ST,W COLFAX AVE, PERRY ST & W COLFAX AVE,20.0,Feet,S,295.29,,0,1,0,20.0,Feet,S,On-roadway,S01,Collision with Non-Motorist:Pedestrian,Collision with Non-Motorist:Pedestrian,,,Collision with Non-Motorist:Pedestrian,Level,Driveway Access Related,Not Applicable,Daylight,Dry,Clear,,040,2,Straight,1.0,,DR3447,COLFA,,,,1.0,3.0,0.0,1.0,1.0,0.0,1.0,0.0,0.0,0.0,0.0,2.0,0.0,1.0,1.0,0.0,Y,Motorvehicle; Scooter,Y,,,,1.0,Going straight,South,Other contributing action,Unknown,30.0,,,,,West; West,Other; Other,No apparent contributing factor; No apparent contributing factor,0.0,Y,,3,Thursday,18
373819,2023-32599,39.74695509,-104.97333922,2023-07-17,2026-04-19 17:11:00,DENVER,01,DPD,2/641C,,Pedestrian,Pedestrian,0,1,0,0,1.0,0,0,0, DOWNING ST,E 20TH AVE, DOWNING ST & E 20TH AVE,0.0,,,0.0,,0,0,0,0.0,,,On-roadway,W01,Collision with Non-Motorist:Pedestrian,,,,Collision with Non-Motorist:Pedestrian,Level,At Intersection,Not Applicable,Daylight,Dry,Clear,,,0,Straight,1.0,,DR3447,A0020,,,,1.0,3.0,0.0,0.0,1.0,0.0,1.0,0.0,0.0,0.0,0.0,1.0,0.0,0.0,1.0,0.0,Y,Motorvehicle; Scooter,Y,,,,1.0,,,,,,Making right turn,West,No contributing action,No apparent contributing factor,South,Traveling on sidewalk with traffic,No apparent contributing factor,0.0,Y,,3,Monday,17
374627,2023-33020,39.75461441,-104.97456087,2023-07-14,2026-04-19 19:19:00,DENVER,01,DPD,2 / 231C,01,Pedestrian,Pedestrian,0,1,0,0,1.0,0,0,0, OGDEN ST,E 26TH AVE, OGDEN ST & E 26TH AVE,5.0,Feet,W,0.0,,0,0,0,0.0,,,On-roadway,W01,Collision with Non-Motorist:Pedestrian,,,,Collision with Non-Motorist:Pedestrian,Level,At Intersection,Not Applicable,Dawn or Dusk,Dry,,,,1,Straight,1.0,,DR3447,A0026,,,,1.0,1.0,1.0,0.0,0.0,0.0,1.0,0.0,0.0,0.0,0.0,1.0,1.0,0.0,0.0,0.0,Y,Motorvehicle; Scooter,Y,,,,1.0,,,,,,Going straight,West,No contributing action,No apparent contributing factor,North,Other,Other factor,0.0,Y,,3,Friday,19
375537,2023-33593,39.74813226,-104.98153959,2023-07-26,2026-04-19 12:50:00,DENVER,01,DPD,2/CRT61,01,Pedestrian,Pedestrian,0,0,0,0,1.0,0,0,0,22ND ST,COURT PL,22ND ST & COURT PL,0.0,At the intersection,,0.0,,0,0,0,0.0,,,On-roadway,,Collision with Non-Motorist:Pedestrian,,,,Collision with Non-Motorist:Pedestrian,Level,At Intersection,Not Applicable,Daylight,Dry,Clear,,,0,Straight,1.0,,DR3447,COURT,,,,1.0,0.0,0.0,0.0,0.0,0.0,1.0,0.0,0.0,0.0,0.0,1.0,0.0,0.0,0.0,0.0,Y,Motorvehicle; Scooter,Y,,,,1.0,Making left turn,East,Careless driving,Unknown,35.0,,,,,West,Cross/enter at intersection,No apparent contributing factor,0.0,Y,,3,Wednesday,12
375923,2023-33811,39.75114189,-104.99318287,2023-08-12,2026-04-19 15:20:00,DENVER,DENVER,DPD,2/CRT63,04,Pedestrian,Pedestrian,0,0,0,0,1.0,0,0,0,LAWRENCE ST,19TH ST,LAWRENCE ST & 19TH ST,98.0,Feet,SW,0.0,,0,0,0,0.0,,,On-roadway,,Collision with Non-Motorist:Pedestrian,,,,Collision with Non-Motorist:Pedestrian,Level,Non-intersection,Not Applicable,Daylight,Dry,Clear,,,0,Straight,1.0,,DR3447,S0019,,,,1.0,0.0,0.0,0.0,0.0,0.0,1.0,0.0,0.0,0.0,0.0,1.0,0.0,0.0,0.0,0.0,Y,Motorvehicle; Scooter,Y,,,,1.0,,,,,,Stopped in traffic,Northeast,No contributing action,No apparent contributing factor,Southwest,"Traveling along roadway against traffic (in or adjacent to travel lane); Failure to obey traffic signs, signals, or officer","Distracted/other (food, objects, pets, etc); Looked/did not see",0.0,Y,,3,Saturday,15
376807,2023-34365,39.74161842,-104.95978861,2023-08-17,2026-04-19 16:04:00,DENVER,DENVER,DPD,2 / 631b,03,Pedestrian,Pedestrian,0,0,0,0,0.0,0,0,0,E 16TH AVE,N YORK ST,E 16TH AVE & N YORK ST,0.0,At the intersection,,0.0,,0,0,0,0.0,,,On-roadway,W01,Collision with Non-Motorist:Pedestrian,,,,Collision with Non-Motorist:Pedestrian,Level,At Intersection,Not Applicable,Daylight,Dry,Clear,,,0,,2.0,,DR3447,YORKS,,,,1.0,0.0,0.0,0.0,0.0,0.0,1.0,0.0,0.0,0.0,0.0,1.0,0.0,0.0,0.0,0.0,Y,Motorvehicle; Scooter,Y,,,,1.0,,,,,,Going straight,West,No contributing action,No apparent contributing factor,North,"Failure to obey traffic signs, signals, or officer",Unknown,0.0,Y,,3,Thursday,16
377064,2023-34506,39.7193437,-104.98917533,2023-08-14,2026-04-19 13:00:00,DENVER,01,DPD,2/CRT37,01,Pedestrian,Pedestrian,0,1,0,0,1.0,0,0,0, ACOMA ST,W 2ND AVE, ACOMA ST & W 2ND AVE,0.0,At the intersection,,0.0,,0,0,0,0.0,,,On-roadway,W01,Collision with Non-Motorist:Pedestrian,,,,Collision with Non-Motorist:Pedestrian,Level,At Intersection,Not Applicable,Daylight,Dry,Clear,,,0,Straight,1.0,,DR3447,A0002,,,,1.0,3.0,0.0,0.0,1.0,0.0,1.0,0.0,0.0,0.0,0.0,1.0,0.0,0.0,1.0,0.0,Y,Motorvehicle; Scooter,Motorvehicle; Scooter,,,,1.0,,,,,,Going straight,West,No contributing action,No apparent contributing factor,South,Failure to yield right-of-way,Aggressive,0.0,Y,,3,Monday,13
377094,2023-34516,39.72094395,-104.98745021,2023-08-14,2026-04-19 14:00:00,DENVER,01,DPD,2/CRT37,01,Pedestrian,Pedestrian,0,1,0,0,1.0,0,0,0,W 3RD AVE,N BROADWAY ST,W 3RD AVE & N BROADWAY ST,0.0,At the intersection,,0.0,,0,0,0,0.0,,,On-roadway,W01,Collision with Non-Motorist:Pedestrian,,,,Collision with Non-Motorist:Pedestrian,Level,At Intersection,Not Applicable,Daylight,Dry,Clear,,,0,Straight,1.0,,DR3447,BROAD,,,,1.0,3.0,0.0,0.0,1.0,0.0,1.0,0.0,0.0,0.0,0.0,1.0,0.0,0.0,1.0,0.0,Y,Motorvehicle; Scooter,Motorvehicle; Scooter,,,,1.0,,,,,,Going straight,West,No contributing action,No apparent contributing factor,South,Failure to yield right-of-way,Aggressive,0.0,Y,,3,Monday,14
379239,2023-35873,39.74139484,-104.99883463,2023-08-03,2026-04-19 16:00:00,DENVER,01,DPD,2/CRT63,,Pedestrian,Pedestrian,0,1,0,0,1.0,0,0,0, SPEER BLVD,STOUT ST, SPEER BLVD & STOUT ST,0.0,At the intersection,,0.0,,0,0,0,0.0,,,On-roadway,N01,Collision with Non-Motorist:Pedestrian,,,,Collision with Non-Motorist:Pedestrian,Level,At Intersection,Not Applicable,Daylight,Dry,Clear,,,10,Straight,1.0,,DR3447,STOUT,,,,1.0,3.0,0.0,0.0,1.0,0.0,1.0,0.0,0.0,0.0,0.0,1.0,0.0,0.0,1.0,0.0,Y,Motorvehicle; Scooter,Y,,,,1.0,Going straight,North,Failed to yield row,Aggressive driving,30.0,,,,,East,Cross/enter at intersection,No apparent contributing factor,0.0,Y,,3,Thursday,16
379694,2023-36115,39.76083238,-105.00409346,2023-08-25,2026-04-19 12:37:00,DENVER,DENVER,DPD,1/733A,,Pedestrian,Pedestrian,0,1,0,0,1.0,0,0,0,I-25 NB OFF RAMP,20TH ST,I-25 NB OFF RAMP & 20TH ST,0.0,At the intersection,,,,0,0,0,0.0,,,On-roadway,W02,Collision with Non-Motorist:Pedestrian,,,,Collision with Non-Motorist:Pedestrian,Uphill,At Intersection,Not Applicable,Daylight,Wet,Rain,,025,1,Straight,1.0,,DR3447,O,,,,1.0,2.0,0.0,1.0,0.0,0.0,1.0,0.0,0.0,0.0,0.0,1.0,0.0,1.0,0.0,0.0,Y,Motorvehicle; Scooter,Y,,,,1.0,Making right turn,Northeast,Failed to yield row,Looked/did not see,25.0,,,,,East,Cross/enter at intersection,Distracted-manipulating electronic device,0.0,Y,,3,Friday,12
379920,2023-36241,39.68944073,-105.00159451,2023-08-27,2026-04-19 13:29:00,DENVER,01,DPD,1/422B,,Pedestrian,Pedestrian,0,1,0,0,1.0,0,0,0, LIPAN ST,W FLORIDA AVE, LIPAN ST & W FLORIDA AVE,0.0,At the intersection,,0.0,,0,0,0,0.0,,,On-roadway,,Collision with Non-Motorist:Pedestrian,,,,Collision with Non-Motorist:Pedestrian,Downhill,At Intersection,Not Applicable,Daylight,Dry,Clear,,,0,Straight,1.0,,DR3447,FLORI,,,,1.0,1.0,1.0,0.0,0.0,0.0,1.0,0.0,0.0,0.0,0.0,1.0,1.0,0.0,0.0,0.0,Y,Motorvehicle; Scooter,Y,,,,1.0,,,,,,Making right turn,South,No contributing action,No apparent contributing factor,East,Traveling along roadway against traffic (in or adjacent to travel lane),Other factor,0.0,Y,,3,Sunday,13
380234,2023-36452,39.74165437,-104.9747851,2023-08-29,2026-04-19 17:40:00,DENVER,01,DPD,2-642D,,Pedestrian,Pedestrian,0,1,0,0,1.0,0,0,0,16TH AVE,N OGDEN ST,16TH AVE & N OGDEN ST,0.0,,,0.0,,0,0,0,0.0,,,On-roadway,,Collision with Non-Motorist:Pedestrian,,,,Collision with Non-Motorist:Pedestrian,,At Intersection,Not Applicable,Daylight,,Blowing Snow,,,0,Straight,1.0,,DR3447,OGDEN,,,,1.0,1.0,1.0,0.0,0.0,0.0,1.0,0.0,0.0,0.0,0.0,1.0,1.0,0.0,0.0,0.0,Y,Motorvehicle; Scooter,Y,,,,1.0,Making left turn,West,Failed to yield row,Unknown,25.0,,,,,East,No contributing action,No apparent contributing factor,0.0,Y,,3,Tuesday,17
380663,2023-36732,39.77288216,-104.9429452,2023-08-30,2026-04-19 16:01:00,DENVER,01,DPD,3/251A,,Pedestrian,Pedestrian,0,0,0,0,1.0,0,0,0,E 40TH AVE,N JACKSON ST,E 40TH AVE & N JACKSON ST,0.0,At the intersection,,0.0,,0,0,0,0.0,,,On-roadway,,Collision with Non-Motorist:Pedestrian,,,,Collision with Non-Motorist:Pedestrian,Level,At Intersection,Not Applicable,Daylight,Dry,Clear,,,0,Straight,1.0,,DR3447,JACKS,,,,1.0,0.0,0.0,0.0,0.0,0.0,1.0,0.0,0.0,0.0,0.0,1.0,0.0,0.0,0.0,0.0,Y,Motorvehicle; Scooter,Y,,,,1.0,,,,,,Going straight,East,No contributing action,No apparent contributing factor,South,"Failure to obey traffic signs, signals, or officer",Looked/did not see,0.0,Y,,3,Wednesday,16
380739,2023-36759,39.74517287,-104.98872293,2023-04-27,2026-04-19 19:02:00,DENVER,01,DPD,2/631A,,Pedestrian,Pedestrian,0,1,0,0,1.0,0,0,0,GLENARM PL,17TH ST,GLENARM PL & 17TH ST,200.0,Feet,NE,0.0,,0,0,0,0.0,,,On-roadway,S01,Collision with Non-Motorist:Pedestrian,,,,Collision with Non-Motorist:Pedestrian,Level,Driveway Access Related,Not Applicable,Daylight,Dry,Cloudy,,,1,Straight,1.0,,DR3447,S0017,,,,1.0,3.0,0.0,0.0,1.0,0.0,1.0,0.0,0.0,0.0,0.0,1.0,0.0,0.0,1.0,0.0,Y,Motorvehicle; Scooter,Y,,,,1.0,,,,,,Making right turn,Northeast,No contributing action,No apparent contributing factor,Southwest,Traveling on sidewalk with traffic,No apparent contributing factor,0.0,Y,,2,Thursday,19
381139,2023-37011,39.70559881,-104.89033074,2023-08-31,2026-04-19 07:19:00,DENVER,01,DPD,1/379d,,Pedestrian,Pedestrian,0,0,0,0,0.0,0,0,0,E FAIRMOUNT DR,S VALENTIA ST,E FAIRMOUNT DR & S VALENTIA ST,0.0,At the intersection,,0.0,,0,0,0,0.0,,,On-roadway,,Collision with Non-Motorist:Pedestrian,,,,Collision with Non-Motorist:Pedestrian,Level,Roundabout,Not Applicable,Daylight,Dry,Clear,,,0,Curve Left,2.0,,DR3447,VALEN,,,,1.0,0.0,0.0,0.0,0.0,0.0,1.0,0.0,0.0,0.0,0.0,1.0,0.0,0.0,0.0,0.0,Y,Motorvehicle; Scooter,Y,,,,1.0,,,,,,Going straight,South,Unknown,Unknown,West,Cross/enter at intersection,Unknown,0.0,Y,,3,Thursday,07
381761,2023-37373,39.72944415,-105.0015902,2023-09-03,2026-04-19 18:39:00,DENVER,01,DPD,2/143E,,Parked Motor Vehicle,Collision with parked vehicle,0,1,0,0,1.0,0,0,0, LIPAN ST,W 8TH AVE, LIPAN ST & W 8TH AVE,200.0,Feet,N,0.0,,0,0,0,0.0,,,On-roadway,N01,Collision with Other Vehicle:Parked Motor Vehicle,,,,Collision with Other Vehicle:Parked Motor Vehicle,Level,Non-intersection,Not Applicable,Daylight,Dry,Clear,,,0,Straight,1.0,,DR3447,A0008,,,,1.0,3.0,0.0,0.0,1.0,0.0,0.0,0.0,0.0,0.0,0.0,1.0,0.0,0.0,1.0,0.0,Y,Motorvehicle; Scooter,Y,,,,1.0,,,,,,Parked,North,No contributing action,No apparent contributing factor,North,Other; Traveling along roadway with traffic (in or adjacent to travel lane),No apparent contributing factor,0.0,Y,,3,Sunday,18
382138,2023-37593,39.68209534,-104.93166604,2023-09-01,2026-04-19 11:58:00,DENVER,01,DPD,1/CRT35,,Pedestrian,Pedestrian,0,1,0,0,1.0,0,0,0, DAHLIA ST,E JEWELL AVE, DAHLIA ST & E JEWELL AVE,0.0,At the intersection,,0.0,,0,0,0,0.0,,,On-roadway,S01,Collision with Non-Motorist:Pedestrian,,,,Collision with Non-Motorist:Pedestrian,Level,At Intersection,Not Applicable,Daylight,Dry,Clear,,,0,Straight,1.0,,DR3447,JEWEL,,,,1.0,2.0,0.0,1.0,0.0,0.0,1.0,0.0,0.0,0.0,0.0,1.0,0.0,1.0,0.0,0.0,Y,Motorvehicle; Scooter,Y,,,,1.0,,,,,,Going straight,East,No contributing action,No apparent contributing factor,South,"Failure to obey traffic signs, signals, or officer",Looked/did not see,0.0,Y,,3,Friday,11
382354,2023-37738,39.67490759,-104.98518881,2023-09-06,2026-04-19 14:43:00,DENVER,DENVER,DPD,1/CRT35,,Broadside,Broadside,0,1,0,0,1.0,0,0,0, SHERMAN ST,E ILIFF AVE, SHERMAN ST & E ILIFF AVE,0.0,At the intersection,,0.0,,0,0,0,0.0,,,On-roadway,E01,Collision with Motor Vehicle in Transport:Front to Side,,,,Collision with Motor Vehicle in Transport:Front to Side,Downhill,At Intersection,Not Applicable,Daylight,Dry,Clear,,,1,Straight,1.0,,DR3447,ILIFF,,,,1.0,2.0,0.0,1.0,0.0,0.0,1.0,0.0,0.0,0.0,0.0,1.0,0.0,1.0,0.0,0.0,Y,Motorvehicle; Scooter,Y,,,,1.0,,,,,,Going straight,West,No contributing action,No apparent contributing factor,South,"Failure to obey traffic signs, signals, or officer",Other factor,0.0,Y,,3,Wednesday,14
382461,2023-37795,39.7400086,-104.99000738,2023-08-11,2026-04-19 23:30:00,DENVER,01,DPD,6-652C,01,,Unknown,0,0,1,0,0.0,0,0,0,1320 GLENARM PL,,1320 GLENARM PL,0.0,,,0.0,,0,0,0,0.0,,,On Private Property,,Collision with Non-Motorist:Pedestrian,,,,Collision with Non-Motorist:Pedestrian,Level,Parking Lot,Not Applicable,Dark-Lighted,Dry,Clear,,,0,Curve Unknown Direction,2.0,,DR3447,013HX,,,,1.0,0.0,0.0,0.0,0.0,0.0,4.0,0.0,0.0,0.0,0.0,1.0,0.0,0.0,0.0,0.0,Y,Motorvehicle; Scooter,Y,,,,1.0,Unknown,Unknown,Unknown,Unknown,99.0,,,,,Unknown,No contributing action,Unknown,0.0,Y,,3,Friday,23
382698,2023-37927,39.76017001,-104.91407304,2023-08-31,2026-04-19 08:12:00,DENVER,01,DPD,1-221,03,Pedestrian,Pedestrian,0,0,0,0,0.0,0,0,0,E 30TH AVE,N LOCUST ST,E 30TH AVE & N LOCUST ST,0.0,At the intersection,E,0.0,,0,0,0,0.0,,,On-roadway,S01,Collision with Non-Motorist:Pedestrian,,,,Collision with Non-Motorist:Pedestrian,Level,At Intersection,Not Applicable,Daylight,Dry,,,,0,Straight,2.0,,DR3447,LOCUS,,,,1.0,0.0,0.0,0.0,0.0,0.0,1.0,0.0,0.0,0.0,0.0,1.0,0.0,0.0,0.0,0.0,Y,Motorvehicle; Scooter,Y,,,,1.0,,,,,,Going straight,East,No contributing action,No apparent contributing factor,South,"Failure to obey traffic signs, signals, or officer",No apparent contributing factor,0.0,Y,,3,Thursday,08
382944,2023-38103,39.72932093,-105.02514862,2023-09-05,2026-04-19 17:14:00,DENVER,DENVER,DPD,2/142E,,Pedestrian,Pedestrian,0,1,0,0,1.0,0,0,0,W 8TH AVE,N FEDERAL BLVD,W 8TH AVE & N FEDERAL BLVD,0.0,At the intersection,E,0.0,,0,0,0,0.0,,,On-roadway,E02,Collision with Non-Motorist:Pedestrian,,,,Collision with Non-Motorist:Pedestrian,Level,At Intersection,Not Applicable,Daylight,Dry,Clear,,,0,Straight,1.0,,DR3447,FEDER,,,,1.0,2.0,0.0,1.0,0.0,0.0,1.0,0.0,0.0,0.0,0.0,1.0,0.0,1.0,0.0,0.0,Y,Motorvehicle; Scooter,Y,,,,1.0,,,,,,Going straight,East,No contributing action,No apparent contributing factor,East,Traveling along roadway with traffic (in or adjacent to travel lane),No apparent contributing factor,0.0,Y,,3,Tuesday,17
382963,2023-38117,39.73685918,-104.98739365,2023-09-03,2026-04-19 02:00:00,DENVER,01,DPD,3/665S,,Pedestrian,Pedestrian,0,1,0,0,1.0,0,0,0, BROADWAY ST,E 13TH AVE, BROADWAY ST & E 13TH AVE,0.0,At the intersection,,0.0,,0,0,0,0.0,,,On-roadway,S01,Collision with Non-Motorist:Pedestrian,,,,Collision with Non-Motorist:Pedestrian,Level,At Intersection,Not Applicable,Dark-Lighted,Dry,Clear,,,1,Straight,1.0,,DR3447,A0013,,,,1.0,3.0,0.0,0.0,1.0,0.0,2.0,0.0,0.0,0.0,0.0,1.0,0.0,0.0,1.0,0.0,Y,Motorvehicle; Scooter,Y,,,,1.0,,,,,,Going straight,South,No contributing action,Other factor,North,"Failure to obey traffic signs, signals, or officer; Traveling along roadway against traffic (in or adjacent to travel lane)",Inexperience; Unfamiliar with area,0.0,Y,,3,Sunday,02
383010,2023-38149,39.75627748,-104.98724307,2023-09-01,2026-04-19 21:00:00,DENVER,01,DPD,1/CRT32,01,Pedestrian,Pedestrian,0,1,0,0,1.0,0,0,0,24TH ST,N BROADWAY ST,24TH ST & N BROADWAY ST,60.0,Feet,S,0.0,,0,0,0,0.0,,,On-roadway,,Non-Collision:Other Non-Collision,Collision with Non-Motorist:Pedestrian,,,Collision with Non-Motorist:Pedestrian,Level,At Intersection,Not Applicable,Daylight,Dry,Clear,,,1,Straight,1.0,,DR3447,BROAD,,,,1.0,3.0,0.0,0.0,1.0,0.0,1.0,0.0,0.0,0.0,0.0,1.0,0.0,0.0,1.0,0.0,Y,Motorvehicle; Scooter,Y,,,,1.0,Stopped in traffic,Northwest,Failed to yield row,Unknown,25.0,,,,,South,No contributing action,No apparent contributing factor,0.0,Y,,3,Friday,21
383332,2023-38345,39.74028219,-105.01250957,2023-09-09,2026-04-19 23:19:00,DENVER,01,DPD,3/163D,,Pedestrian,Pedestrian,0,0,0,0,0.0,0,0,0,W COLFAX AVE,I-25 NB ON RAMP,W COLFAX AVE & I-25 NB ON RAMP,0.0,At the intersection,W,297.0,,0,1,0,0.25,Miles,W,On-roadway,N01,Collision with Non-Motorist:Pedestrian,,,,Collision with Non-Motorist:Pedestrian,Level,At Intersection,Not Applicable,Dark-Lighted,Dry,Clear,,040,1,Straight,2.0,,DR3447,,,,,1.0,0.0,0.0,0.0,0.0,0.0,1.0,0.0,0.0,0.0,0.0,1.0,0.0,0.0,0.0,0.0,Y,Motorvehicle; Scooter,Y,,,,1.0,,,,,,Making left turn,North,No contributing action,No apparent contributing factor,East,"Failure to obey traffic signs, signals, or officer",Looked/did not see,0.0,Y,,3,Saturday,23
383922,2023-38675,39.74020409,-105.00522491,2023-06-07,2026-04-19 21:00:00,DENVER,01,DPD,3/163C,01,Pedestrian,Pedestrian,0,1,0,0,2.0,0,0,0, OSAGE ST,W COLFAX AVE, OSAGE ST & W COLFAX AVE,0.0,At the intersection,S,297.5,,0,1,0,0.25,Miles,W,On-roadway,S01,Collision with Non-Motorist:Pedestrian,Collision with Non-Motorist:Pedestrian,,,Collision with Non-Motorist:Pedestrian,Level,At Intersection,Not Applicable,Dark-Lighted,Dry,Clear,,040,0,Straight,1.0,,DR3447,,,,,1.0,1.0,1.0,0.0,0.0,0.0,1.0,0.0,0.0,0.0,0.0,2.0,1.0,0.0,0.0,0.0,Y,Motorvehicle; Scooter,Y,,,,1.0,Making left turn,South,Careless driving,Not observed,30.0,,,,,South; South,No contributing action; No contributing action,No apparent contributing factor; No apparent contributing factor,0.0,Y,,2,Wednesday,21
384362,2023-38949,39.75420038,-105.00148943,2023-09-07,2026-04-19 15:32:00,DENVER,01,DPD,2/632B,01,Pedestrian,Pedestrian,0,1,0,0,1.0,0,0,0,WEWATTA ST,17TH ST,WEWATTA ST & 17TH ST,0.0,,,0.0,,0,0,0,0.0,,,On-roadway,,Collision with Non-Motorist:Pedestrian,,,,Collision with Non-Motorist:Pedestrian,Level,Intersection Related,Not Applicable,Daylight,Dry,Clear,,,0,Straight,1.0,,DR3447,S0017,,,,1.0,1.0,1.0,0.0,0.0,0.0,1.0,0.0,0.0,0.0,0.0,1.0,1.0,0.0,0.0,0.0,Y,Motorvehicle; Scooter,Y,,,,1.0,Making right turn,Southwest,Unknown,Unknown,99.0,,,,,Northeast,Cross/enter at intersection,No apparent contributing factor,0.0,Y,,3,Thursday,15
384466,2023-39031,39.73370772,-104.98229453,2023-09-12,2026-04-19 17:10:00,DENVER,DENVER,DPD,2/643A,,Pedestrian,Pedestrian,0,1,0,0,1.0,0,0,0,E 11TH AVE,N LOGAN ST,E 11TH AVE & N LOGAN ST,0.0,At the intersection,,0.0,,0,0,0,0.0,,,On-roadway,E01,Collision with Non-Motorist:Pedestrian,,,,Collision with Non-Motorist:Pedestrian,Level,At Intersection,Not Applicable,Daylight,Dry,Clear,,,1,Straight,1.0,,DR3447,LOGAN,,,,1.0,2.0,0.0,1.0,0.0,0.0,1.0,0.0,0.0,0.0,0.0,1.0,0.0,1.0,0.0,0.0,Y,Motorvehicle; Scooter,Y,,,,1.0,Changing lanes,East,Careless driving; Lane violation,Other factor,25.0,,,,,East,No contributing action,No apparent contributing factor,0.0,Y,,3,Tuesday,17
384992,2023-39361,39.76668686,-104.97656011,2023-09-13,2026-04-19 06:39:00,DENVER,01,DPD,1-CRT23,,Pedestrian,Pedestrian,0,1,0,0,1.0,0,0,0,34TH ST,WALNUT ST,34TH ST & WALNUT ST,0.0,At the intersection,,0.0,,0,0,0,0.0,,,On-roadway,E01,Collision with Non-Motorist:Pedestrian,,,,Collision with Non-Motorist:Pedestrian,Level,At Intersection,Not Applicable,Daylight,Dry,Clear,,,1,Straight,1.0,,DR3447,WALNU,,,,1.0,1.0,1.0,0.0,0.0,0.0,1.0,0.0,0.0,0.0,0.0,1.0,1.0,0.0,0.0,0.0,Y,Motorvehicle; Scooter,Y,,,,1.0,,,,,,Going straight,East,No contributing action,Not observed,South,"Failure to obey traffic signs, signals, or officer",Other factor,0.0,Y,,3,Wednesday,06
386923,2023-40079,39.68757443,-104.98751272,2023-09-19,2026-04-19 20:35:00,DENVER,01,DPD,2/331A,,Pedestrian,Pedestrian,0,1,0,0,1.0,0,0,0,E IOWA AVE,S BROADWAY ST,E IOWA AVE & S BROADWAY ST,0.0,At the intersection,,0.0,,0,0,0,0.0,,,On-roadway,E01,Collision with Non-Motorist:Pedestrian,,,,Collision with Non-Motorist:Pedestrian,Level,At Intersection,Not Applicable,Daylight,Dry,Clear,,,1,Straight,1.0,,DR3447,BROAD,,,,1.0,1.0,1.0,0.0,0.0,0.0,1.0,0.0,0.0,0.0,0.0,1.0,1.0,0.0,0.0,0.0,Y,Motorvehicle; Scooter,Y,,,,1.0,Making right turn,East,Failed to yield row,Looked/did not see,35.0,,,,,North,No contributing action,No apparent contributing factor,0.0,Y,,3,Tuesday,20
387677,2023-40527,39.74838846,-104.99151166,2023-08-01,2026-04-19 23:20:00,DENVER,01,DPD,3/651D,,Pedestrian,Pedestrian,0,0,0,0,1.0,0,0,0,18TH ST,CHAMPA ST,18TH ST & CHAMPA ST,0.0,,S,0.0,,0,0,0,0.0,,,On-roadway,S01,Collision with Non-Motorist:Pedestrian,,,,Collision with Non-Motorist:Pedestrian,Level,At Intersection,Not Applicable,Dark-Lighted,Dry,Clear,,,1,Straight,1.0,,DR3447,CHAMP,,,,1.0,0.0,0.0,0.0,0.0,0.0,2.0,0.0,0.0,0.0,0.0,1.0,0.0,0.0,0.0,0.0,Y,Motorvehicle; Scooter,Y,,,,1.0,,,,,,Making left turn,Northwest,No contributing action,No apparent contributing factor,Northwest,"Failure to obey traffic signs, signals, or officer",Unknown,0.0,Y,,3,Tuesday,23
388903,2023-41134,39.71845329,-105.02502368,2023-09-22,2026-04-19 19:37:00,DENVER,01,DPD,2/412,,Pedestrian,Pedestrian,0,0,0,0,1.0,0,0,0, FEDERAL BLVD,W 1ST AVE, FEDERAL BLVD & W 1ST AVE,10.0,Feet,W,1.11,,0,1,0,0.0,At the milepoint,W,On-roadway,SRS,Collision with Non-Motorist:Pedestrian,,,,Collision with Non-Motorist:Pedestrian,Level,Driveway Access Related,Not Applicable,Dark-Lighted,Dry,Clear,,088A,0,Straight,1.0,,DR3447,,,,,1.0,0.0,0.0,0.0,0.0,0.0,2.0,0.0,0.0,0.0,0.0,1.0,0.0,0.0,0.0,0.0,Y,Motorvehicle; Scooter,Y,,,,1.0,Making right turn,East,Failed to yield row,Distracted/other occupant; Looked/did not see,35.0,,,,,North,No contributing action,No apparent contributing factor,0.0,Y,,3,Friday,19
389543,2023-41477,39.76551742,-104.98495601,2023-09-24,2026-04-19 15:38:00,DENVER,01,DPD,2/132B,,Pedestrian,Pedestrian,0,1,0,0,1.0,0,0,0, BRIGHTON BLVD,31ST ST, BRIGHTON BLVD & 31ST ST,0.1,Miles,S,0.0,,0,0,0,0.0,,,On-roadway,,Collision with Non-Motorist:Pedestrian,,,,Collision with Non-Motorist:Pedestrian,Level,Driveway Access Related,Not Applicable,Daylight,Dry,Clear,,,0,Straight,1.0,,DR3447,S0031,,,,1.0,2.0,0.0,1.0,0.0,0.0,1.0,0.0,0.0,0.0,0.0,1.0,0.0,1.0,0.0,0.0,Y,Motorvehicle; Scooter,Y,,,,1.0,,,,,,Making left turn,Northeast,No contributing action,No apparent contributing factor,Southeast,Traveling along roadway against traffic (in or adjacent to travel lane),No apparent contributing factor,0.0,Y,,3,Sunday,15
390297,2023-41834,39.74327186,-104.98109576,2023-09-30,2026-04-19 15:41:00,DENVER,01,DPD,1,,Pedestrian,Pedestrian,0,0,0,0,0.0,0,0,0,E 17TH AVE,N PENNSYLVANIA ST,E 17TH AVE & N PENNSYLVANIA ST,0.0,,,0.0,,0,0,0,0.0,,,On-roadway,E02,Collision with Non-Motorist:Pedestrian,,,,Collision with Non-Motorist:Pedestrian,Level,At Intersection,Not Applicable,Daylight,Dry,Clear,,,0,Straight,2.0,,DR3447,PENNS,,,,1.0,0.0,0.0,0.0,0.0,0.0,1.0,0.0,0.0,0.0,0.0,1.0,0.0,0.0,0.0,0.0,Y,Motorvehicle; Scooter,Y,,,,1.0,,,,,,Going straight,East,No contributing action,Unknown,South,"Failure to obey traffic signs, signals, or officer",No apparent contributing factor,0.0,Y,,3,Saturday,15
390725,2023-42023,39.73685918,-104.98739365,2023-09-03,2026-04-19 00:43:00,DENVER,01,DPD,3/665S,,Pedestrian,Pedestrian,0,1,0,0,1.0,0,0,0, BROADWAY ST,E 13TH AVE, BROADWAY ST & E 13TH AVE,0.0,At the intersection,,0.0,,0,0,0,0.0,,,On-roadway,S01,Collision with Non-Motorist:Pedestrian,,,,Collision with Non-Motorist:Pedestrian,Level,At Intersection,Not Applicable,Dark-Lighted,Dry,Clear,,,1,Straight,1.0,,DR3447,A0013,,,,1.0,3.0,0.0,0.0,1.0,0.0,2.0,0.0,0.0,0.0,0.0,1.0,0.0,0.0,1.0,0.0,Y,Motorvehicle; Scooter,Y,,,,1.0,,,,,,Going straight,North,No contributing action,Other factor,North,"Failure to obey traffic signs, signals, or officer; Traveling along roadway against traffic (in or adjacent to travel lane)",Inexperience; Unfamiliar with area,0.0,Y,,3,Sunday,00
391569,2023-42464,39.74379134,-104.90110519,2023-10-04,2026-04-19 17:14:00,DENVER,01,DPD,2-242S,,Pedestrian,Pedestrian,0,0,0,0,0.0,0,0,0,E 17TH AVE,ROSLYN ST,E 17TH AVE & ROSLYN ST,0.0,At the intersection,,0.0,,0,0,0,0.0,,,On-roadway,W01,Collision with Non-Motorist:Pedestrian,,,,Collision with Non-Motorist:Pedestrian,Level,Non-intersection,Not Applicable,Daylight,Dry,Clear,,,0,Straight,1.0,,DR3447,ROSLY,,,,1.0,0.0,0.0,0.0,0.0,0.0,1.0,0.0,0.0,0.0,0.0,1.0,0.0,0.0,0.0,0.0,Y,Motorvehicle; Scooter,Y,,,,1.0,,,,,,Going straight,West,Unknown,Unknown,West,Unknown,Unknown,0.0,Y,,4,Wednesday,17
391830,2023-42597,39.68221169,-105.03436188,2023-09-30,2026-04-19 18:15:00,DENVER,01,DPD,2-442c,,Pedestrian,Pedestrian,0,1,0,0,1.0,0,0,0,W JEWELL AVE,S LOWELL BLVD,W JEWELL AVE & S LOWELL BLVD,0.0,,,0.0,,0,0,0,0.0,,,On-roadway,W01,Collision with Non-Motorist:Pedestrian,,,,Collision with Non-Motorist:Pedestrian,Level,At Intersection,Not Applicable,Daylight,Dry,Clear,,,1,Straight,1.0,,DR3447,LOWEL,,,,1.0,3.0,0.0,0.0,1.0,0.0,1.0,0.0,0.0,0.0,0.0,1.0,0.0,0.0,1.0,0.0,Y,Motorvehicle; Scooter,Y,,,,1.0,,,,,,Making right turn,South,No contributing action,No apparent contributing factor,East,Traveling along roadway against traffic (in or adjacent to travel lane),Other factor,0.0,Y,,3,Saturday,18
392185,2023-42858,39.73842191,-104.98108104,2023-08-21,2026-04-19 05:17:00,DENVER,DENVER,DPD,3/661D,,Pedestrian,Pedestrian,1,0,0,0,0.0,0,0,0, PENNSYLVANIA ST,E 14TH AVE, PENNSYLVANIA ST & E 14TH AVE,0.0,,,0.0,,0,0,0,0.0,,,On-roadway,E02,Collision with Non-Motorist:Pedestrian,,,,Collision with Non-Motorist:Pedestrian,Level,At Intersection,Not Applicable,Dark-Lighted,Dry,Clear,,,3,Straight,2.0,,DR3447,A0014,,,,1.0,4.0,0.0,0.0,0.0,1.0,1.0,0.0,0.0,0.0,0.0,1.0,0.0,0.0,0.0,1.0,Y,Motorvehicle; Scooter,Y,,,,1.0,,,,,,Going straight,East,No contributing action,No apparent contributing factor,South,"Failure to obey traffic signs, signals, or officer",Other factor,0.0,Y,,3,Monday,05
392488,2023-43043,39.74798483,-105.00071048,2023-10-03,2026-04-19 10:55:00,DENVER,01,DPD,1/612A,,Pedestrian,Pedestrian,0,1,0,0,1.0,0,0,0,MARKET ST,14TH ST,MARKET ST & 14TH ST,0.0,At the intersection,,0.0,,0,0,0,0.0,,,On-roadway,E03,Collision with Non-Motorist:Pedestrian,,,,Collision with Non-Motorist:Pedestrian,Level,At Intersection,Not Applicable,Daylight,Dry,Clear,,,0,Curve Left,1.0,,DR3447,S0014,,,,1.0,2.0,0.0,1.0,0.0,0.0,1.0,0.0,0.0,0.0,0.0,1.0,0.0,1.0,0.0,0.0,Y,Motorvehicle; Scooter,Y,,,,1.0,Making right turn,East,Failed to yield row,No apparent contributing factor,25.0,,,,,North,Cross/enter at intersection,No apparent contributing factor,0.0,Y,,4,Tuesday,10
392497,2023-43047,39.73685809,-104.99710801,2023-09-26,2026-04-19 18:17:00,DENVER,01,DPD,2-141D,,Pedestrian,Pedestrian,0,1,0,0,1.0,0,0,0, GALAPAGO ST,W 13TH AVE, GALAPAGO ST & W 13TH AVE,0.0,At the intersection,S,0.0,,0,0,0,0.0,,,On-roadway,N01,Collision with Non-Motorist:Pedestrian,,,,Collision with Non-Motorist:Pedestrian,Level,At Intersection,Not Applicable,Daylight,Dry,Clear,,,0,Straight,1.0,,DR3447,A0013,,,,1.0,3.0,0.0,0.0,1.0,0.0,1.0,0.0,0.0,0.0,0.0,1.0,0.0,0.0,1.0,0.0,Y,Motorvehicle; Scooter,Y,,,,1.0,Going straight,North,Careless driving,Unknown,25.0,,,,,East,No contributing action,No apparent contributing factor,0.0,Y,,3,Tuesday,18
393114,2023-43352,39.75033775,-104.98920758,2023-06-24,2026-04-19 09:37:00,DENVER,01,DPD,1,01,Pedestrian,Pedestrian,0,0,0,0,0.0,0,0,0,20TH ST,CHAMPA ST,20TH ST & CHAMPA ST,50.0,Feet,W,0.0,,0,0,0,0.0,,,On-roadway,W01,Collision with Non-Motorist:Pedestrian,,,,Collision with Non-Motorist:Pedestrian,Level,Non-intersection,Not Applicable,Daylight,Dry,Clear,,,0,Straight,2.0,,DR3447,CHAMP,,,,1.0,0.0,0.0,0.0,0.0,0.0,1.0,0.0,0.0,0.0,0.0,1.0,0.0,0.0,0.0,0.0,Y,Motorvehicle; Scooter,Y,,,,1.0,Swerve/avoidance,West,Other contributing action,Unknown,30.0,,,,,West,No contributing action,No apparent contributing factor,0.0,Y,,2,Saturday,09
393510,2023-43547,39.75035379,-104.98202262,2023-10-08,2026-04-19 15:50:00,DENVER,01,DPD,1-CRT64,,Pedestrian,Pedestrian,0,1,0,0,1.0,0,0,0,GLENARM PL,PARK AVE W,GLENARM PL & PARK AVE W,0.0,At the intersection,,0.0,,0,0,0,0.0,,,On-roadway,,Collision with Non-Motorist:Pedestrian,,,,Collision with Non-Motorist:Pedestrian,Level,At Intersection,Not Applicable,Daylight,Dry,Clear,,,0,Straight,1.0,,DR3447,PARKA,,,,1.0,2.0,0.0,1.0,0.0,0.0,1.0,0.0,0.0,0.0,0.0,1.0,0.0,1.0,0.0,0.0,Y,Motorvehicle; Scooter,Y,,,,1.0,Stopped in traffic,Southwest,Failed to yield row,No apparent contributing factor,25.0,,,,,Southeast,Cross/enter at intersection; Traveling on sidealk against traffic,No apparent contributing factor,0.0,Y,,4,Sunday,15
394001,2023-43780,39.76575874,-104.96843707,2023-10-09,2026-04-19 07:56:00,DENVER,01,DPD,1/211,,Pedestrian,Pedestrian,0,2,0,0,2.0,0,0,0,E 35TH AVE,N FRANKLIN ST,E 35TH AVE & N FRANKLIN ST,0.0,At the intersection,,0.0,,0,0,0,0.0,,,On-roadway,E01,Collision with Non-Motorist:Pedestrian,Collision with Non-Motorist:Pedestrian,,,Collision with Non-Motorist:Pedestrian,Level,At Intersection,Not Applicable,Daylight,Dry,Clear,,,0,Straight,1.0,,DR3447,FRANK,,,,1.0,1.0,2.0,0.0,0.0,0.0,2.0,0.0,0.0,0.0,0.0,2.0,2.0,0.0,0.0,0.0,Y,Motorvehicle; Scooter,Y,,,,1.0,Making right turn,East,Other contributing action,Looked/did not see; Sun glare,25.0,,,,,West; West,Other; Other,No apparent contributing factor; No apparent contributing factor,0.0,Y,,4,Monday,07
395189,2023-44383,39.74000419,-104.97187827,2023-10-10,2026-04-19 15:47:00,DENVER,01,DPD,2/643A,,Pedestrian,Pedestrian,0,0,0,0,1.0,0,0,0,MARION ST,E COLFAX AVE,MARION ST & E COLFAX AVE,0.0,At the intersection,,298.0,,0,1,0,500.0,Feet,W,On-roadway,N01,Collision with Non-Motorist:Pedestrian,,,,Collision with Non-Motorist:Pedestrian,Level,At Intersection,Not Applicable,Daylight,Dry,Clear,,70,1,Straight,1.0,,DR3447,,,,,1.0,0.0,0.0,0.0,0.0,0.0,1.0,0.0,0.0,0.0,0.0,1.0,0.0,0.0,0.0,0.0,Y,Motorvehicle; Scooter,Y,,,,1.0,,,,,,Going straight,North,No contributing action,No apparent contributing factor,West,"Failure to obey traffic signs, signals, or officer",Looked/did not see,0.0,Y,,4,Tuesday,15
396952,2023-44936,39.66346199,-104.94060448,2023-09-25,2026-04-19 12:57:00,DENVER,01,DPD,2/331A,,Pedestrian,Pedestrian,0,1,0,0,1.0,0,0,0,E CORNELL AVE,S COLORADO BLVD,E CORNELL AVE & S COLORADO BLVD,0.0,At the intersection,,1.0,,0,1,0,0.25,Miles,S,On-roadway,N01,Collision with Non-Motorist:Pedestrian,,,,Collision with Non-Motorist:Pedestrian,Level,At Intersection,Not Applicable,Daylight,Dry,Clear,,002A,1,,1.0,,DR3447,,,,,1.0,3.0,0.0,0.0,1.0,0.0,1.0,0.0,0.0,0.0,0.0,1.0,0.0,0.0,1.0,0.0,Y,Motorvehicle; Scooter,Y,,,,1.0,Making left turn,West,Careless driving,Looked/did not see,40.0,,,,,North,Traveling along roadway with traffic (in or adjacent to travel lane),No apparent contributing factor,0.0,Y,,3,Monday,12
397091,2023-45018,39.68278764,-104.95942515,2023-10-18,2026-04-19 06:24:00,DENVER,01,DPD,1/CRT35,,Pedestrian,Pedestrian,0,1,0,0,1.0,0,0,0,E BUCHTEL BLVD,S UNIVERSITY BLVD,E BUCHTEL BLVD & S UNIVERSITY BLVD,0.0,At the intersection,,0.0,,0,0,0,0.0,,,On-roadway,N03,Collision with Non-Motorist:Pedestrian,,,,Collision with Non-Motorist:Pedestrian,Level,At Intersection,Not Applicable,Dark-Lighted,Dry,Clear,,,0,Straight,1.0,,DR3447,UNIVE,,,,1.0,1.0,1.0,0.0,0.0,0.0,1.0,0.0,0.0,0.0,0.0,1.0,1.0,0.0,0.0,0.0,Y,Motorvehicle; Scooter,Y,,,,1.0,,,,,,Making right turn,West,No contributing action,No apparent contributing factor,West,"Failure to obey traffic signs, signals, or officer","Not visible (dark clothing, no lighting, etc)",0.0,Y,,4,Wednesday,06
397661,2023-45236,39.71817784,-104.95931995,2023-10-18,2026-04-19 18:00:00,DENVER,01,DPD,3/351A,01,Pedestrian,Pedestrian,0,0,0,0,1.0,0,0,0, UNIVERSITY BLVD,E 1ST AVE, UNIVERSITY BLVD & E 1ST AVE,0.0,At the intersection,,0.0,,0,0,0,0.0,,,On-roadway,E04,Collision with Non-Motorist:Pedestrian,,,,Collision with Non-Motorist:Pedestrian,,At Intersection,Not Applicable,Daylight,Dry,Clear,,,0,Curve Right,1.0,,DR3447,A0001,,,,1.0,0.0,0.0,0.0,0.0,0.0,1.0,0.0,0.0,0.0,0.0,1.0,0.0,0.0,0.0,0.0,Y,Motorvehicle; Scooter,Y,,,,1.0,Making right turn,East,Failed to yield row,Not observed,35.0,,,,,Unknown,Cross/enter at intersection,No apparent contributing factor,0.0,Y,,4,Wednesday,18
397784,2023-45305,39.77640639,-104.95825492,2023-10-16,2026-04-19 14:26:00,DENVER,01,DPD,2/CRT51,,Pedestrian,Pedestrian,0,1,0,0,1.0,0,0,0,E 43RD AVE,N JOSEPHINE ST,E 43RD AVE & N JOSEPHINE ST,0.0,At the intersection,,0.0,,0,0,0,0.0,,,On-roadway,N01,Collision with Non-Motorist:Pedestrian,,,,Collision with Non-Motorist:Pedestrian,Level,At Intersection,Not Applicable,Daylight,Dry,Clear,,,1,Straight,1.0,,DR3447,JOSEP,,,,1.0,2.0,0.0,1.0,0.0,0.0,1.0,0.0,0.0,0.0,0.0,1.0,0.0,1.0,0.0,0.0,Y,Motorvehicle; Scooter,Y,,,,1.0,,,,,,Going straight,North,No contributing action,No apparent contributing factor,East,"Failure to obey traffic signs, signals, or officer",Other factor,0.0,Y,,4,Monday,14
399323,2023-46136,39.70504261,-105.04153935,2023-10-27,2026-04-19 16:40:00,DENVER,01,DPD,2/432T,,Pedestrian,Pedestrian,0,0,0,0,0.0,0,0,0,MORRISON RD,S QUITMAN ST,MORRISON RD & S QUITMAN ST,250.0,Feet,SW,12.0,,0,0,0,1.0,Miles,SW,On-roadway,N01,Collision with Non-Motorist:Pedestrian,,,,Collision with Non-Motorist:Pedestrian,Level,Driveway Access Related,Not Applicable,Daylight,Dry,Clear,,,1,Straight,2.0,,DR3447,QUITM,,,,1.0,0.0,0.0,0.0,0.0,0.0,1.0,0.0,0.0,0.0,0.0,1.0,0.0,0.0,0.0,0.0,Y,Motorvehicle; Scooter,Y,,,,1.0,,,,,,Making right turn,Northeast,No contributing action,No apparent contributing factor,Southwest,Failure to yield right-of-way,Unknown,0.0,Y,,4,Friday,16
400974,2023-47183,39.75739454,-105.0105022,2023-10-14,2026-04-19 08:07:00,DENVER,01,DPD,1/113B,01,Pedestrian,Pedestrian,0,1,0,0,1.0,0,0,0,15TH ST,CENTRAL ST,15TH ST & CENTRAL ST,10.0,Feet,NE,0.0,,0,0,0,0.0,,,On-roadway,S01,Collision with Non-Motorist:Pedestrian,,,Collision with Non-Motorist:Pedestrian,Collision with Non-Motorist:Pedestrian,Level,At Intersection,Not Applicable,Daylight,Dry,Clear,,,1,Straight,1.0,,DR3447,CENTR,,,,1.0,3.0,0.0,0.0,1.0,0.0,0.0,0.0,0.0,0.0,0.0,1.0,0.0,0.0,1.0,0.0,Y,Motorvehicle; Scooter,Y,,,,1.0,Making left turn,Southeast,Unknown,Unknown,99.0,,,,,Southwest,No contributing action,No apparent contributing factor,0.0,Y,,4,Saturday,08
400997,2023-47199,39.74571776,-104.98740768,2023-09-16,2026-04-19 17:10:00,DENVER,01,DPD,2/646S,,Pedestrian,Pedestrian,0,1,0,0,1.0,0,0,0, BROADWAY ST,E COLFAX AVE, BROADWAY ST & E COLFAX AVE,0.4,Miles,N,297.0,,0,0,0,0.3,Miles,E,On-roadway,S04,Collision with Non-Motorist:Pedestrian,,,,Collision with Non-Motorist:Pedestrian,Level,Non-intersection,Not Applicable,Daylight,Dry,Clear,,40,3,Straight,1.0,,DR3447,COLFA,,,,1.0,2.0,0.0,1.0,0.0,0.0,1.0,0.0,0.0,0.0,0.0,1.0,0.0,1.0,0.0,0.0,Y,Motorvehicle; Scooter,Y,,,,1.0,,,,,,Entering/leaving parked position,South,No contributing action,No apparent contributing factor,South,Failure to yield right-of-way,Inexperience; Aggressive,0.0,Y,,3,Saturday,17
401795,2023-47651,39.6530435,-104.89902746,2023-11-06,2026-04-19 15:32:00,DENVER,01,DPD,2/344c,,Pedestrian,Pedestrian,0,0,0,0,0.0,0,0,0,E HAMPDEN AVE,S TAMARAC DR,E HAMPDEN AVE & S TAMARAC DR,75.0,Feet,W,1.0,,0,1,0,0.5,Miles,W,On-roadway,E03,Collision with Non-Motorist:Pedestrian,,,,Collision with Non-Motorist:Pedestrian,,Driveway Access Related,Not Applicable,Daylight,Dry,Clear,,86,1,Straight,2.0,,DR3447,,,,,1.0,0.0,0.0,0.0,0.0,0.0,1.0,0.0,0.0,0.0,0.0,1.0,0.0,0.0,0.0,0.0,Y,Motorvehicle; Scooter,Y,,,,1.0,,,,,,Making right turn,North,No contributing action,Not observed,West,Traveling along roadway against traffic (in or adjacent to travel lane),No apparent contributing factor,0.0,Y,,4,Monday,15
401938,2023-47713,39.73683877,-104.98612943,2023-11-02,2026-04-19 11:45:00,DENVER,01,DPD,2/CRT61,,Pedestrian,Pedestrian,0,1,0,0,1.0,0,0,0, LINCOLN ST,E 13TH AVE, LINCOLN ST & E 13TH AVE,0.0,At the intersection,,0.0,,0,0,0,0.0,,,On-roadway,W02,Collision with Non-Motorist:Pedestrian,,,,Collision with Non-Motorist:Pedestrian,Level,At Intersection,Not Applicable,Daylight,Dry,Clear,,,1,Straight,1.0,,DR3447,A0013,,,,1.0,2.0,0.0,1.0,0.0,0.0,1.0,0.0,0.0,0.0,0.0,1.0,0.0,1.0,0.0,0.0,Y,Motorvehicle; Scooter,Y,,,,1.0,,,,,,Going straight,West,No contributing action,No apparent contributing factor,North,"Failure to obey traffic signs, signals, or officer",Distracted/headphones,0.0,Y,,4,Thursday,11
402385,2023-47942,39.7258729,-104.99028031,2023-11-07,2026-04-19 09:00:00,DENVER,01,DPD,1/CRT13,,Pedestrian,Pedestrian,0,1,0,0,1.0,0,0,0, BANNOCK ST,W 6TH AVE, BANNOCK ST & W 6TH AVE,85.0,Feet,N,0.0,,0,0,0,0.0,,,On-roadway,,Collision with Non-Motorist:Pedestrian,,,,Collision with Non-Motorist:Pedestrian,Level,Driveway Access Related,Not Applicable,Daylight,Dry,Clear,,,0,Straight,1.0,,DR3447,A0006,,,,1.0,2.0,0.0,1.0,0.0,0.0,1.0,0.0,0.0,0.0,0.0,1.0,0.0,1.0,0.0,0.0,Y,Motorvehicle; Scooter,Y,,,,1.0,Going straight,East,Failed to yield row,Looked/did not see,30.0,,,,,North,No contributing action,No apparent contributing factor,0.0,Y,,4,Tuesday,09
402611,2023-48028,39.73839658,-104.9634875,2023-11-07,2026-04-19 14:05:00,DENVER,01,DPD,1-CRT64,,Pedestrian,Pedestrian,0,1,0,0,1.0,0,0,0,E 14TH AVE,N RACE ST,E 14TH AVE & N RACE ST,0.0,At the intersection,,0.0,,0,0,0,0.0,,,On-roadway,E01,Collision with Non-Motorist:Pedestrian,,,,Collision with Non-Motorist:Pedestrian,Level,At Intersection,Not Applicable,Daylight,Dry,Clear,,,2,Straight,1.0,,DR3447,RACES,,,,1.0,2.0,0.0,1.0,0.0,0.0,3.0,0.0,0.0,0.0,0.0,1.0,0.0,1.0,0.0,0.0,Y,Motorvehicle; Scooter,Y,,,,1.0,,,,,,Making left turn,East,No contributing action,No apparent contributing factor,East,Traveling along roadway with traffic (in or adjacent to travel lane),No apparent contributing factor,0.0,Y,,4,Tuesday,14
404732,2023-49283,39.73838075,-104.96476863,2023-11-10,2026-04-19 16:09:00,DENVER,01,DPD,2/CRT62,,Pedestrian,Pedestrian,0,1,0,0,1.0,0,0,0, HIGH ST,E 14TH AVE, HIGH ST & E 14TH AVE,4.0,Feet,S,0.0,,0,0,0,0.0,,,On-roadway,N01,Collision with Non-Motorist:Pedestrian,,,,Collision with Non-Motorist:Pedestrian,Level,At Intersection,Not Applicable,Dawn or Dusk,Dry,Clear,,,1,Straight,1.0,,DR3447,A0014,,,,1.0,3.0,0.0,0.0,1.0,0.0,1.0,0.0,0.0,0.0,0.0,1.0,0.0,0.0,1.0,0.0,Y,Motorvehicle; Scooter,Y,,,,1.0,Going straight,North,Careless driving,Driver unfamiliar with area,99.0,,,,,East,Other,Other factor,0.0,Y,,4,Friday,16
404754,2023-49285,39.71117047,-104.98993831,2023-11-03,2026-04-19 22:29:00,DENVER,01,DPD,3/351B,01,Pedestrian,Pedestrian,0,1,0,0,1.0,0,0,0,W ALAMEDA AVE,S BANNOCK ST,W ALAMEDA AVE & S BANNOCK ST,15.0,Feet,E,0.0,,0,0,0,0.0,,,Ran off right side,W02,Collision with Non-Motorist:Pedestrian,,,,Collision with Non-Motorist:Pedestrian,Level,Driveway Access Related,Not Applicable,Dark-Lighted,Dry,Clear,,,0,Straight,1.0,,DR3447,BANNO,,,,1.0,2.0,0.0,1.0,0.0,0.0,1.0,0.0,0.0,0.0,0.0,1.0,0.0,1.0,0.0,0.0,Y,Motorvehicle; Scooter,Y,,,,1.0,Making right turn,West,No contributing action,Not observed,30.0,,,,,West,Traveling along roadway with traffic (in or adjacent to travel lane),Other factor,0.0,Y,,4,Friday,22
404782,2023-49295,39.71119286,-104.99239817,2023-11-13,2026-04-19 15:10:00,DENVER,01,DPD,2/CRT37,,Pedestrian,Pedestrian,0,1,0,0,1.0,0,0,0, CHEROKEE ST,W ALAMEDA AVE, CHEROKEE ST & W ALAMEDA AVE,0.0,At the intersection,,0.0,,0,0,0,0.0,,,On-roadway,S01,Collision with Non-Motorist:Pedestrian,,,,Collision with Non-Motorist:Pedestrian,Level,At Intersection,Not Applicable,Daylight,Dry,Clear,,,0,Straight,1.0,,DR3447,ALAME,,,,1.0,1.0,1.0,0.0,0.0,0.0,1.0,0.0,0.0,0.0,0.0,1.0,1.0,0.0,0.0,0.0,Y,Motorvehicle; Scooter,Y,,,,1.0,Making right turn,South,Failed to yield row,Distracted/other exterior,25.0,,,,,North,No contributing action,No apparent contributing factor,0.0,Y,,4,Monday,15
405407,2023-49696,39.76082076,-105.00410722,2023-11-14,2026-04-19 20:35:00,DENVER,01,DPD,2/133A,,Pedestrian,Pedestrian,0,1,0,0,1.0,0,0,0,20TH ST,I-25 SB RAMPS,20TH ST & I-25 SB RAMPS,0.0,At the intersection,,212.0,,1,0,0,100.0,Feet,N,On-roadway,,Collision with Non-Motorist:Pedestrian,,,,Collision with Non-Motorist:Pedestrian,Level,At Intersection,Not Applicable,Dark-Lighted,Dry,Clear,,I25,0,Straight,1.0,,DR3447,N,,,,1.0,2.0,0.0,1.0,0.0,0.0,1.0,0.0,0.0,0.0,0.0,1.0,0.0,1.0,0.0,0.0,Y,Motorvehicle; Scooter,Y,,,,1.0,,,,,,Making left turn,Northwest,No contributing action,No apparent contributing factor,Northwest,Cross/enter at intersection,Age/ability,0.0,Y,,4,Tuesday,20
405713,2023-49840,39.74838846,-104.99151166,2023-11-15,2026-04-19 10:30:00,DENVER,01,DPD,2/CRT37,,Pedestrian,Pedestrian,0,1,0,0,1.0,0,0,0,18TH ST,CHAMPA ST,18TH ST & CHAMPA ST,0.0,At the intersection,,0.0,,0,0,0,0.0,,,On-roadway,W02,Collision with Non-Motorist:Pedestrian,,,,Collision with Non-Motorist:Pedestrian,Level,At Intersection,Not Applicable,Daylight,Dry,Clear,,,0,Straight,1.0,,DR3447,CHAMP,,,,1.0,1.0,1.0,0.0,0.0,0.0,1.0,0.0,0.0,0.0,0.0,1.0,1.0,0.0,0.0,0.0,Y,Motorvehicle; Scooter,Y,,,,1.0,,,,,,Making right turn,Northwest,No contributing action,No apparent contributing factor,Northwest,Traveling on sidewalk with traffic,"Distracted/other (food, objects, pets, etc)",0.0,Y,,4,Wednesday,10
410362,2023-52240,39.74000831,-104.98740161,2023-12-02,2026-04-19 07:07:00,DENVER,01,DPD,1 / 611c,,Pedestrian,Pedestrian,0,1,0,0,1.0,0,0,0,E COLFAX AVE,N BROADWAY ST,E COLFAX AVE & N BROADWAY ST,0.0,At the intersection,,0.0,,0,1,0,0.0,,,On-roadway,E03,Collision with Non-Motorist:Pedestrian,,,,Collision with Non-Motorist:Pedestrian,Level,At Intersection,Not Applicable,Daylight,Dry,Clear,,,1,Straight,1.0,,DR3447,,,,,1.0,2.0,0.0,1.0,0.0,0.0,1.0,0.0,0.0,0.0,0.0,1.0,0.0,1.0,0.0,0.0,Y,Motorvehicle; Scooter,Y,,,,1.0,Going straight,East,Unknown,Unknown,30.0,,,,,North,No contributing action,Unknown,0.0,Y,,4,Saturday,07
410363,2023-52241,39.73369748,-104.97881524,2023-12-02,2026-04-19 01:20:00,DENVER,01,DPD,3/651B,,Parked Motor Vehicle,Collision with parked vehicle,0,1,0,0,1.0,0,0,0,E 11TH AVE,N WASHINGTON ST,E 11TH AVE & N WASHINGTON ST,30.0,Feet,W,0.0,,0,0,0,0.0,,,On-roadway,ERS,Collision with Other Vehicle:Parked Motor Vehicle,Collision with Other Vehicle:Parked Motor Vehicle,,,Collision with Other Vehicle:Parked Motor Vehicle,Level,Non-intersection,Not Applicable,Dark-Lighted,Dry,Clear,,,0,Straight,2.0,,DR3447,WASHI,,,,1.0,3.0,0.0,0.0,1.0,0.0,0.0,0.0,0.0,0.0,0.0,1.0,0.0,0.0,1.0,0.0,Y,Motorvehicle; Scooter,Y,,,,2.0,,,,,,Parked; Parked,East; East,No contributing action; No contributing action,No apparent contributing factor; No apparent contributing factor,East,Other,Looked/did not see,0.0,Y,,4,Saturday,01
410450,2023-52279,39.75094184,-104.98738832,2023-11-30,2026-04-19 11:53:00,DENVER,01,DPD,CRT42,,Pedestrian,Pedestrian,0,0,0,0,1.0,0,0,0, BROADWAY ST,CHAMPA ST, BROADWAY ST & CHAMPA ST,222.0,Feet,S,0.0,,0,0,0,0.0,,,On-roadway,,Collision with Non-Motorist:Pedestrian,,,,Collision with Non-Motorist:Pedestrian,Level,Crossover Related,Not Applicable,Daylight,Dry,Clear,,,0,Straight,1.0,,DR3447,CHAMP,,,,1.0,0.0,0.0,0.0,0.0,0.0,1.0,0.0,0.0,0.0,0.0,1.0,0.0,0.0,0.0,0.0,Y,Motorvehicle; Scooter,Y,,,,1.0,,,,,,Slowing,Southwest,No contributing action,No apparent contributing factor,South,Traveling on sidealk against traffic,Looked/did not see,0.0,Y,,4,Thursday,11
410910,2023-52547,39.6581477,-105.0461173,2023-12-02,2026-04-19 15:12:00,DENVER,01,DPD,1/423,,Pedestrian,Pedestrian,0,0,0,0,0.0,0,0,0,W DARTMOUTH AVE,S VRAIN ST,W DARTMOUTH AVE & S VRAIN ST,0.0,At the intersection,,0.0,,0,0,0,0.0,,,On-roadway,E01,Collision with Non-Motorist:Pedestrian,,,,Collision with Non-Motorist:Pedestrian,Level,At Intersection,Not Applicable,Daylight,Dry,Clear,,,1,Straight,2.0,,DR3447,VRAIN,,,,1.0,0.0,0.0,0.0,0.0,0.0,1.0,0.0,0.0,0.0,0.0,1.0,0.0,0.0,0.0,0.0,Y,Motorvehicle; Scooter,Y,,,,1.0,Making right turn,East,Failed to yield row,Not observed,25.0,,,,,East,No contributing action,Unknown,0.0,Y,,4,Saturday,15
411199,2023-52712,39.70815409,-104.92696182,2023-12-04,2026-04-19 13:40:00,DENVER,01,DPD,2/CRT37,,Sideswipe Same Direction,Sideswipe same direction,0,0,0,0,1.0,0,0,0,LEETSDALE DR,S FOREST ST,LEETSDALE DR & S FOREST ST,0.0,At the intersection,,76.5,,0,1,0,0.0,At the milepoint,,On-roadway,W03,Collision with Motor Vehicle in Transport:Side to Side-Same Direction,,,,Collision with Motor Vehicle in Transport:Side to Side-Same Direction,Level,At Intersection,Not Applicable,Daylight,Dry,Cloudy,,083A,0,Straight,1.0,,DR3447,,,,,1.0,0.0,0.0,0.0,0.0,0.0,1.0,0.0,0.0,0.0,0.0,1.0,0.0,0.0,0.0,0.0,Y,Motorvehicle; Scooter,Y,,,,1.0,,,,,,Going straight,,No contributing action,No apparent contributing factor,West,Improper passing,Aggressive,0.0,Y,,4,Monday,13
411329,2023-52794,39.75613592,-104.97977721,2023-12-02,2026-04-19 00:54:00,DENVER,01,DPD,3/251c,03,Pedestrian,Pedestrian,0,2,0,0,2.0,0,0,0,STOUT ST,27TH ST,STOUT ST & 27TH ST,0.0,,,0.0,,0,0,0,0.0,,,On-roadway,N01,Collision with Non-Motorist:Pedestrian,Collision with Non-Motorist:Pedestrian,,,Collision with Non-Motorist:Pedestrian,Level,At Intersection,Not Applicable,Dark-Lighted,Dry,Clear,,,0,Straight,1.0,,DR3447,S0027,,,,1.0,1.0,2.0,0.0,0.0,0.0,1.0,0.0,0.0,0.0,0.0,2.0,2.0,0.0,0.0,0.0,Y,Motorvehicle; Scooter,Y,,,,1.0,Going straight,Northeast,No contributing action,Not observed,25.0,,,,,Southeast; Southeast,No contributing action; No contributing action,Looked/did not see; Unknown,0.0,Y,,4,Saturday,00
411936,2023-53131,39.73931844,-104.98109268,2023-08-15,2026-04-19 21:09:00,DENVER,01,DPD,3/663D,01,Pedestrian,Pedestrian,0,1,0,0,1.0,0,0,0, PENNSYLVANIA ST,E COLFAX AVE, PENNSYLVANIA ST & E COLFAX AVE,250.0,Feet,S,0.0,,0,0,0,0.0,,,On-roadway,S01,Collision with Non-Motorist:Pedestrian,,,,Collision with Non-Motorist:Pedestrian,Level,Non-intersection,Not Applicable,Dark-Lighted,Dry,Clear,,,2,Straight,1.0,,DR3447,COLFA,,,,1.0,3.0,0.0,0.0,1.0,0.0,1.0,0.0,0.0,0.0,0.0,1.0,0.0,0.0,1.0,0.0,Y,Motorvehicle; Scooter,Y,,,,1.0,Going straight,South,Reckless driving,Not observed,25.0,,,,,South,Traveling along roadway with traffic (in or adjacent to travel lane),No apparent contributing factor,0.0,Y,,3,Tuesday,21
412804,2023-53522,39.73988801,-105.00282113,2023-12-05,2026-04-19 19:43:00,DENVER,01,DPD,2/143E,,Pedestrian,Pedestrian,0,1,0,0,1.0,0,0,0, MARIPOSA ST,W COLFAX AVE, MARIPOSA ST & W COLFAX AVE,50.0,Feet,S,296.0,,0,0,0,50.0,Feet,S,On-roadway,S01,Collision with Non-Motorist:Pedestrian,,,,Collision with Non-Motorist:Pedestrian,Level,Driveway Access Related,Not Applicable,Dark-Lighted,Dry,Clear,,40,0,Straight,1.0,,DR3447,COLFA,,,,1.0,2.0,0.0,1.0,0.0,0.0,1.0,0.0,0.0,0.0,0.0,1.0,0.0,1.0,0.0,0.0,Y,Motorvehicle; Scooter,Y,,,,1.0,,,,,,Making right turn,South,No contributing action,,North,Traveling along roadway against traffic (in or adjacent to travel lane),No apparent contributing factor,0.0,Y,,4,Tuesday,19
413033,2023-53666,39.66760558,-104.89430017,2023-12-11,2026-04-19 15:05:00,DENVER,01,DPD,3/363A,,Pedestrian,Pedestrian,0,1,0,0,1.0,0,0,0,E YALE AVE,S SYRACUSE WY,E YALE AVE & S SYRACUSE WY,0.0,At the intersection,,0.0,,0,0,0,0.0,,,On-roadway,,Collision with Non-Motorist:Pedestrian,,,,Collision with Non-Motorist:Pedestrian,Level,At Intersection,Not Applicable,Daylight,Dry,Clear,,,0,Straight,1.0,,DR3447,SYRAC,,,,1.0,1.0,1.0,0.0,0.0,0.0,1.0,0.0,0.0,0.0,0.0,1.0,1.0,0.0,0.0,0.0,Y,Motorvehicle; Scooter,Y,,,,1.0,Making right turn,East,No contributing action,Looked/did not see,35.0,,,,,East,Cross/enter at intersection,Looked/did not see,0.0,Y,,4,Monday,15
414347,2023-54417,39.76185282,-104.9223032,2023-10-27,2026-04-19 22:24:00,DENVER,01,DPD,3,03,Pedestrian,Pedestrian,0,1,0,0,1.0,0,0,0,E MLK BLVD,N HOLLY ST,E MLK BLVD & N HOLLY ST,0.0,At the intersection,,0.0,,0,0,0,0.0,,,On-roadway,W01,Collision with Non-Motorist:Pedestrian,,,,Collision with Non-Motorist:Pedestrian,Level,At Intersection,Not Applicable,Dark-Lighted,Dry,Clear,,,0,Straight,1.0,,DR3447,HOLLY,,,,1.0,2.0,0.0,1.0,0.0,0.0,1.0,0.0,0.0,0.0,0.0,1.0,0.0,1.0,0.0,0.0,Y,Motorvehicle; Scooter,Y,,,,1.0,Going straight,West,Unknown,Unknown,35.0,,,,,North,Cross/enter at intersection,No apparent contributing factor,0.0,Y,,4,Friday,22
414355,2023-54420,39.78052429,-104.94975447,2023-12-06,2026-04-19 11:00:00,DENVER,01,DPD,D1/299A,02,Pedestrian,Pedestrian,0,0,0,0,1.0,0,0,0, STEELE ST,E 46TH AVE N, STEELE ST & E 46TH AVE N,10.0,Feet,S,0.0,,0,1,0,0.0,,,On-roadway,W01,Collision with Non-Motorist:Pedestrian,,,,Collision with Non-Motorist:Pedestrian,Level,At Intersection,Not Applicable,Daylight,Dry,Clear,,,0,Straight,1.0,,DR3447,,,,,1.0,0.0,0.0,0.0,0.0,0.0,0.0,0.0,0.0,0.0,0.0,1.0,0.0,0.0,0.0,0.0,Y,Motorvehicle; Scooter,Y,,,,1.0,Making right turn,South,Failed to stop at signal,Not observed,35.0,,,,,South,Cross/enter at intersection,No apparent contributing factor,0.0,Y,,4,Wednesday,11
417671,2023-56165,39.75932528,-104.99358903,2023-12-22,2026-04-19 13:58:00,DENVER,01,DPD,2 / CRT54,,Pedestrian,Pedestrian,0,1,0,0,1.0,0,0,0,PARK AVE W,DELGANY ST,PARK AVE W & DELGANY ST,0.0,At the intersection,,0.0,,0,0,0,0.0,,,On-roadway,S04,Collision with Non-Motorist:Pedestrian,,,,Collision with Non-Motorist:Pedestrian,Level,At Intersection,Not Applicable,Daylight,Dry,Clear,,,1,Straight,1.0,,DR3447,DELGA,,,,1.0,3.0,0.0,0.0,1.0,0.0,1.0,0.0,0.0,0.0,0.0,1.0,0.0,0.0,1.0,0.0,Y,Motorvehicle; Scooter,Y,,,,1.0,,,,,,Making right turn,Southwest,No contributing action,,Southeast,Cross/enter at intersection; Traveling on sidealk against traffic,Inexperience,0.0,Y,,4,Friday,13
417923,2023-56307,39.6683231,-104.94062706,2023-12-28,2026-04-19 16:15:00,DENVER,01,DPD,3/334S,,Pedestrian,Pedestrian,0,1,0,0,1.0,0,0,0,4100 E YALE AVE,COLORADO BLVD,4100 E YALE AVE & COLORADO BLVD,0.0,At the intersection,,0.0,,0,0,0,0.0,,,On-roadway,E01,Collision with Non-Motorist:Pedestrian,,,,Collision with Non-Motorist:Pedestrian,Level,Driveway Access Related,Not Applicable,Daylight,Dry,Clear,,,0,Straight,1.0,,DR3447,COLOR,,,,1.0,2.0,0.0,1.0,0.0,0.0,0.0,0.0,0.0,0.0,0.0,1.0,0.0,1.0,0.0,0.0,Y,Motorvehicle; Scooter,Y,,,,1.0,Going straight,East,Unknown,Unknown,99.0,,,,,East,No contributing action,No apparent contributing factor,0.0,Y,,4,Thursday,16
418547,2023-56599,39.66758005,-104.92222668,2023-12-28,2026-04-19 15:45:00,DENVER,DENVER,DPD,2/CRT37,,Pedestrian,Pedestrian,0,1,0,0,1.0,0,0,0, HOLLY ST,E YALE AVE, HOLLY ST & E YALE AVE,0.0,At the intersection,,0.0,,0,0,0,0.0,,,On-roadway,S01,Collision with Non-Motorist:Pedestrian,,,,Collision with Non-Motorist:Pedestrian,Level,At Intersection,Not Applicable,Daylight,Dry,Clear,,,0,Straight,1.0,,DR3447,YALEA,,,,1.0,1.0,1.0,0.0,0.0,0.0,1.0,0.0,0.0,0.0,0.0,1.0,1.0,0.0,0.0,0.0,Y,Motorvehicle; Scooter,Y,,,,1.0,Making right turn,South,Failed to stop at signal,Distracted/other exterior,25.0,,,,,South,No contributing action,No apparent contributing factor,0.0,Y,,4,Thursday,15
420240,2023-57115,39.69808763,-105.05142401,2023-12-21,2026-04-19 11:56:00,DENVER,01,DPD,2/438S,,Pedestrian,Pedestrian,0,1,0,0,1.0,0,0,0,MORRISON RD,W TENNESSEE AVE,MORRISON RD & W TENNESSEE AVE,5.0,Feet,NE,0.0,,0,0,0,0.0,,,On-roadway,N01,Collision with Non-Motorist:Pedestrian,,,,Collision with Non-Motorist:Pedestrian,Level,Non-intersection,Not Applicable,Daylight,Dry,Clear,,,2,Straight,1.0,,DR3447,TENNE,,,,1.0,2.0,0.0,1.0,0.0,0.0,2.0,0.0,0.0,0.0,0.0,1.0,0.0,1.0,0.0,0.0,Y,Motorvehicle; Scooter,Y,,,,1.0,,,,,,Going straight,Northeast,,,Northeast,Cross/enter not at intersection; Other,Evading law enforcement officer,0.0,Y,,4,Thursday,11
422938,2023-57486,39.74803538,-104.99197366,2023-12-15,2026-04-19 20:51:00,DENVER,01,DPD,635S,01,Pedestrian,Pedestrian,0,1,0,0,1.0,0,0,0,CHAMPA ST,18TH ST,CHAMPA ST & 18TH ST,200.0,Feet,S,0.0,,0,0,0,0.0,,,On-roadway,SRS,Collision with Non-Motorist:Pedestrian,,,,Collision with Non-Motorist:Pedestrian,Level,Driveway Access Related,Not Applicable,Dark-Lighted,Dry,Clear,,,0,Straight,1.0,,DR3447,S0018,,,,1.0,2.0,0.0,1.0,0.0,0.0,0.0,0.0,0.0,0.0,0.0,1.0,0.0,1.0,0.0,0.0,Y,Motorvehicle; Scooter,Y,,,,1.0,Going straight,East,Careless driving,Aggressive driving,30.0,,,,,North,No contributing action,No apparent contributing factor,0.0,Y,,4,Friday,20
423882,2023-57516,39.75106775,-104.98288662,2023-12-19,2026-04-19 17:05:00,DENVER,01,DPD,3/251A,,Pedestrian,Pedestrian,0,1,0,0,1.0,0,0,0,WELTON ST,PARK AVE W,WELTON ST & PARK AVE W,5.0,Feet,E,0.0,,0,0,0,0.0,,,On-roadway,E02,Collision with Non-Motorist:Pedestrian,,,,Collision with Non-Motorist:Pedestrian,Level,At Intersection,Not Applicable,Daylight,Dry,Clear,,,0,Straight,1.0,,DR3447,PARKA,,,,1.0,1.0,1.0,0.0,0.0,0.0,1.0,0.0,0.0,0.0,0.0,1.0,1.0,0.0,0.0,0.0,Y,Motorvehicle; Scooter,Y,,,,1.0,,,,,,Going straight,Northeast,,,Southeast,"No contributing action; Failure to obey traffic signs, signals, or officer",No apparent contributing factor,0.0,Y,,4,Tuesday,17
431056,2023-57669,39.74167098,-104.97990759,2023-12-12,2026-04-19 09:50:00,DENVER,DENVER,DPD,1-CRT64,01,Pedestrian,Pedestrian,0,1,0,0,1.0,0,0,0,E 16TH AVE,N PEARL ST,E 16TH AVE & N PEARL ST,0.0,At the intersection,,0.0,,0,0,0,0.0,,,On-roadway,E01,Collision with Non-Motorist:Pedestrian,,,,Collision with Non-Motorist:Pedestrian,Level,At Intersection,Not Applicable,Daylight,Dry,Fog,,,0,Straight,1.0,,DR3447,PEARL,,,,1.0,2.0,0.0,1.0,0.0,0.0,1.0,0.0,0.0,0.0,0.0,1.0,0.0,1.0,0.0,0.0,Y,Motorvehicle; Scooter,Y,,,,1.0,Making left turn,West,Followed too closely,Not observed,20.0,,,,,West,Cross/enter at intersection,No apparent contributing factor,0.0,Y,,4,Tuesday,09
431462,2023-57676,39.75196427,-104.9733633,2023-09-01,2026-04-19 16:23:00,DENVER,DENVER,DPD,2 / 231C,,Pedestrian,Pedestrian,0,1,0,0,1.0,0,0,0,E 24TH AVE,N. DOWNING ST.,E 24TH AVE & N. DOWNING ST.,5.0,Feet,W,0.0,,0,0,0,0.0,,,On-roadway,W01,Collision with Non-Motorist:Pedestrian,,,,Collision with Non-Motorist:Pedestrian,Level,Intersection Related,Not Applicable,Daylight,Dry,Clear,,,1,Straight,1.0,,DR3447,DOWNI,,,,1.0,2.0,0.0,1.0,0.0,0.0,1.0,0.0,0.0,0.0,0.0,1.0,0.0,1.0,0.0,0.0,Y,Motorvehicle; Scooter,Y,,,,1.0,,,,,,Making left turn,East,,,North,Other,Looked/did not see,0.0,Y,,3,Friday,16
453768,2023-58025,39.7461848,-104.98367102,2023-12-28,2026-04-19 20:37:00,DENVER,DENVER,DPD,2 / 641B,,Pedestrian,Pedestrian,0,1,0,0,1.0,0,0,0,E 19TH AVE,N GRANT ST,E 19TH AVE & N GRANT ST,20.0,Feet,W,0.0,,0,0,0,0.0,,,On-roadway,W01,Collision with Non-Motorist:Pedestrian,,,,Collision with Non-Motorist:Pedestrian,Level,Non-intersection,Not Applicable,Dark-Lighted,Dry,Clear,,,1,Straight,1.0,,DR3447,GRANT,,,,1.0,1.0,1.0,0.0,0.0,0.0,1.0,0.0,0.0,0.0,0.0,1.0,1.0,0.0,0.0,0.0,Y,Motorvehicle; Scooter,Y,,,,1.0,Going straight,West,Followed too closely,Distracted/other interior,30.0,,,,,West,No contributing action,No apparent contributing factor,0.0,Y,,4,Thursday,20
460587,2023-58222,39.75154847,-104.99561165,2023-10-14,2026-04-19 09:35:00,DENVER,01,DPD,1/CRT13,,Pedestrian,Pedestrian,0,1,0,0,1.0,0,0,0,18TH ST,MARKET ST,18TH ST & MARKET ST,94.0,Feet,SE,0.0,,0,0,0,0.0,,,On-roadway,,Collision with Non-Motorist:Pedestrian,,,,Collision with Non-Motorist:Pedestrian,Level,Crossover Related,Not Applicable,Daylight,Dry,Cloudy,,,0,Straight,1.0,,DR3447,MARKE,,,,1.0,2.0,0.0,1.0,0.0,0.0,1.0,0.0,0.0,0.0,0.0,1.0,0.0,1.0,0.0,0.0,Y,Motorvehicle; Scooter,Y,,,,1.0,,,,,,Making right turn,Southwest,,,Southeast,Traveling along roadway against traffic (in or adjacent to travel lane),Other factor,0.0,Y,,4,Saturday,09
685607,2023-59623,39.74357617,-104.99251207,2023-09-12,2026-04-19 21:42:00,DENVER,01,DPD,3/651d,,Pedestrian,Pedestrian,0,0,0,0,1.0,0,0,0,15TH ST,WELTON ST,15TH ST & WELTON ST,0.0,,N,0.0,,0,0,0,0.0,,,On-roadway,W03,Collision with Non-Motorist:Pedestrian,,,,Collision with Non-Motorist:Pedestrian,Level,At Intersection,Not Applicable,Dark-Lighted,Dry,Clear,,,0,Straight,1.0,,DR3447,WELTO,,,,1.0,0.0,0.0,0.0,0.0,0.0,1.0,0.0,0.0,0.0,0.0,1.0,0.0,0.0,0.0,0.0,Y,Motorvehicle; Scooter,Y,,,,1.0,Making right turn,Unknown,No contributing action,No apparent contributing factor,25.0,,,,,Unknown,Cross/enter at intersection,No apparent contributing factor,0.0,Y,,3,Tuesday,21
423172,2024-001369,39.74755296,-104.98295323,2024-01-31,2026-04-19 09:13:00,DENVER,DENVER,DPD,1-625S, ,Pedestrian,Pedestrian,0,0,0,0,0.0,0,0,0,E 20TH AVE,N GRANT ST,E 20TH AVE & N GRANT ST,150.0,Feet,W,0.0, ,0,0,0,0.0, , ,On-roadway, ,Collision with Non-Motorist:Pedestrian, , , ,Collision with Non-Motorist:Pedestrian,Level,Crossover Related,Not Applicable,Daylight,Dry,Clear, , ,0,Straight,2.0, ,DR3447,GRANT, , , ,1.0,0.0,0.0,0.0,0.0,0.0,1.0,0.0,0.0,0.0,0.0,1.0,0.0,0.0,0.0,0.0,Y,Motorvehicle; Scooter,Y, , , ,1.0, , , , ,0.0,Other,North,No contributing action,No apparent contributing factor,West,Other,Unknown,1.0,Y, ,1,Wednesday,09
428805,2024-004070,39.74481992,-104.96720835,2024-02-26,2026-04-19 10:59:00,DENVER,DENVER,DPD,1-CRT64, ,Pedestrian,Pedestrian,0,1,0,0,1.0,0,0,0, GILPIN ST,E 18TH AVE, GILPIN ST & E 18TH AVE,0.0,At the intersection, ,0.0, ,0,0,0,0.0, , ,On-roadway, ,Collision with Non-Motorist:Pedestrian, , , ,Collision with Non-Motorist:Pedestrian,Level,At Intersection,Not Applicable,Daylight,Dry,Clear, , ,0,Straight,1.0, ,DR3447,THAVE, , , ,1.0,2.0,0.0,1.0,0.0,0.0,1.0,0.0,0.0,0.0,0.0,1.0,0.0,1.0,0.0,0.0,Y,Motorvehicle; Scooter,Y, , , ,1.0,Going straight,North,Disregard stop sign; Failed to yield row,Looked/did not see,25.0, , , , ,West,Cross/enter at intersection; Traveling along roadway with traffic (in or adjacent to travel lane),No apparent contributing factor,1.0,Y, ,1,Monday,10
428953,2024-004128,39.76925709,-104.91761658,2024-02-26,2026-04-19 12:42:00,DENVER,DENVER,DPD,1, ,Pedestrian,Pedestrian,0,1,0,0,1.0,0,0,0,E 38TH AVE,N KEARNEY ST,E 38TH AVE & N KEARNEY ST,0.0,Feet,E,0.0, ,0,0,0,0.0, , ,On-roadway,E01,Collision with Non-Motorist:Pedestrian, , , ,Collision with Non-Motorist:Pedestrian,Level,At Intersection,Not Applicable,Daylight,Dry,Clear, , ,0,Straight,1.0, ,DR3447,KEARN, , , ,1.0,2.0,0.0,1.0,0.0,0.0,1.0,0.0,0.0,0.0,0.0,1.0,0.0,1.0,0.0,0.0,Y,Motorvehicle; Scooter,Y, , , ,1.0,Slowing,East,No contributing action,Unknown,15.0, , , , ,South,No contributing action,Unknown,1.0,Y, ,1,Monday,12
430775,2024-004771,39.74256472,-105.02521325,2024-03-02,2026-04-19 17:57:00,DENVER,DENVER,DPD,2/121, ,Sideswipe same direction,Sideswipe same direction,0,1,0,0,1.0,0,0,0, FEDERAL BLVD,W 17TH AVE, FEDERAL BLVD & W 17TH AVE,500.0,Feet,S,283.0, ,0,1,0,900.0,Feet,S,On-roadway,S02,Collision with Motor Vehicle in Transport:Front to Side, , , ,Collision with Motor Vehicle in Transport:Front to Side,Level,Non-intersection,Not Applicable,Daylight,Dry,Clear, , ,2,Straight,1.0, ,DR3447, , , , ,1.0,3.0,0.0,0.0,1.0,0.0,1.0,0.0,0.0,0.0,0.0,1.0,0.0,0.0,1.0,0.0,Y,Motorvehicle; Scooter,Y, , , ,1.0,Changing lanes,South,Other contributing action,Other factor,35.0, , , , ,South,Traveling along roadway against traffic (in or adjacent to travel lane),Other factor,1.0,Y, ,1,Saturday,17
432619,2024-005753,39.75674926,-104.97554461,2024-02-09,2026-04-19 08:45:00,DENVER,DENVER,DPD,1-211C,1,Pedestrian,Pedestrian,0,1,0,0,0.0,0,0,0,WELTON ST,29TH ST,WELTON ST & 29TH ST,40.0,Feet,NE,0.0, ,0,0,0,0.0, , ,On-roadway,N01,Collision with Non-Motorist:Pedestrian, , , ,Collision with Non-Motorist:Pedestrian,Level,Non-intersection,Not Applicable,Daylight,Wet,Cloudy,Snow, ,1,Straight,2.0, ,DR3447,29THS, , , ,1.0,1.0,1.0,0.0,0.0,0.0,1.0,1.0,0.0,0.0,0.0,1.0,0.0,0.0,0.0,0.0,Y,Motorvehicle; Scooter,Y, , , ,1.0,Going straight,Southwest,Unknown,Unknown,25.0, , , , ,Southwest,Traveling along roadway against traffic (in or adjacent to travel lane),Other factor,1.0,Y, ,1,Friday,08
433392,2024-006076,39.74752799,-104.98610577,2024-03-01,2026-04-19 14:26:00,DENVER,DENVER,DPD,1/616s, ,Broadside,Broadside,0,1,0,0,1.0,0,0,0,E 20TH AVE,N LINCOLN ST,E 20TH AVE & N LINCOLN ST,0.0,At the intersection, ,0.0, ,0,0,0,0.0, , ,On-roadway,N01,Collision with Motor Vehicle in Transport:Front to Side, , , ,Collision with Motor Vehicle in Transport:Front to Side,Level,At Intersection,Not Applicable,Daylight,Dry,Clear, , ,1,Straight,1.0, ,DR3447,LINCO, , , ,1.0,1.0,1.0,0.0,0.0,0.0,1.0,0.0,0.0,0.0,0.0,1.0,1.0,0.0,0.0,0.0,Y,Motorvehicle; Scooter,Y, , , ,1.0, , , , ,0.0,Going straight,North,No contributing action,No apparent contributing factor,West,Traveling along roadway against traffic (in or adjacent to travel lane),No apparent contributing factor,1.0,Y, ,1,Friday,14
434709,2024-006692,39.7474229,-104.91879147,2024-03-07,2026-04-19 12:50:00,DENVER,DENVER,DPD,1/222B, ,Pedestrian,Pedestrian,0,0,0,0,0.0,0,0,0,E MONTVIEW BLVD,N JASMINE ST,E MONTVIEW BLVD & N JASMINE ST,0.0, , ,0.0, ,0,0,0,0.0, , ,On-roadway,E01,Collision with Non-Motorist:Pedestrian, , , ,Collision with Non-Motorist:Pedestrian,Level,At Intersection,Not Applicable,Daylight,Dry,Clear, , ,1,Straight,2.0, ,DR3447,JASMI, , , ,1.0,0.0,0.0,0.0,0.0,0.0,1.0,0.0,0.0,0.0,0.0,1.0,0.0,0.0,0.0,0.0,Y,Motorvehicle; Scooter,Y, , , ,1.0, , , , ,0.0,Going straight,East,Disregard stop sign,No apparent contributing factor,West,Other,Unknown,1.0,Y, ,1,Thursday,12
434915,2024-006794,39.7604786,-105.02524223,2024-03-04,2026-04-19 08:53:00,DENVER,DENVER,DPD,1/113S,1,Pedestrian,Pedestrian,0,0,0,0,0.0,0,0,0, FEDERAL BLVD,N SPEER BLVD, FEDERAL BLVD & N SPEER BLVD,75.0,Feet,N,284.1, ,0,1,0,75.0,Feet,N,On-roadway,N01,Collision with Non-Motorist:Pedestrian, , , ,Collision with Non-Motorist:Pedestrian,Level,Non-intersection,Not Applicable,Daylight,Dry,Clear, ,287,0,Straight,2.0, ,DR3447, , , , ,1.0,0.0,0.0,0.0,0.0,0.0,1.0,0.0,0.0,0.0,0.0,1.0,0.0,0.0,0.0,0.0,Y,Motorvehicle; Scooter,Y, , , ,1.0, , , , ,0.0,Going straight,North,No contributing action,No apparent contributing factor,East,Cross/enter not at intersection,Unknown,1.0,Y, ,1,Monday,08
435476,2024-007096,39.71115914,-104.9875752,2024-03-08,2026-04-19 13:50:00,DENVER,DENVER,DPD,2 / CRT33, ,Pedestrian,Pedestrian,0,0,0,0,1.0,0,0,0, BROADWAY ST,E ALAMEDA AVE, BROADWAY ST & E ALAMEDA AVE,0.0,At the intersection, ,0.0, ,0,0,0,0.0, , ,On-roadway,W02,Collision with Non-Motorist:Pedestrian, , , ,Collision with Non-Motorist:Pedestrian,Level,At Intersection,Not Applicable,Daylight,Dry,Clear, , ,1,Curve Right,1.0, ,DR3447,ALAME, , , ,1.0,0.0,0.0,0.0,0.0,0.0,2.0,0.0,0.0,0.0,0.0,1.0,0.0,0.0,0.0,0.0,Y,Motorvehicle; Scooter,Y, , , ,1.0,Making right turn,South,Failed to yield row,No apparent contributing factor,35.0, , , , ,North,Cross/enter at intersection,No apparent contributing factor,1.0,Y, ,1,Friday,13
435870,2024-007267,39.76116038,-104.98198335,2024-03-10,2026-04-19 17:51:00,DENVER,DENVER,DPD,2/231A, ,Pedestrian,Pedestrian,0,1,0,0,1.0,0,0,0,2854 LARIMER ST,29TH ST,2854 LARIMER ST & 29TH ST,100.0,Feet,S,0.0, ,0,0,0,0.0, , ,On-roadway,N01,Collision with Non-Motorist:Pedestrian, , , ,Collision with Non-Motorist:Pedestrian,Level,Non-intersection,Not Applicable,Daylight,Dry,Clear, , ,0,Straight,1.0, ,DR3447,29THS, , , ,1.0,2.0,0.0,1.0,0.0,0.0,1.0,0.0,0.0,0.0,0.0,1.0,0.0,1.0,0.0,0.0,Y,Motorvehicle; Scooter,Y, , , ,1.0,Entering/leaving parked position,North,Careless driving,Unknown,25.0, , , , ,North,No contributing action,No apparent contributing factor,1.0,Y, ,1,Sunday,17
437159,2024-007969,39.71108422,-105.02494154,2024-03-15,2026-04-19 17:43:00,DENVER,DENVER,DPD,2/431A, ,Pedestrian,Pedestrian,0,0,0,0,1.0,0,0,0, FEDERAL BLVD,W ALAMEDA AVE, FEDERAL BLVD & W ALAMEDA AVE,5.0,Feet,N,2.0, ,0,1,0,5.0,Feet,N,On-roadway,S01,Collision with Non-Motorist:Pedestrian, , , ,Collision with Non-Motorist:Pedestrian,Level,At Intersection,Not Applicable,Daylight,Dry with Visible Icy Road Treatment,Cloudy, ,88,0,Straight,1.0, ,DR3447, , , , ,1.0,0.0,0.0,0.0,0.0,0.0,1.0,0.0,0.0,0.0,0.0,1.0,0.0,0.0,0.0,0.0,Y,Motorvehicle; Scooter,Y, , , ,1.0, , , , ,0.0,Making left turn,South,No contributing action,No apparent contributing factor,Unknown,Failure to yield right-of-way; Cross/enter at intersection,Age/ability; Inexperience,1.0,Y, ,1,Friday,17
437307,2024-008046,39.74020806,-104.91994635,2024-03-16,2026-04-19 10:52:00,DENVER,DENVER,DPD,1-222A, ,Pedestrian,Pedestrian,0,1,0,0,1.0,0,0,0,E COLFAX AVE,N IVY ST,E COLFAX AVE & N IVY ST,0.0,Feet,N,0.0, ,0,1,0,0.0,Feet,W,On-roadway,N01,Collision with Non-Motorist:Pedestrian, , , ,Collision with Non-Motorist:Pedestrian,Level,At Intersection,Not Applicable,Daylight,Dry,Clear, ,287,0,Straight,1.0, ,DR3447, , , , ,1.0,2.0,0.0,1.0,0.0,0.0,2.0,0.0,0.0,0.0,0.0,1.0,0.0,1.0,0.0,0.0,Y,Motorvehicle; Scooter,Y, , , ,1.0, , , , ,0.0,Making right turn,West,Unknown,No apparent contributing factor,West,Failure to yield right-of-way,No apparent contributing factor,1.0,Y, ,1,Saturday,10
437434,2024-008107,39.74327313,-104.98358893,2024-03-17,2026-04-19 22:00:00,DENVER,DENVER,DPD,3/662D,1,Pedestrian,Pedestrian,0,0,0,0,0.0,0,0,0,E 17TH AVE,N GRANT ST,E 17TH AVE & N GRANT ST,0.0,At the intersection, ,0.0, ,0,0,0,0.0, , ,On-roadway, ,Collision with Non-Motorist:Pedestrian, , , ,Collision with Non-Motorist:Pedestrian,Level,At Intersection,Not Applicable,Dark-Lighted,Dry,Clear, , ,0, ,2.0, ,DR3447,GRANT, , , ,1.0,0.0,0.0,0.0,0.0,0.0,0.0,0.0,0.0,0.0,0.0,1.0,0.0,0.0,0.0,0.0,Y,Motorvehicle; Scooter,Y, , , ,1.0,Making right turn,South,Unknown,Unknown,35.0, , , , ,South,No contributing action,Unknown,1.0,Y, ,1,Sunday,22
438370,2024-008568,39.76928806,-105.01120246,2024-03-19,2026-04-19 07:15:00,DENVER,DENVER,DPD,1 / 113C, ,Bicycle/motorized bicycle,Bicycle,0,2,0,0,2.0,0,0,0,W 38TH AVE,N TEJON ST,W 38TH AVE & N TEJON ST,0.0,At the intersection,E,0.0, ,0,0,0,0.0, , ,On-roadway,E01,Collision with Non-Motorist:Bicycle/Motorized Bicycle,Collision with Non-Motorist:Pedestrian, , ,Collision with Non-Motorist:Bicycle/Motorized Bicycle,Level,At Intersection,Not Applicable,Daylight,Dry,Clear, , ,1,Straight,1.0, ,DR3447,TEJON, , , ,1.0,2.0,1.0,1.0,0.0,0.0,1.0,0.0,0.0,0.0,0.0,2.0,1.0,1.0,0.0,0.0,Y,Motorvehicle; Bicycle; Scooter,Y, , ,Y,1.0,Going straight,East,Careless driving,Looked/did not see,35.0, , , , ,North; North,Cross/enter at intersection; Cross/enter at intersection,No apparent contributing factor; No apparent contributing factor,1.0,Y, ,1,Tuesday,07
438377,2024-008572,39.74839606,-104.99152022,2024-03-19,2026-04-19 17:35:00,DENVER,DENVER,DPD,06/632D,1,Pedestrian,Pedestrian,0,1,0,0,1.0,0,0,0,CHAMPA ST,18TH ST,CHAMPA ST & 18TH ST,0.0,At the intersection, ,0.0, ,0,0,0,0.0, , ,On-roadway,W03,Collision with Non-Motorist:Pedestrian, , , ,Collision with Non-Motorist:Pedestrian,Level,At Intersection,Not Applicable,Daylight,Dry,Clear, , ,0,Straight,1.0, ,DR3447,S0018, , , ,1.0,1.0,1.0,0.0,0.0,0.0,0.0,0.0,0.0,0.0,0.0,1.0,1.0,0.0,0.0,0.0,Y,Motorvehicle; Scooter,Y, , , ,1.0,Going straight,Northwest,Unknown,Unknown,99.0, , , , ,Northeast,No contributing action,No apparent contributing factor,1.0,Y, ,1,Tuesday,17
438758,2024-008781,39.68220468,-105.0040789,2024-03-20,2026-04-19 17:43:00,DENVER,DENVER,DPD,2/443E, ,Pedestrian,Pedestrian,0,1,0,0,1.0,0,0,0,W JEWELL AVE,S NAVAJO ST,W JEWELL AVE & S NAVAJO ST,0.0,At the intersection, ,0.0, ,0,0,0,0.0, , ,On-roadway,W01,Collision with Non-Motorist:Pedestrian, , , ,Collision with Non-Motorist:Pedestrian,Uphill,At Intersection,Not Applicable,Daylight,Dry,Clear, , ,1,Straight,1.0, ,DR3447,NAVAJ, , , ,1.0,2.0,0.0,1.0,0.0,0.0,1.0,0.0,0.0,0.0,0.0,1.0,0.0,1.0,0.0,0.0,Y,Motorvehicle; Scooter,Y, , , ,1.0, , , , ,0.0,Going straight,West,No contributing action,No apparent contributing factor,South,Cross/enter at intersection,Looked/did not see,1.0,Y, ,1,Wednesday,17
439078,2024-008940,39.75446033,-104.95857026,2024-03-21,2026-04-19 15:39:00,DENVER,DENVER,DPD,2/ 233S,2,Pedestrian,Pedestrian,0,0,0,0,0.0,0,0,0,E 26TH AVE,N JOSEPHINE ST,E 26TH AVE & N JOSEPHINE ST,0.0,At the intersection, ,0.0, ,0,0,0,0.0, , ,On-roadway, ,Collision with Non-Motorist:Pedestrian, , , ,Collision with Non-Motorist:Pedestrian,Level,At Intersection,Not Applicable,Daylight,Dry,Clear, , ,0,Straight,2.0, ,DR3447,JOSEP, , , ,1.0,0.0,0.0,0.0,0.0,0.0,2.0,0.0,0.0,0.0,0.0,1.0,0.0,0.0,0.0,0.0,Y,Motorvehicle; Scooter,Y, , , ,1.0, , , , ,0.0,Going straight,East,No contributing action,No apparent contributing factor,East,Traveling along roadway with traffic (in or adjacent to travel lane),Unknown,1.0,Y, ,1,Thursday,15
439094,2024-008952,39.74000959,-104.98739044,2024-03-24,2026-04-19 04:00:00,DENVER,DENVER,DPD,3/652C, ,Pedestrian,Pedestrian,0,0,0,0,0.0,0,0,0, BROADWAY ST,W COLFAX AVE, BROADWAY ST & W COLFAX AVE,0.0,At the intersection, ,0.0, ,0,1,0,0.0, , ,On-roadway,W03,Collision with Non-Motorist:Pedestrian, , , ,Collision with Non-Motorist:Pedestrian,Level,At Intersection,Not Applicable,Dark-Lighted,Dry,Clear, ,40,0, ,2.0, ,DR3447, , , , ,1.0,0.0,0.0,0.0,0.0,0.0,3.0,0.0,0.0,0.0,0.0,1.0,0.0,0.0,0.0,0.0,Y,Motorvehicle; Scooter,Y, , , ,1.0, , , , ,0.0,Going straight,East,Unknown,No apparent contributing factor,North,"Failure to obey traffic signs, signals, or officer",Unknown,1.0,Y, ,1,Sunday,04
439691,2024-009201,39.7236699,-104.98748331,2024-03-24,2026-04-19 12:20:00,DENVER,DENVER,DPD,1/CRT52, ,Pedestrian,Pedestrian,0,1,0,0,1.0,0,0,0, BROADWAY ST,E 5TH AVE, BROADWAY ST & E 5TH AVE,170.0,Feet,S,0.0, ,0,0,0,0.0, , ,On-roadway, ,Collision with Non-Motorist:Pedestrian, , , ,Collision with Non-Motorist:Pedestrian,Level,Driveway Access Related,Not Applicable,Daylight,Dry,Cloudy, , ,0,Straight,1.0, ,DR3447,A0005, , , ,1.0,1.0,1.0,0.0,0.0,0.0,4.0,0.0,0.0,0.0,0.0,1.0,1.0,0.0,0.0,0.0,Y,Motorvehicle; Scooter,Y, , , ,1.0,Making left turn,South,Failed to yield row,Looked/did not see,30.0, , , , ,South,No contributing action,No apparent contributing factor,1.0,Y, ,1,Sunday,12
440332,2024-009532,39.73512794,-105.0052727,2024-03-28,2026-04-19 07:14:00,DENVER,DENVER,DPD,1-CRT40,2,Pedestrian,Pedestrian,0,1,0,0,1.0,0,0,0, OSAGE ST,W 12TH AVE, OSAGE ST & W 12TH AVE,60.0,Feet,S,0.0, ,0,0,0,0.0, , ,On-roadway, ,Collision with Non-Motorist:Pedestrian, , , ,Collision with Non-Motorist:Pedestrian,Level,Non-intersection,Not Applicable,Daylight,Dry,Clear, , ,0,Straight,1.0, ,DR3447,A0012, , , ,1.0,2.0,0.0,1.0,0.0,0.0,1.0,0.0,0.0,0.0,0.0,1.0,0.0,1.0,0.0,0.0,Y,Motorvehicle; Scooter,Y, , , ,1.0,Going straight,North,Unknown,Unknown,20.0, , , , ,North,No contributing action,No apparent contributing factor,1.0,Y, ,1,Thursday,07
440462,2024-009594,39.70942784,-105.02981784,2024-03-30,2026-04-19 15:16:00,DENVER,DENVER,DPD,2/432, ,Pedestrian,Pedestrian,0,1,0,0,0.0,0,0,0,W DAKOTA AVE,S IRVING ST,W DAKOTA AVE & S IRVING ST,0.0,At the intersection, ,0.0, ,0,0,0,0.0, , ,On-roadway,E01,Collision with Non-Motorist:Pedestrian, , , ,Collision with Non-Motorist:Pedestrian,Level,At Intersection,Not Applicable,Daylight,Dry, , , ,0,Straight,2.0, ,DR3447,IRVIN, , , ,1.0,3.0,0.0,0.0,1.0,0.0,1.0,0.0,0.0,0.0,0.0,1.0,0.0,0.0,1.0,0.0,Y,Motorvehicle; Scooter,Y, , , ,1.0, , , , ,0.0,Going straight,East,No contributing action,No apparent contributing factor,South,Failure to yield right-of-way,No apparent contributing factor,1.0,Y, ,1,Saturday,15
440725,2024-009721,39.74335937,-104.98737653,2024-02-21,2026-04-19 14:00:00,DENVER,DENVER,DPD,1/ 601A,1,Pedestrian,Pedestrian,0,1,0,0,1.0,0,0,0,E 17TH AVE,N BROADWAY,E 17TH AVE & N BROADWAY,0.0,At the intersection, ,0.0, ,0,0,0,0.0, , ,On-roadway,N01,Collision with Non-Motorist:Pedestrian, , , ,Collision with Non-Motorist:Pedestrian,Level,At Intersection,Not Applicable,Daylight,Dry,Clear, , ,0,Straight,1.0, ,DR3447,BROAD, , , ,1.0,2.0,0.0,1.0,0.0,0.0,1.0,0.0,0.0,0.0,0.0,1.0,0.0,1.0,0.0,0.0,Y,Motorvehicle; Scooter,Y, , , ,1.0, , , , ,0.0,Going straight,East,No contributing action,No apparent contributing factor,North,"Dart/dash; Failure to obey traffic signs, signals, or officer",Aggressive,1.0,Y, ,1,Wednesday,14
441255,2024-009984,39.75844239,-104.99714024,2024-03-28,2026-04-19 08:06:00,DENVER,DENVER,DPD,1-CRT23, ,Pedestrian,Pedestrian,0,1,0,0,1.0,0,0,0, HURON ST,W 29TH AVE, HURON ST & W 29TH AVE,0.0,At the intersection, ,0.0, ,0,0,0,0.0, , ,On-roadway,W01,Collision with Non-Motorist:Pedestrian, , , ,Collision with Non-Motorist:Pedestrian,Level,At Intersection,Not Applicable,Daylight,Dry,Clear, , ,0,Straight,1.0, ,DR3447,A0029, , , ,1.0,1.0,1.0,0.0,0.0,0.0,1.0,0.0,0.0,0.0,0.0,1.0,1.0,0.0,0.0,0.0,Y,Motorvehicle; Scooter,Y, , , ,1.0, , , , ,0.0,Stopped in traffic,West,No contributing action,No apparent contributing factor,South,Traveling on sidealk against traffic,Unknown,1.0,Y, ,1,Thursday,08
442532,2024-010886,39.77290604,-104.94982485,2024-03-12,2026-04-19 16:50:00,DENVER,DENVER,DPD,1/CRT24,1,Pedestrian,Pedestrian,0,1,0,0,1.0,0,0,0, STEELE ST,E 40TH AVE, STEELE ST & E 40TH AVE,0.0,At the intersection, ,0.0, ,0,0,0,0.0, , ,On-roadway,W01,Collision with Non-Motorist:Pedestrian, , , ,Collision with Non-Motorist:Pedestrian,Level,At Intersection,Not Applicable,Daylight,Dry,Clear, , ,0,Straight,1.0, ,DR3447,A0040, , , ,1.0,2.0,0.0,1.0,0.0,0.0,1.0,0.0,0.0,0.0,0.0,1.0,0.0,1.0,0.0,0.0,Y,Motorvehicle; Scooter,Y, , , ,1.0,Making right turn,South,Failed to yield row; Careless driving,Unknown,25.0, , , , ,West,No contributing action,No apparent contributing factor,1.0,Y, ,1,Tuesday,16
442887,2024-011089,39.74326515,-104.97989242,2024-04-04,2026-04-19 13:00:00,DENVER,DENVER,DPD,2/CRT37, ,Pedestrian,Pedestrian,0,1,0,0,1.0,0,0,0, PEARL ST,E 17TH AVE, PEARL ST & E 17TH AVE,0.0,At the intersection, ,0.0, ,0,0,0,0.0, , ,On-roadway,S01,Collision with Non-Motorist:Pedestrian, , , ,Collision with Non-Motorist:Pedestrian,Level,At Intersection,Not Applicable,Daylight,Dry,Clear, , ,0,Straight,1.0, ,DR3447,A0017, , , ,1.0,1.0,1.0,0.0,0.0,0.0,1.0,0.0,0.0,0.0,0.0,1.0,1.0,0.0,0.0,0.0,Y,Motorvehicle; Scooter,Y, , , ,1.0, , , , ,0.0,Going straight,South,No contributing action,No apparent contributing factor,South,Other,Other factor,1.0,Y, ,2,Thursday,13
443454,2024-011422,39.75305354,-104.98547663,2024-04-05,2026-04-19 07:49:00,DENVER,DENVER,DPD,Detail 1, ,Pedestrian,Pedestrian,0,1,0,0,2.0,0,0,0,CHAMPA ST,PARK AVE W,CHAMPA ST & PARK AVE W,0.0,At the intersection,S,0.0, ,0,0,0,0.0, , ,On-roadway,W02,Collision with Non-Motorist:Pedestrian,Collision with Non-Motorist:Pedestrian, , ,Collision with Non-Motorist:Pedestrian,Level,At Intersection,Not Applicable,Daylight,Dry,Clear, , ,3, ,1.0, ,DR3447,PARKA, , , ,1.0,3.0,0.0,0.0,1.0,0.0,1.0,0.0,0.0,0.0,0.0,2.0,0.0,0.0,1.0,0.0,Y,Motorvehicle; Scooter,Y, , , ,1.0, , , , ,0.0,Making right turn,Southwest,No contributing action,No apparent contributing factor,Southeast; Southeast,Other; Other,Other factor; Other factor,1.0,Y, ,2,Friday,07
443862,2024-011619,39.73286655,-104.89653236,2024-04-06,2026-04-19 15:28:00,DENVER,DENVER,DPD,2/242C, ,Pedestrian,Pedestrian,0,1,0,0,1.0,0,0,0,E 11TH AVE,N SPRUCE ST,E 11TH AVE & N SPRUCE ST,100.0,Feet,E,0.0, ,0,0,0,0.0, , ,On-roadway, ,Collision with Non-Motorist:Pedestrian, , , ,Collision with Non-Motorist:Pedestrian,Level,Driveway Access Related,Not Applicable,Daylight,Dry,Clear, , ,0,Straight,1.0, ,DR3447,SPRUC, , , ,1.0,2.0,0.0,1.0,0.0,0.0,1.0,0.0,0.0,0.0,0.0,1.0,0.0,1.0,0.0,0.0,Y,Motorvehicle; Scooter,Y, , , ,1.0,Entering traffic way/merge,South,Failed to yield row,Not observed,30.0, , , , ,West,Traveling along roadway with traffic (in or adjacent to travel lane),No apparent contributing factor,1.0,Y, ,2,Saturday,15
443929,2024-011660,39.71569813,-104.98994863,2024-04-08,2026-04-19 16:50:00,DENVER,DENVER,DPD,2/332A, ,Pedestrian,Pedestrian,0,0,0,0,0.0,0,0,0, BANNOCK ST,W ARCHER PL, BANNOCK ST & W ARCHER PL,0.0,At the intersection, ,0.0, ,0,0,0,0.0, , ,On-roadway,S01,Collision with Non-Motorist:Pedestrian, , , ,Collision with Non-Motorist:Pedestrian,Level,At Intersection,Not Applicable,Daylight,Dry,Clear, , ,1,Straight,1.0, ,DR3447,ARCHE, , , ,1.0,0.0,0.0,0.0,0.0,0.0,1.0,0.0,0.0,0.0,0.0,1.0,0.0,0.0,0.0,0.0,Y,Motorvehicle; Scooter,Y, , , ,1.0, , , , ,0.0,Going straight,South,No contributing action,No apparent contributing factor,East,"Failure to obey traffic signs, signals, or officer",Unknown,1.0,Y, ,2,Monday,16
444627,2024-011992,39.73686859,-104.99886255,2024-04-05,2026-04-19 14:56:00,DENVER,DENVER,DPD,2/143S,2,Pedestrian,Pedestrian,0,0,0,0,1.0,0,0,0,W 13TH AVE,N SANTA FE DR,W 13TH AVE & N SANTA FE DR,50.0,Feet,W,0.0, ,0,0,0,0.0, , ,On-roadway, ,Collision with Non-Motorist:Pedestrian, , , ,Collision with Non-Motorist:Pedestrian,Level,Crossover Related,Not Applicable,Daylight,Dry,Clear, , ,0,Straight,2.0, ,DR3447,SANTA, , , ,1.0,0.0,0.0,0.0,0.0,0.0,1.0,0.0,0.0,0.0,0.0,1.0,0.0,0.0,0.0,0.0,Y,Motorvehicle; Scooter,Y, , , ,1.0, , , , ,0.0,Stopped in traffic,North,No contributing action,No apparent contributing factor,West,Dart/dash; Traveling on sidealk against traffic,Other factor,1.0,Y, ,2,Friday,14
444681,2024-012020,39.75700562,-104.99953311,2024-04-08,2026-04-19 12:17:00,DENVER,DENVER,DPD,1-CRT64, ,Pedestrian,Pedestrian,0,1,0,1,1.0,0,0,0,CHESTNUT PL,19TH ST,CHESTNUT PL & 19TH ST,146.0,Feet,N,0.0, ,0,0,0,0.0, , ,On-roadway, ,Collision with Non-Motorist:Pedestrian, , , ,Collision with Non-Motorist:Pedestrian,Level,Driveway Access Related,Not Applicable,Daylight,Dry,Clear, , ,0,Straight,1.0, ,DR3447,S0019, , , ,1.0,3.0,0.0,0.0,1.0,0.0,1.0,0.0,0.0,0.0,0.0,1.0,0.0,0.0,1.0,0.0,Y,Motorvehicle; Scooter,Y, , , ,1.0, , , , ,0.0,Stopped in traffic,Northwest,No contributing action,No apparent contributing factor,Southwest,Traveling on sidealk against traffic,Distracted/cell phone,1.0,Y, ,2,Monday,12
445126,2024-012270,39.75268259,-104.99467139,2024-04-12,2026-04-19 23:03:00,DENVER,DENVER,DPD,6/652B, ,Pedestrian,Pedestrian,0,1,0,0,1.0,0,0,0,MARKET ST,19TH ST,MARKET ST & 19TH ST,0.0,Feet,E,0.0, ,0,0,0,0.0, , ,On-roadway,E02,Collision with Non-Motorist:Pedestrian, , , ,Collision with Non-Motorist:Pedestrian,Level,At Intersection,Not Applicable,Dark-Lighted,Dry,Clear, , ,1,Straight,1.0, ,DR3447,S0019, , , ,1.0,2.0,0.0,1.0,0.0,0.0,1.0,0.0,0.0,0.0,0.0,1.0,0.0,1.0,0.0,0.0,Y,Motorvehicle; Scooter,Y, , , ,1.0, , , , ,0.0,Going straight,Southeast,No contributing action,No apparent contributing factor,Southwest,"Failure to obey traffic signs, signals, or officer","Under the influence of alcohol/drugs; Distracted/other (food, objects, pets, etc)",1.0,Y, ,2,Friday,23
446667,2024-013142,39.71664606,-105.02498729,2024-04-16,2026-04-19 12:14:00,DENVER,DENVER,DPD,1/479A, ,Rear-end,Rear-end,0,0,0,0,0.0,0,0,0, FEDERAL BLVD,W ELLSWORTH AVE, FEDERAL BLVD & W ELLSWORTH AVE,0.0, , ,1.61, ,0,1,0,90.0,Feet,N,On-roadway, ,Collision with Motor Vehicle in Transport:Front to Rear,Collision with Non-Motorist:Pedestrian,Collision with Other Vehicle:Parked Motor Vehicle, ,Collision with Motor Vehicle in Transport:Front to Rear,Level,Non-intersection,Not Applicable,Daylight,Dry,Clear, ,88A,0,Straight,4.0, ,DR3447, , , , ,1.0,0.0,0.0,0.0,0.0,0.0,2.0,0.0,0.0,0.0,0.0,1.0,0.0,0.0,0.0,0.0,Y,Motorvehicle; Scooter,Y, , , ,3.0,Going straight,South,Followed too closely,Distracted/other exterior,35.0,Slowing; Parked,South; Southwest,No contributing action; Unknown,No apparent contributing factor; No apparent contributing factor,North,No contributing action,Unknown,1.0,Y, ,2,Tuesday,12
446669,2024-013144,39.7524999,-105.00282595,2024-04-17,2026-04-19 15:32:00,DENVER,DENVER,DPD,2    632A, ,Pedestrian,Pedestrian,0,1,0,0,1.0,0,0,0,1550 WEWATTA ST,DELGANY ST,1550 WEWATTA ST & DELGANY ST,100.0,Feet,S,0.0, ,0,0,0,0.0, , ,On-roadway,N02,Collision with Non-Motorist:Pedestrian, , , ,Collision with Non-Motorist:Pedestrian,Level,Driveway Access Related,Not Applicable,Daylight,Dry,Clear, , ,1,Curve Right,1.0, ,DR3447,DELGA, , , ,1.0,2.0,0.0,1.0,0.0,0.0,1.0,0.0,0.0,0.0,0.0,1.0,0.0,1.0,0.0,0.0,Y,Motorvehicle; Scooter,Y, , , ,1.0, , , , ,0.0,Other,West,No contributing action,Looked/did not see,South,Traveling on sidealk against traffic,Inexperience,1.0,Y, ,2,Wednesday,15
446680,2024-013152,39.78365275,-104.78868837,2024-04-15,2026-04-19 08:38:00,DENVER,DENVER,DPD,2/542A,1,Pedestrian,Pedestrian,0,0,0,0,0.0,0,0,0,E GREEN VALLEY RANCH BLVD,PENA BLVD,E GREEN VALLEY RANCH BLVD & PENA BLVD,500.0,Feet,E,0.0, ,0,0,0,0.0, , ,On-roadway, ,Collision with Non-Motorist:Pedestrian, , , ,Collision with Non-Motorist:Pedestrian,Level,Driveway Access Related,Not Applicable,Daylight,Dry,Clear, , ,0,Straight,2.0, ,DR3447,PENAB, , , ,1.0,0.0,0.0,0.0,0.0,0.0,1.0,0.0,0.0,0.0,0.0,1.0,0.0,0.0,0.0,0.0,Y,Motorvehicle; Scooter,Y, , , ,1.0,Going straight,South,Unknown,Unknown,99.0, , , , ,West,No contributing action,Unknown,1.0,Y, ,2,Monday,08
446706,2024-013173,39.70673557,-105.02753712,2024-04-11,2026-04-19 20:05:00,DENVER,DENVER,DPD,2/432C,1,Pedestrian,Pedestrian,0,1,0,0,1.0,0,0,0, HAZEL CT,W CUSTER PL, HAZEL CT & W CUSTER PL,0.0,Feet,S,0.0, ,0,0,0,0.0, , ,On-roadway, ,Collision with Non-Motorist:Pedestrian, , , ,Collision with Non-Motorist:Pedestrian,Downhill,At Intersection,Not Applicable,Dark-Unlighted,Dry,Clear, , ,0,Straight,1.0, ,DR3447,CUSTE, , , ,1.0,3.0,0.0,0.0,1.0,0.0,1.0,0.0,0.0,0.0,0.0,1.0,0.0,0.0,1.0,0.0,Y,Motorvehicle; Scooter,Y, , , ,1.0, , , , ,0.0,Going straight,West,Unknown,No apparent contributing factor,North,"Failure to obey traffic signs, signals, or officer",Age/ability,1.0,Y, ,2,Thursday,20
446765,2024-013205,39.75073909,-104.97456356,2024-04-13,2026-04-19 15:50:00,DENVER,DENVER,DPD,2 / 232B,1,Pedestrian,Pedestrian,0,1,0,0,1.0,0,0,0,23RD AVE,N OGDEN ST,23RD AVE & N OGDEN ST,0.0,At the intersection,S,0.0, ,0,0,0,0.0, , ,On-roadway,S01,Collision with Non-Motorist:Pedestrian, , , ,Collision with Non-Motorist:Pedestrian,Level,Crossover Related,Not Applicable,Daylight,Dry,Clear, , ,0,Straight,1.0, ,DR3447,OGDEN, , , ,1.0,1.0,1.0,0.0,0.0,0.0,1.0,0.0,0.0,0.0,0.0,1.0,1.0,0.0,0.0,0.0,Y,Motorvehicle; Scooter,Y, , , ,1.0, , , , ,0.0,Going straight,South,No contributing action,No apparent contributing factor,East,"In roadway improperly (standing, lying, working, playing)",Other factor,1.0,Y, ,2,Saturday,15
447200,2024-013463,39.74020406,-104.99890318,2024-03-29,2026-04-19 01:32:00,DENVER,DENVER,DPD,3 / 655S,1,Pedestrian,Pedestrian,0,0,0,0,0.0,0,0,0,W COLFAX AVE,N SPEER BLVD,W COLFAX AVE & N SPEER BLVD,2.0,Feet,E,297.85, ,0,1,0,0.85,Miles,E,On-roadway,E03,Collision with Non-Motorist:Pedestrian, , , ,Collision with Non-Motorist:Pedestrian,Level,At Intersection,Not Applicable,Dark-Lighted,Dry,Clear, ,40,5,Straight,2.0, ,DR3447, , , , ,1.0,0.0,0.0,0.0,0.0,0.0,1.0,0.0,0.0,0.0,0.0,1.0,0.0,0.0,0.0,0.0,Y,Motorvehicle; Scooter,Y, , , ,1.0, , , , ,0.0,Going straight,East,Unknown,Unknown,South,"Failure to obey traffic signs, signals, or officer","Distracted/other (food, objects, pets, etc)",1.0,Y, ,1,Friday,01
447238,2024-013486,39.75289491,-104.98741529,2024-04-13,2026-04-19 02:29:00,DENVER,DENVER,DPD,3 / 662B,1,Pedestrian,Pedestrian,0,1,0,0,1.0,0,0,0, BROADWAY ST,CURTIS ST, BROADWAY ST & CURTIS ST,0.0,At the intersection, ,0.0, ,0,0,0,0.0, , ,On-roadway,N03,Collision with Non-Motorist:Pedestrian, , , ,Collision with Non-Motorist:Pedestrian,Level,At Intersection,Not Applicable,Dark-Lighted,Dry,Clear, , ,2,Straight,1.0, ,DR3447,CURTI, , , ,1.0,3.0,0.0,0.0,1.0,0.0,1.0,0.0,0.0,0.0,0.0,1.0,0.0,0.0,1.0,0.0,Y,Motorvehicle; Scooter,Y, , , ,1.0,Going straight,North,Unknown,Unknown,99.0, , , , ,Unknown,Other,Other factor,1.0,Y, ,2,Saturday,02
448471,2024-014119,39.7611988,-104.90275282,2024-04-13,2026-04-19 10:20:00,DENVER,DENVER,DPD,1 / 223A,1,Pedestrian,Pedestrian,0,1,0,0,1.0,0,0,0, QUEBEC ST,E MLK BLVD, QUEBEC ST & E MLK BLVD,0.0,At the intersection, ,0.0, ,0,0,0,0.0, , ,On-roadway,E02,Collision with Non-Motorist:Pedestrian, , , ,Collision with Non-Motorist:Pedestrian,Level,At Intersection,Not Applicable,Daylight,Dry,Clear, , ,0,Straight,1.0, ,DR3447,MLKBL, , , ,1.0,3.0,0.0,0.0,1.0,0.0,1.0,0.0,0.0,0.0,0.0,1.0,0.0,0.0,1.0,0.0,Y,Motorvehicle; Scooter,Y, , , ,1.0, , , , ,0.0,Going straight,East,No contributing action,No apparent contributing factor,North,"Failure to obey traffic signs, signals, or officer",Aggressive,1.0,Y, ,2,Saturday,10
449386,2024-014574,39.75433662,-104.99427277,2024-04-18,2026-04-19 08:59:00,DENVER,DENVER,DPD,1 / 612A, ,Pedestrian,Pedestrian,0,1,0,0,1.0,0,0,0,20TH ST,BLAKE ST,20TH ST & BLAKE ST,0.0, , ,0.0, ,0,0,0,0.0, , ,On-roadway,E02,Collision with Non-Motorist:Pedestrian, , , ,Collision with Non-Motorist:Pedestrian,Level,At Intersection,Not Applicable,Daylight,Wet,Freezing Rain or Freezing Drizzle,Cloudy, ,1, ,1.0, ,DR3447,BLAKE, , , ,1.0,3.0,0.0,0.0,1.0,0.0,1.0,0.0,0.0,0.0,0.0,1.0,0.0,0.0,1.0,0.0,Y,Motorvehicle; Scooter,Y, , , ,1.0, , , , ,0.0,Going straight,Southeast,No contributing action,No apparent contributing factor,Southwest,Cross/enter at intersection,Aggressive,1.0,Y, ,2,Thursday,08
449409,2024-014587,39.71844888,-105.02502378,2024-04-26,2026-04-19 12:08:00,DENVER,DENVER,DPD,1/411B, ,Pedestrian,Pedestrian,0,1,0,0,1.0,0,0,0,W 1ST AVE,N FEDERAL BLVD,W 1ST AVE & N FEDERAL BLVD,0.0,At the intersection, ,1.0, ,0,1,0,0.25,Miles,S,On-roadway,N02,Collision with Non-Motorist:Pedestrian, , , ,Collision with Non-Motorist:Pedestrian,Level,At Intersection,Not Applicable,Daylight,Dry,Clear, ,88A,0,Straight,1.0, ,DR3447, , , , ,1.0,2.0,0.0,1.0,0.0,0.0,1.0,0.0,0.0,0.0,0.0,1.0,0.0,1.0,0.0,0.0,Y,Motorvehicle; Scooter,Y, , , ,1.0,Making left turn,East,Careless driving,Not observed,40.0, , , , ,North,Cross/enter at intersection; Traveling along roadway with traffic (in or adjacent to travel lane),No apparent contributing factor,1.0,Y, ,2,Friday,12
449655,2024-014725,39.74488763,-104.98741712,2024-04-27,2026-04-19 23:50:00,DENVER,DENVER,DPD,2/641B, ,Pedestrian,Pedestrian,0,1,0,0,1.0,0,0,0,E 18TH AVE,N BROADWAY ST,E 18TH AVE & N BROADWAY ST,0.0,At the intersection,E,0.0, ,0,0,0,0.0, , ,On-roadway,S01,Collision with Non-Motorist:Pedestrian, , , ,Collision with Non-Motorist:Pedestrian,Level,At Intersection,Not Applicable,Dark-Lighted,Wet,Rain, , ,1,Straight,1.0, ,DR3447,BROAD, , , ,1.0,1.0,1.0,0.0,0.0,0.0,1.0,0.0,0.0,0.0,0.0,1.0,1.0,0.0,0.0,0.0,Y,Motorvehicle; Scooter,Y, , , ,1.0,Making left turn,West,Failed to stop at signal,Looked/did not see,35.0, , , , ,North,Cross/enter at intersection,"Not visible (dark clothing, no lighting, etc)",1.0,Y, ,2,Saturday,23
450367,2024-015107,39.76574699,-104.9597471,2024-04-30,2026-04-19 15:14:00,DENVER,DENVER,DPD,2/233A, ,Pedestrian,Pedestrian,0,1,0,0,1.0,0,0,0,E 35TH AVE,N YORK ST,E 35TH AVE & N YORK ST,0.0,Feet,W,0.0, ,0,0,0,0.0, , ,On-roadway,S02,Collision with Non-Motorist:Pedestrian, , , ,Collision with Non-Motorist:Pedestrian,Level,At Intersection,Not Applicable,Daylight,Dry,Clear, , ,1,Straight,1.0, ,DR3447,YORKS, , , ,1.0,2.0,0.0,1.0,0.0,0.0,1.0,0.0,0.0,0.0,0.0,1.0,0.0,1.0,0.0,0.0,Y,Motorvehicle; Scooter,Y, , , ,1.0, , , , ,0.0,Going straight,South,No contributing action,No apparent contributing factor,West,"Failure to obey traffic signs, signals, or officer",Looked/did not see,1.0,Y, ,2,Tuesday,15
451116,2024-015494,39.74003412,-105.00210991,2024-05-02,2026-04-19 23:00:00,DENVER,DENVER,DPD,3 / 163A,2,Pedestrian,Pedestrian,0,1,0,0,1.0,0,0,0,W COLFAX AVE,N MARIPOSA ST,W COLFAX AVE & N MARIPOSA ST,200.0,Feet,E,297.6, ,0,1,0,200.0,Feet,E,Ran off left side,E03,Collision with Non-Motorist:Pedestrian, , , ,Collision with Non-Motorist:Pedestrian,Level,Non-intersection,Not Applicable,Dark-Lighted,Dry,Clear, ,40,1,Straight,1.0, ,DR3447, , , , ,1.0,2.0,0.0,1.0,0.0,0.0,1.0,0.0,0.0,0.0,0.0,1.0,0.0,1.0,0.0,0.0,Y,Motorvehicle; Scooter,Y, , , ,1.0, , , , ,0.0,Other,East,No contributing action,No apparent contributing factor,East,Traveling on sidewalk with traffic,"Not visible (dark clothing, no lighting, etc)",1.0,Y, ,2,Thursday,23
451366,2024-015649,39.73685719,-104.99412135,2024-05-02,2026-04-19 11:07:00,DENVER,DENVER,DPD,Detail 1,6,Pedestrian,Pedestrian,0,0,0,0,0.0,0,0,0,W 13TH AVE,N ELATI ST,W 13TH AVE & N ELATI ST,0.0,At the intersection,N,0.0, ,0,0,0,0.0, , ,On-roadway,WRS,Collision with Non-Motorist:Pedestrian, , , ,Collision with Non-Motorist:Pedestrian,Level,At Intersection,Not Applicable,Daylight,Dry,Clear, , ,0,Straight,2.0, ,DR3447,ELATI, , , ,1.0,0.0,0.0,0.0,0.0,0.0,1.0,0.0,0.0,0.0,0.0,1.0,0.0,0.0,0.0,0.0,Y,Motorvehicle; Scooter,Y, , , ,1.0,Making right turn,West,Careless driving,Unknown,30.0, , , , ,West,Cross/enter at intersection,Other factor,1.0,Y, ,2,Thursday,11
452390,2024-016130,39.75499479,-104.99514832,2024-04-07,2026-04-19 15:43:00,DENVER,DENVER,DPD,1/RK1, ,Pedestrian,Pedestrian,0,1,0,0,1.0,0,0,0,20TH ST,WAZEE ST,20TH ST & WAZEE ST,0.0,At the intersection, ,0.0, ,0,0,0,0.0, , ,On-roadway,N01,Collision with Non-Motorist:Pedestrian, , , ,Collision with Non-Motorist:Pedestrian,Downhill,At Intersection,Not Applicable,Daylight,Dry,Clear, , ,1,Straight,1.0, ,DR3447,WAZEE, , , ,1.0,1.0,1.0,0.0,0.0,0.0,1.0,0.0,0.0,0.0,0.0,1.0,1.0,0.0,0.0,0.0,Y,Motorvehicle; Scooter,Y, , , ,1.0, , , , ,0.0,Making left turn,Northeast,No contributing action,No apparent contributing factor,Northwest,"Failure to obey traffic signs, signals, or officer",No apparent contributing factor,1.0,Y, ,2,Sunday,15
452392,2024-016132,39.73847553,-105.00281981,2024-04-21,2026-04-19 00:46:00,DENVER,DENVER,DPD,3-163B,1,Pedestrian,Pedestrian,0,1,0,0,1.0,0,0,0,W 14TH AVE,N MARIPOSA ST,W 14TH AVE & N MARIPOSA ST,0.0,At the intersection, ,0.0, ,0,0,0,0.0, , ,On-roadway,S01,Collision with Non-Motorist:Pedestrian, , , ,Collision with Non-Motorist:Pedestrian,Level,At Intersection,Not Applicable,Dark-Lighted,Dry,Clear, , ,2,Straight,1.0, ,DR3447,MARIP, , , ,1.0,3.0,0.0,0.0,1.0,0.0,2.0,0.0,0.0,0.0,0.0,1.0,0.0,0.0,1.0,0.0,Y,Motorvehicle; Scooter,Y, , , ,1.0, , , , ,0.0,Going straight,South,Careless driving,Looked/did not see,West,"Failure to obey traffic signs, signals, or officer; Improper turn/merge",No apparent contributing factor,1.0,Y, ,2,Sunday,00
452395,2024-016134,39.74375981,-104.94078372,2024-05-03,2026-04-19 11:35:00,DENVER,DENVER,DPD,1/CRT-53, ,Pedestrian,Pedestrian,0,1,0,0,1.0,0,0,0,E 17TH AVE,N COLORADO BLVD,E 17TH AVE & N COLORADO BLVD,0.0,At the intersection, ,6.0, ,0,1,0,0.25,Miles,N,On-roadway, ,Collision with Non-Motorist:Pedestrian, , , ,Collision with Non-Motorist:Pedestrian,Downhill,At Intersection,Not Applicable,Daylight,Dry,Clear, ,002A,0,Straight,1.0, ,DR3447, , , , ,1.0,1.0,1.0,0.0,0.0,0.0,1.0,0.0,0.0,0.0,0.0,1.0,1.0,0.0,0.0,0.0,Y,Motorvehicle; Scooter,Y, , , ,1.0, , , , ,0.0,Making left turn,West,Other contributing action,Not observed,South,Cross/enter at intersection,No apparent contributing factor,1.0,Y, ,2,Friday,11
453238,2024-016596,39.69566304,-104.90350854,2024-05-10,2026-04-19 19:38:00,DENVER,DENVER,DPD,02/341, ,Pedestrian,Pedestrian,0,1,0,0,1.0,0,0,0, QUEBEC WY,E MISSISSIPPI AVE, QUEBEC WY & E MISSISSIPPI AVE,0.0,At the intersection,N,0.0, ,0,0,0,0.0, , ,On-roadway,N03,Collision with Non-Motorist:Pedestrian, , , ,Collision with Non-Motorist:Pedestrian,Level,At Intersection,Not Applicable,Dawn or Dusk,Dry,Clear, , ,1,Straight,1.0, ,DR3447,MISSI, , , ,1.0,2.0,0.0,1.0,0.0,0.0,1.0,0.0,0.0,0.0,0.0,1.0,0.0,1.0,0.0,0.0,Y,Motorvehicle; Scooter,Y, , , ,1.0,Making right turn,West,No contributing action,No apparent contributing factor,25.0, , , , ,Unknown,Cross/enter at intersection,No apparent contributing factor,1.0,Y, ,2,Friday,19
454229,2024-016945,39.74016038,-104.95298854,2024-05-09,2026-04-19 14:52:00,DENVER,DENVER,DPD,2-233S, ,Pedestrian,Pedestrian,0,0,0,0,0.0,0,0,0, FILLMORE ST,E COLFAX AVE, FILLMORE ST & E COLFAX AVE,0.0,At the intersection,N,0.0, ,0,1,0,0.0, , ,On-roadway,S01,Collision with Non-Motorist:Pedestrian, , , ,Collision with Non-Motorist:Pedestrian,Level,At Intersection,Not Applicable,Daylight,Dry,Clear, , ,0,Straight,2.0, ,DR3447, , , , ,1.0,0.0,0.0,0.0,0.0,0.0,1.0,0.0,0.0,0.0,0.0,1.0,0.0,0.0,0.0,0.0,Y,Motorvehicle; Scooter,Y, , , ,1.0,Making right turn,South,Careless driving,Unknown,20.0, , , , ,East,No contributing action,Unknown,1.0,Y, ,2,Thursday,14
455422,2024-017538,39.75698557,-104.96472392,2024-05-15,2026-04-19 12:04:00,DENVER,DENVER,DPD,1-CRT23,2,Pedestrian,Pedestrian,0,0,0,0,1.0,0,0,0,E 28TH AVE,N HIGH ST,E 28TH AVE & N HIGH ST,0.0,At the intersection, ,0.0, ,0,0,0,0.0, , ,On-roadway,E01,Collision with Non-Motorist:Pedestrian, , , ,Collision with Non-Motorist:Pedestrian,Level,At Intersection,Not Applicable,Daylight,Dry,Clear, , ,0,Straight,1.0, ,DR3447,HIGHS, , , ,1.0,0.0,0.0,0.0,0.0,0.0,1.0,0.0,0.0,0.0,0.0,1.0,0.0,0.0,0.0,0.0,Y,Motorvehicle; Scooter,Y, , , ,1.0,Going straight,South,Unknown,Unknown,99.0, , , , ,West,Other,Other factor,1.0,Y, ,2,Wednesday,12
455848,2024-017786,39.74167712,-104.9823321,2024-05-19,2026-04-19 16:33:00,DENVER,DENVER,DPD,Detail 2/6, ,Pedestrian,Pedestrian,0,0,0,0,0.0,0,0,0, LOGAN ST,E 16TH AVE, LOGAN ST & E 16TH AVE,0.0,At the intersection, ,0.0, ,0,0,0,0.0, , ,On-roadway,W01,Collision with Non-Motorist:Pedestrian, , , ,Collision with Non-Motorist:Pedestrian,Level,At Intersection,Not Applicable,Daylight,Dry,Clear, , ,1,Straight,2.0, ,DR3447,A0016, , , ,1.0,0.0,0.0,0.0,0.0,0.0,1.0,0.0,0.0,0.0,0.0,1.0,0.0,0.0,0.0,0.0,Y,Motorvehicle; Scooter,Y, , , ,1.0, , , , ,0.0,Going straight,North,No contributing action,No apparent contributing factor,East,"Failure to obey traffic signs, signals, or officer",Unknown,1.0,Y, ,2,Sunday,16
456819,2024-018248,39.72907843,-104.97876829,2024-05-21,2026-04-19 08:27:00,DENVER,DENVER,DPD,Detail 1, ,Pedestrian,Pedestrian,0,0,0,0,0.0,0,0,0, WASHINGTON ST,E 8TH AVE, WASHINGTON ST & E 8TH AVE,0.0,At the intersection,E,0.0, ,0,0,0,0.0, , ,On-roadway,E01,Collision with Non-Motorist:Pedestrian, , , ,Collision with Non-Motorist:Pedestrian,Level,At Intersection,Not Applicable,Daylight,Dry,Clear, , ,1,Straight,2.0, ,DR3447,A0008, , , ,1.0,0.0,0.0,0.0,0.0,0.0,1.0,0.0,0.0,0.0,0.0,1.0,0.0,0.0,0.0,0.0,Y,Motorvehicle; Scooter,Y, , , ,1.0,Going straight,East,No contributing action,No apparent contributing factor,30.0, , , , ,North,Other,Unknown,1.0,Y, ,2,Tuesday,08
456938,2024-018304,39.72931293,-105.01986632,2024-05-22,2026-04-19 08:08:00,DENVER,DENVER,DPD,1/CRT13, ,Pedestrian,Pedestrian,0,1,0,0,1.0,0,0,0,W 8TH AVE,N CANOSA CT,W 8TH AVE & N CANOSA CT,0.0,At the intersection, ,0.0, ,0,0,0,0.0, , ,On-roadway,N02,Collision with Non-Motorist:Pedestrian, , , ,Collision with Non-Motorist:Pedestrian,Level,At Intersection,Not Applicable,Daylight,Dry,Clear, , ,1,Straight,1.0, ,DR3447,CANOS, , , ,1.0,1.0,1.0,0.0,0.0,0.0,1.0,0.0,0.0,0.0,0.0,1.0,1.0,0.0,0.0,0.0,Y,Motorvehicle; Scooter,Y, , , ,1.0, , , , ,0.0,Making right turn,North,No contributing action,No apparent contributing factor,West,"Traveling on sidealk against traffic; Failure to obey traffic signs, signals, or officer",Other factor,1.0,Y, ,2,Wednesday,08
457121,2024-018430,39.7352616,-104.98740099,2024-05-16,2026-04-19 21:09:00,DENVER,DENVER,DPD,3/651F, ,Pedestrian,Pedestrian,0,1,0,0,1.0,0,0,0,E 12TH AVE,N BROADWAY ST,E 12TH AVE & N BROADWAY ST,0.0,At the intersection, ,0.0, ,0,0,0,0.0, , ,On-roadway,S02,Collision with Non-Motorist:Pedestrian, , , ,Collision with Non-Motorist:Pedestrian,Level,At Intersection,Not Applicable,Dark-Lighted,Dry,Clear, , ,2,Straight,1.0, ,DR3447,BROAD, , , ,1.0,3.0,0.0,0.0,1.0,0.0,1.0,0.0,0.0,0.0,0.0,1.0,0.0,0.0,1.0,0.0,Y,Motorvehicle; Scooter,Y, , , ,1.0, , , , ,0.0,Going straight,South,No contributing action,No apparent contributing factor,West,"Cross/enter at intersection; Failure to obey traffic signs, signals, or officer",Aggressive; Looked/did not see,1.0,Y, ,2,Thursday,21
457826,2024-018880,39.75593506,-104.99862569,2024-05-25,2026-04-19 21:40:00,DENVER,DENVER,DPD,3/652G, ,Pedestrian,Pedestrian,0,0,0,0,1.0,0,0,0,1949 WEWATTA ST,19TH ST,1949 WEWATTA ST & 19TH ST,50.0,Feet,N,0.0, ,0,0,0,0.0, , ,On-roadway, ,Collision with Non-Motorist:Pedestrian, , , ,Collision with Non-Motorist:Pedestrian,Level,Non-intersection,Not Applicable,Dark-Lighted,Dry,Clear, , ,0,Straight,1.0, ,DR3447,S0019, , , ,1.0,0.0,0.0,0.0,0.0,0.0,1.0,0.0,0.0,0.0,0.0,1.0,0.0,0.0,0.0,0.0,Y,Motorvehicle; Scooter,Y, , , ,1.0, , , , ,0.0,Stopped in traffic,Southeast,No contributing action,Not observed,Northeast,Other,Unfamiliar with area,1.0,Y, ,2,Saturday,21
458200,2024-019037,39.7400009,-104.97765827,2024-05-23,2026-04-19 16:18:00,DENVER,DENVER,DPD,2/643A,1,Pedestrian,Pedestrian,0,0,0,0,0.0,0,0,0,E COLFAX AVE,N CLARKSON ST,E COLFAX AVE & N CLARKSON ST,5.0,Feet,W,298.0, ,0,1,0,1.0,Miles,W,On-roadway,E02,Collision with Non-Motorist:Pedestrian, , , ,Collision with Non-Motorist:Pedestrian,Level,Intersection Related,Not Applicable,Daylight,Dry,Clear, ,70,1,Straight,2.0, ,DR3447, , , , ,1.0,0.0,0.0,0.0,0.0,0.0,1.0,0.0,0.0,0.0,0.0,1.0,0.0,0.0,0.0,0.0,Y,Motorvehicle; Scooter,Y, , , ,1.0,Going straight,East,Unknown,Unknown,99.0, , , , ,Unknown,No contributing action,Unknown,1.0,Y, ,2,Thursday,16
458251,2024-019062,39.73998684,-104.96346911,2024-05-25,2026-04-19 00:21:00,DENVER,DENVER,DPD,2/646S, ,Pedestrian,Pedestrian,0,0,0,0,0.0,0,0,0,E COLFAX AVE,N RACE ST,E COLFAX AVE & N RACE ST,0.0,At the intersection, ,298.02, ,0,1,0,0.0, , ,On-roadway,W02,Collision with Non-Motorist:Pedestrian,Collision with Object:Other non-Fixed Object, , ,Collision with Non-Motorist:Pedestrian,Level,At Intersection,Not Applicable,Dark-Lighted,Dry,Clear, ,40,1,Straight,2.0, ,DR3447, , , , ,1.0,0.0,0.0,0.0,0.0,0.0,1.0,0.0,0.0,0.0,0.0,1.0,0.0,0.0,0.0,0.0,Y,Motorvehicle; Scooter,Y, , , ,1.0, , , , ,0.0,Going straight,West,No contributing action,Not observed,Northwest,"Failure to obey traffic signs, signals, or officer",Inexperience,1.0,Y, ,2,Saturday,00
458544,2024-019230,39.74879058,-104.99444871,2024-05-28,2026-04-19 14:15:00,DENVER,DENVER,DPD,1-CRT64, ,Pedestrian,Pedestrian,0,1,0,0,1.0,0,0,0,ARAPAHOE ST,17TH ST,ARAPAHOE ST & 17TH ST,0.0,At the intersection, ,0.0, ,0,0,0,0.0, , ,On-roadway, ,Collision with Non-Motorist:Pedestrian, , , ,Collision with Non-Motorist:Pedestrian,Level,At Intersection,Not Applicable,Daylight,Dry,Clear, , ,0,Straight,1.0, ,DR3447,S0017, , , ,1.0,2.0,0.0,1.0,0.0,0.0,2.0,0.0,0.0,0.0,0.0,1.0,0.0,1.0,0.0,0.0,Y,Motorvehicle; Scooter,Y, , , ,1.0, , , , ,0.0,Going straight,Southwest,No contributing action,No apparent contributing factor,Northwest,"Failure to obey traffic signs, signals, or officer",No apparent contributing factor,1.0,Y, ,2,Tuesday,14
458550,2024-019235,39.75581334,-105.01393869,2024-05-12,2026-04-19 01:13:00,DENVER,DENVER,DPD,3-153S,1,Pedestrian,Pedestrian,0,1,0,0,1.0,0,0,0, SPEER BLVD,I-25 SB RAMPS, SPEER BLVD & I-25 SB RAMPS,0.0,At the intersection, ,0.0, ,0,0,0,0.0, , ,On-roadway,N03,Collision with Non-Motorist:Pedestrian, , , ,Collision with Non-Motorist:Pedestrian,Level,At Intersection,Not Applicable,Dark-Lighted,Wet,Cloudy, , ,2,Straight,1.0, ,DR3447,N, , , ,1.0,3.0,0.0,0.0,1.0,0.0,1.0,0.0,0.0,0.0,0.0,1.0,0.0,0.0,1.0,0.0,Y,Motorvehicle; Scooter,Y, , , ,1.0,Going straight,Northwest,Unknown,Unknown,99.0, , , , ,Northwest,Cross/enter at intersection,Looked/did not see; Under the influence of alcohol/drugs,1.0,Y, ,2,Sunday,01
458551,2024-019236,39.74653648,-105.00762231,2024-05-19,2026-04-19 21:28:00,DENVER,DENVER,DPD,2/143K,1,Pedestrian,Pedestrian,0,1,0,0,1.0,0,0,0,AURARIA PKWY,9TH ST,AURARIA PKWY & 9TH ST,0.0,At the intersection, ,0.0, ,0,0,0,0.0, , ,On-roadway,W02,Collision with Non-Motorist:Pedestrian, , , ,Collision with Non-Motorist:Pedestrian,Level,At Intersection,Not Applicable,Dark-Lighted,Dry,Clear, , ,3,Straight,1.0, ,DR3447,S0009, , , ,1.0,3.0,0.0,0.0,1.0,0.0,4.0,0.0,0.0,0.0,0.0,1.0,0.0,0.0,1.0,0.0,Y,Motorvehicle; Scooter,Y, , , ,1.0,Making u-turn,West,Reckless driving,Aggressive driving,30.0, , , , ,South,No contributing action,No apparent contributing factor,1.0,Y, ,2,Sunday,21
458778,2024-019347,39.78021279,-105.03694668,2024-05-29,2026-04-19 10:40:00,DENVER,DENVER,DPD,1/CRT13,2,Pedestrian,Pedestrian,0,1,0,0,1.0,0,0,0,W 46TH AVE,N NEWTON ST,W 46TH AVE & N NEWTON ST,0.0,At the intersection, ,0.0, ,0,0,0,0.0, , ,On-roadway, ,Collision with Non-Motorist:Pedestrian,Collision with Other Vehicle:Parked Motor Vehicle, , ,Collision with Non-Motorist:Pedestrian,Level,At Intersection,Not Applicable,Daylight,Dry,Cloudy, , ,0,Straight,1.0, ,DR3447,NEWTO, , , ,1.0,3.0,0.0,0.0,1.0,0.0,1.0,0.0,0.0,0.0,0.0,1.0,0.0,0.0,1.0,0.0,Y,Motorvehicle; Scooter,Y, , , ,1.0, , , , ,0.0,Parked,West,No contributing action,No apparent contributing factor,West,Other,Other factor,1.0,Y, ,2,Wednesday,10
463166,2024-020366,39.79133627,-104.88257936,2024-01-04,2026-04-19 15:45:00,DENVER,DENVER,DPD,2/542E,1,Pedestrian,Pedestrian,0,0,0,0,1.0,0,0,0,E PRAIRIE MEADOW DR,N CENTRAL PARK BLVD,E PRAIRIE MEADOW DR & N CENTRAL PARK BLVD,0.0,At the intersection,E,0.0, ,0,0,0,0.0, , ,On-roadway, ,Collision with Non-Motorist:Pedestrian, , , ,Collision with Non-Motorist:Pedestrian,Level,At Intersection,Not Applicable,Daylight,Dry,Clear, , ,0,Straight,1.0, ,DR3447,CENTR, , , ,1.0,0.0,0.0,0.0,0.0,0.0,1.0,0.0,0.0,0.0,0.0,1.0,0.0,0.0,0.0,0.0,Y,Motorvehicle; Scooter,Y, , , ,1.0, , , , ,0.0,Making right turn,West,No contributing action,No apparent contributing factor,South,Cross/enter at intersection,No apparent contributing factor,1.0,Y, ,1,Thursday,15
465870,2024-021562,39.74002184,-104.9848547,2024-01-08,2026-04-19 16:30:00,DENVER,DENVER,DPD,02/643D,1,Pedestrian,Pedestrian,0,1,0,0,1.0,0,0,0, SHERMAN ST,E COLFAX AVE, SHERMAN ST & E COLFAX AVE,0.0,At the intersection, ,297.3, ,0,1,0,1500.0,Feet,E,On-roadway,E03,Collision with Non-Motorist:Pedestrian, , , ,Collision with Non-Motorist:Pedestrian,Uphill,At Intersection,Not Applicable,Daylight,Dry,Clear, ,40,0,Straight,1.0, ,DR3447, , , , ,1.0,2.0,0.0,1.0,0.0,0.0,1.0,0.0,0.0,0.0,0.0,1.0,0.0,1.0,0.0,0.0,Y,Motorvehicle; Scooter,Y, , , ,1.0, , , , ,0.0,Going straight,East,Unknown,Unknown,North,"Failure to obey traffic signs, signals, or officer",No apparent contributing factor,1.0,Y, ,1,Monday,16
466083,2024-021660,39.76338988,-104.98781882,2024-01-24,2026-04-19 17:24:00,DENVER,DENVER,DPD,2/645S, ,Pedestrian,Pedestrian,0,1,0,0,1.0,0,0,0, BROADWAY,28TH ST, BROADWAY & 28TH ST,0.0,At the intersection, ,0.0, ,0,0,0,0.0, , ,On-roadway,S02,Collision with Non-Motorist:Pedestrian, , , ,Collision with Non-Motorist:Pedestrian,Level,Driveway Access Related,Not Applicable,Dark-Lighted,Dry,Clear, , ,1,Straight,1.0, ,DR3447,S0028, , , ,1.0,1.0,1.0,0.0,0.0,0.0,1.0,0.0,0.0,0.0,0.0,1.0,1.0,0.0,0.0,0.0,Y,Motorvehicle; Scooter,Y, , , ,1.0, , , , ,0.0,Making right turn,South,No contributing action,No apparent contributing factor,North,Failure to yield right-of-way,Looked/did not see,1.0,Y, ,1,Wednesday,17
466221,2024-021744,39.76746209,-104.90346726,2024-01-23,2026-04-19 10:39:00,DENVER,DENVER,DPD,1,1,Pedestrian,Pedestrian,0,1,0,0,1.0,0,0,0, QUEBEC ST,E 36TH AVE, QUEBEC ST & E 36TH AVE,100.0,Feet,N,0.0, ,0,0,0,0.0, , ,On-roadway,S04,Collision with Non-Motorist:Pedestrian, , , ,Collision with Non-Motorist:Pedestrian,Level,Non-intersection,Not Applicable,Daylight,Dry, , , ,0,Straight,1.0, ,DR3447,A0036, , , ,1.0,2.0,0.0,1.0,0.0,0.0,1.0,0.0,0.0,0.0,0.0,1.0,0.0,1.0,0.0,0.0,Y,Motorvehicle; Scooter,Y, , , ,1.0,Going straight,South,Unknown,Unknown,40.0, , , , ,North,Traveling along roadway against traffic (in or adjacent to travel lane),No apparent contributing factor,1.0,Y, ,1,Tuesday,10
467056,2024-022146,39.75926671,-104.99369237,2024-01-27,2026-04-19 21:22:00,DENVER,DENVER,DPD,3/652D,1,Pedestrian,Pedestrian,0,1,0,0,0.0,0,0,0,PARK AVE W,WEWATTA ST,PARK AVE W & WEWATTA ST,0.0,At the intersection, ,0.0, ,0,0,0,0.0, , ,On-roadway,W03,Collision with Non-Motorist:Pedestrian, , , ,Collision with Non-Motorist:Pedestrian,Level,At Intersection,Not Applicable,Dark-Lighted,Dry,Clear, , ,0,Straight,2.0, ,DR3447,WEWAT, , , ,1.0,2.0,0.0,1.0,0.0,0.0,1.0,0.0,1.0,0.0,0.0,1.0,0.0,0.0,0.0,0.0,Y,Motorvehicle; Scooter,Y, , , ,1.0, , , , ,0.0,Going straight,South,No contributing action,No apparent contributing factor,West,Other,No apparent contributing factor,1.0,Y, ,1,Saturday,21
468022,2024-022573,39.77668622,-105.0299415,2024-02-04,2026-04-19 16:00:00,DENVER,DENVER,DPD,1/CRT1, ,Pedestrian,Pedestrian,0,1,0,0,1.0,0,0,0,W 44TH AVE,IRVING ST,W 44TH AVE & IRVING ST,0.0,At the intersection, ,0.0, ,0,0,0,0.0, , ,On-roadway, ,Collision with Non-Motorist:Pedestrian, , , ,Collision with Non-Motorist:Pedestrian,Level,At Intersection,Not Applicable,Daylight,Dry,Clear, , ,0,Straight,1.0, ,DR3447,IRVIN, , , ,1.0,3.0,0.0,0.0,1.0,0.0,1.0,0.0,0.0,0.0,0.0,1.0,0.0,0.0,1.0,0.0,Y,Motorvehicle; Scooter,Y, , , ,1.0,Making left turn,West,Failed to yield row,Looked/did not see,20.0, , , , ,East,Traveling along roadway with traffic (in or adjacent to travel lane); Cross/enter at intersection,No apparent contributing factor,1.0,Y, ,1,Sunday,16
469147,2024-023054,39.65305579,-104.88478512,2024-03-05,2026-04-19 12:29:00,DENVER,DENVER,DPD,1/CRT35, ,Pedestrian,Pedestrian,0,1,0,0,1.0,0,0,0, YOSEMITE ST,E HAMPDEN AVE, YOSEMITE ST & E HAMPDEN AVE,0.0,At the intersection, ,2.0, ,0,1,0,0.0,At the milepoint, ,On-roadway,E02,Collision with Non-Motorist:Pedestrian, , , ,Collision with Non-Motorist:Pedestrian,Level,At Intersection,Not Applicable,Daylight,Dry,Cloudy, ,030A,1,Straight,1.0, ,DR3447, , , , ,1.0,1.0,1.0,0.0,0.0,0.0,1.0,0.0,0.0,0.0,0.0,1.0,1.0,0.0,0.0,0.0,Y,Motorvehicle; Scooter,Y, , , ,1.0,Making right turn,North,Failed to yield row,Looked/did not see,40.0, , , , ,South,No contributing action,No apparent contributing factor,1.0,Y, ,1,Tuesday,12
469963,2024-023376,39.75134091,-104.99292856,2024-03-22,2026-04-19 14:10:00,DENVER,DENVER,DPD,1/CRT-53, ,Pedestrian,Pedestrian,0,1,0,0,1.0,0,1,0,LAWRENCE ST,19TH ST,LAWRENCE ST & 19TH ST,0.0,At the intersection, ,0.0, ,0,0,0,0.0, , ,On-roadway, ,Collision with Non-Motorist:Pedestrian, , , ,Collision with Non-Motorist:Pedestrian,Level,At Intersection,Not Applicable,Daylight,Dry,Clear, , ,0,Straight,1.0, ,DR3447,S0019, , , ,1.0,2.0,0.0,1.0,0.0,0.0,1.0,0.0,0.0,0.0,0.0,1.0,0.0,1.0,0.0,0.0,Y,Motorvehicle; Scooter,Y, , , ,1.0, , , , ,0.0,Going straight,Southeast,No contributing action,Not observed,Southwest,Other,Other factor,1.0,Y, ,1,Friday,14
471014,2024-023766,39.74014227,-104.94507541,2024-04-25,2026-04-19 07:45:00,DENVER,DENVER,DPD,1-CRT23, ,Pedestrian,Pedestrian,0,0,0,0,2.0,0,0,0,E COLFAX AVE,N MONROE ST,E COLFAX AVE & N MONROE ST,0.0,At the intersection, ,300.3, ,0,1,0,0.0,At the milepoint, ,On-roadway,W02,Collision with Non-Motorist:Pedestrian,Collision with Non-Motorist:Pedestrian, , ,Collision with Non-Motorist:Pedestrian,Level,At Intersection,Not Applicable,Daylight,Dry,Clear, ,040C,0,Straight,1.0, ,DR3447, , , , ,1.0,0.0,0.0,0.0,0.0,0.0,3.0,0.0,0.0,0.0,0.0,2.0,0.0,0.0,0.0,0.0,Y,Motorvehicle; Scooter,Y, , , ,1.0,Making left turn,East,Failed to yield row,Not observed,30.0, , , , ,West; West,No contributing action; No contributing action,No apparent contributing factor; No apparent contributing factor,1.0,Y, ,2,Thursday,07
471472,2024-023936,39.74061153,-105.01689748,2024-05-05,2026-04-19 11:37:00,DENVER,DENVER,DPD,1-CRT64, ,Pedestrian,Pedestrian,0,1,0,0,1.0,0,0,0,WB ON RAMP FROM AURARIA PKWY,W COLFAX AVE,WB ON RAMP FROM AURARIA PKWY & W COLFAX AVE,0.0,At the intersection, ,296.0, ,0,1,0,1040.0,Feet,W,On-roadway, ,Collision with Non-Motorist:Pedestrian, , , ,Collision with Non-Motorist:Pedestrian,Level,Ramp,Not Applicable,Daylight,Dry,Clear, ,40,0,Curve Right,1.0, ,DR3447,D, , , ,1.0,3.0,0.0,0.0,1.0,0.0,2.0,0.0,0.0,0.0,0.0,1.0,0.0,0.0,1.0,0.0,Y,Motorvehicle; Scooter,Y, , , ,1.0,Going straight,Southwest,Failed to yield row,No apparent contributing factor,35.0, , , , ,Northwest,Cross/enter at intersection,No apparent contributing factor,1.0,Y, ,2,Sunday,11
472232,2024-024213,39.63815612,-104.89475215,2024-05-28,2026-04-19 15:49:00,DENVER,DENVER,DPD,02/344C,1,Pedestrian,Pedestrian,0,1,0,0,1.0,0,0,0, TAMARAC PKWY,E QUINCY AVE, TAMARAC PKWY & E QUINCY AVE,50.0,Feet,S,0.0, ,0,0,0,0.0, , ,On-roadway, ,Collision with Non-Motorist:Pedestrian, , , ,Collision with Non-Motorist:Pedestrian,Level,Driveway Access Related,Not Applicable,Daylight,Dry,Clear, , ,0,Straight,1.0, ,DR3447,QUINC, , , ,1.0,2.0,0.0,1.0,0.0,0.0,1.0,0.0,0.0,0.0,0.0,1.0,0.0,1.0,0.0,0.0,Y,Motorvehicle; Scooter,Y, , , ,1.0, , , , ,0.0,Going straight,Unknown,Careless driving,Unknown,South,No contributing action,No apparent contributing factor,1.0,Y, ,2,Tuesday,15
472428,2024-024332,39.74006182,-105.0048281,2024-05-21,2026-04-19 17:08:00,DENVER,DENVER,DPD,2/143B,1,Pedestrian,Pedestrian,0,1,0,0,2.0,0,0,0,W COLFAX AVE,N OSAGE ST,W COLFAX AVE & N OSAGE ST,100.0,Feet,E,297.5, ,0,1,0,100.0,Feet,W,On-roadway, ,Collision with Non-Motorist:Pedestrian,Collision with Non-Motorist:Pedestrian, , ,Collision with Non-Motorist:Pedestrian,Level,Driveway Access Related,Not Applicable,Daylight,Wet,Rain, ,40,0,Straight,1.0, ,DR3447, , , , ,1.0,1.0,1.0,0.0,0.0,0.0,1.0,0.0,0.0,0.0,0.0,2.0,1.0,0.0,0.0,0.0,Y,Motorvehicle; Scooter,Y, , , ,1.0,Entering/leaving parked position,North,Careless driving,Unknown,99.0, , , , ,West; West,Traveling on sidealk against traffic; No contributing action,No apparent contributing factor; Unknown,1.0,Y, ,2,Tuesday,17
472880,2024-024586,39.75101337,-104.9105077,2024-05-14,2026-04-19 18:13:00,DENVER,DENVER,DPD,2/242E, ,Pedestrian,Pedestrian,0,1,0,0,1.0,0,0,0, NIAGARA ST,E 23RD AVE, NIAGARA ST & E 23RD AVE,0.0, , ,0.0, ,0,0,0,0.0, , ,On-roadway,W01,Collision with Non-Motorist:Pedestrian, , , ,Collision with Non-Motorist:Pedestrian,Level,At Intersection,Not Applicable,Daylight,Dry,Clear, , ,1,Straight,1.0, ,DR3447,A0023, , , ,1.0,3.0,0.0,0.0,1.0,0.0,2.0,0.0,0.0,0.0,0.0,1.0,0.0,0.0,1.0,0.0,Y,Motorvehicle; Scooter,Y, , , ,1.0, , , , ,0.0,Going straight,West,No contributing action,No apparent contributing factor,South,"Failure to obey traffic signs, signals, or officer",No apparent contributing factor,1.0,Y, ,2,Tuesday,18
473642,2024-025070,39.74891383,-104.98739723,2024-06-06,2026-04-19 15:45:00,DENVER,DENVER,DPD,2/CRT61, ,Pedestrian,Pedestrian,0,1,0,0,1.0,0,0,0,CALIFORNIA ST,20TH ST,CALIFORNIA ST & 20TH ST,50.0,Feet,NW,0.0, ,0,0,0,0.0, , ,On-roadway, ,Collision with Non-Motorist:Pedestrian, , , ,Collision with Non-Motorist:Pedestrian,Level,At Intersection,Not Applicable,Daylight,Dry,Clear, , ,0,Straight,1.0, ,DR3447,S0020, , , ,1.0,1.0,1.0,0.0,0.0,0.0,1.0,0.0,0.0,0.0,0.0,1.0,1.0,0.0,0.0,0.0,Y,Motorvehicle; Scooter,Y, , , ,1.0, , , , ,0.0,Going straight,Northwest,No contributing action,No apparent contributing factor,North,Cross/enter not at intersection,Aggressive,1.0,Y, ,2,Thursday,15
473643,2024-025071,39.65177409,-105.05319874,2024-05-10,2026-04-19 14:07:00,DENVER,DENVER,DPD,2/443A, ,Pedestrian,Pedestrian,0,1,0,0,1.0,0,0,0,W HAMPDEN  FRTG,S SHERIDAN BLVD,W HAMPDEN  FRTG & S SHERIDAN BLVD,0.0,At the intersection, ,1.0, ,0,1,0,1.0,Miles,S,On-roadway,E04,Collision with Non-Motorist:Pedestrian, , , ,Collision with Non-Motorist:Pedestrian,Level,At Intersection,Not Applicable,Daylight,Dry,Clear, ,95,0,Straight,1.0, ,DR3447, , , , ,1.0,2.0,0.0,1.0,0.0,0.0,1.0,0.0,0.0,0.0,0.0,1.0,0.0,1.0,0.0,0.0,Y,Motorvehicle; Scooter,Y, , , ,1.0,Entering/leaving parked position,East,Failed to yield row,Looked/did not see,35.0, , , , ,North,Cross/enter at intersection,No apparent contributing factor,1.0,Y, ,2,Friday,14
474075,2024-025339,39.75232856,-104.99662952,2024-06-09,2026-04-19 01:10:00,DENVER,DENVER,DPD,6-663B, ,Pedestrian,Pedestrian,0,1,0,0,1.0,0,0,0,18TH ST,BLAKE ST,18TH ST & BLAKE ST,50.0,Feet,E,0.0, ,0,0,0,0.0, , ,On-roadway, ,Collision with Non-Motorist:Pedestrian, , , ,Collision with Non-Motorist:Pedestrian,Level,Crossover Related,Not Applicable,Dark-Lighted,Dry,Clear, , ,0,Straight,1.0, ,DR3447,BLAKE, , , ,1.0,1.0,1.0,0.0,0.0,0.0,1.0,0.0,0.0,0.0,0.0,1.0,1.0,0.0,0.0,0.0,Y,Motorvehicle; Scooter,Y, , , ,1.0, , , , ,0.0,Going straight,Northeast,No contributing action,No apparent contributing factor,Northwest,Traveling along roadway against traffic (in or adjacent to travel lane),No apparent contributing factor,1.0,Y, ,2,Sunday,01
474216,2024-025437,39.7321009,-105.00157967,2024-06-06,2026-04-19 20:31:00,DENVER,DENVER,DPD,2/143A, ,Pedestrian,Pedestrian,0,1,0,0,1.0,0,0,0,W 10TH AVE,N LIPAN ST,W 10TH AVE & N LIPAN ST,0.0,Feet,W,0.0, ,0,0,0,0.0, ,W,On-roadway,W01,Collision with Non-Motorist:Pedestrian, , , ,Collision with Non-Motorist:Pedestrian,Level,At Intersection,Not Applicable,Dark-Lighted,Dry,Clear, , ,0,Straight,2.0, ,DR3447,LIPAN, , , ,1.0,3.0,0.0,0.0,1.0,0.0,6.0,0.0,0.0,0.0,0.0,1.0,0.0,0.0,1.0,0.0,Y,Motorvehicle; Scooter,Y, , , ,1.0, , , , ,0.0,Going straight,West,No contributing action,No apparent contributing factor,North,"Failure to obey traffic signs, signals, or officer",No apparent contributing factor,1.0,Y, ,2,Thursday,20
537735,2024-026211,39.74358377,-104.99252063,2024-06-13,2026-04-19 21:30:00,DENVER,DENVER,DPD,6-661B,2,Pedestrian,Pedestrian,0,1,0,0,1.0,0,0,0,15TH ST,WELTON ST,15TH ST & WELTON ST,0.0,At the intersection, ,0.0, ,0,0,0,0.0, , ,On-roadway, ,Collision with Non-Motorist:Pedestrian, , , ,Collision with Non-Motorist:Pedestrian,Level,At Intersection,Not Applicable,Dark-Lighted,Dry, , , ,0,Straight,1.0, ,DR3447,WELTO, , , ,1.0,1.0,1.0,0.0,0.0,0.0,1.0,0.0,0.0,0.0,0.0,1.0,1.0,0.0,0.0,0.0,Y,Motorvehicle; Scooter,Y, , , ,1.0,Making left turn,Northwest,Careless driving,Unknown,25.0, , , , ,Northwest,Cross/enter at intersection,No apparent contributing factor,1.0,Y, ,2,Thursday,21
684583,2024-026320,39.67864969,-105.02363931,2024-05-26,2026-04-19 12:20:00,DENVER,DENVER,DPD,1/422E,1,Pedestrian,Pedestrian,0,1,0,0,2.0,0,0,0,W EVANS AVE,S FEDERAL BLVD,W EVANS AVE & S FEDERAL BLVD,400.0,Feet,E,0.0, ,0,0,0,0.0, , ,On-roadway,WRS,Collision with Non-Motorist:Pedestrian,Collision with Non-Motorist:Pedestrian, , ,Collision with Non-Motorist:Pedestrian,Uphill,Driveway Access Related,Not Applicable,Daylight,Dry,Clear, , ,0,Straight,1.0, ,DR3447,FEDER, , , ,1.0,1.0,1.0,0.0,0.0,0.0,1.0,0.0,0.0,0.0,0.0,2.0,1.0,0.0,0.0,0.0,Y,Motorvehicle; Scooter,Y, , , ,1.0,Going straight,South,Careless driving,Other factor,40.0, , , , ,East; East,No contributing action; No contributing action,No apparent contributing factor; No apparent contributing factor,1.0,Y, ,2,Sunday,12
684601,2024-026326,39.74439744,-105.02521335,2024-06-15,2026-04-19 23:45:00,DENVER,DENVER,DPD,3/152B,1,Pedestrian,Pedestrian,0,0,0,0,1.0,0,0,0,1720  FEDERAL BLVD,W 17TH AVE,1720  FEDERAL BLVD & W 17TH AVE,20.0,Feet,N,282.94, ,0,1,0,20.0,Feet,N,On-roadway,N02,Collision with Non-Motorist:Pedestrian, , , ,Collision with Non-Motorist:Pedestrian,Level,Driveway Access Related,Not Applicable,Dark-Lighted,Dry,Clear, ,88,1,Straight,1.0, ,DR3447, , , , ,1.0,0.0,0.0,0.0,0.0,0.0,1.0,0.0,0.0,0.0,0.0,1.0,0.0,0.0,0.0,0.0,Y,Motorvehicle; Scooter,Y, , , ,1.0, , , , ,0.0,Making right turn,West,Careless driving,Not observed,North,Traveling on sidewalk with traffic,Looked/did not see,1.0,Y, ,2,Saturday,23
684886,2024-026427,39.75365591,-104.99341874,2024-06-17,2026-04-19 18:30:00,DENVER,DENVER,DPD,2/RK1, ,Pedestrian,Pedestrian,0,0,0,0,0.0,0,0,0,20TH ST,MARKET ST,20TH ST & MARKET ST,0.0,At the intersection, ,0.0, ,0,0,0,0.0, , ,On-roadway,W02,Collision with Non-Motorist:Pedestrian, , , ,Collision with Non-Motorist:Pedestrian,Level,At Intersection,Not Applicable,Daylight,Dry,Clear, , ,1,Straight,2.0, ,DR3447,MARKE, , , ,1.0,0.0,0.0,0.0,0.0,0.0,1.0,0.0,0.0,0.0,0.0,1.0,0.0,0.0,0.0,0.0,Y,Motorvehicle; Scooter,Y, , , ,1.0, , , , ,0.0,Making left turn,Northeast,No contributing action,No apparent contributing factor,Southwest,"Failure to obey traffic signs, signals, or officer",Unknown,1.0,Y, ,2,Monday,18
685440,2024-026779,39.71024318,-105.00626232,2024-06-21,2026-04-19 13:46:00,DENVER,DENVER,DPD,2/431A, ,Pedestrian,Pedestrian,0,1,0,0,1.0,0,0,0, PECOS ST,W NEVADA PL, PECOS ST & W NEVADA PL,5.0,Feet,E,0.0, ,0,0,0,0.0, , ,On-roadway,S01,Collision with Non-Motorist:Pedestrian, , , ,Collision with Non-Motorist:Pedestrian,Level,At Intersection,Not Applicable,Daylight,Dry,Cloudy, , ,0,Straight,1.0, ,DR3447,NEVAD, , , ,1.0,3.0,0.0,0.0,1.0,0.0,1.0,0.0,0.0,0.0,0.0,1.0,0.0,0.0,1.0,0.0,Y,Motorvehicle; Scooter,Y, , , ,1.0, , , , ,0.0,Going straight,South,No contributing action,No apparent contributing factor,East,"Failure to obey traffic signs, signals, or officer",No apparent contributing factor,1.0,Y, ,2,Friday,13
685672,2024-026902,39.74328695,-104.9810845,2024-06-21,2026-04-19 17:48:00,DENVER,DENVER,DPD,2 / 643B, ,Pedestrian,Pedestrian,0,1,0,0,1.0,0,0,0, PENNSYLVANIA ST,E 17TH AVE, PENNSYLVANIA ST & E 17TH AVE,5.0,Feet,NW,0.0, ,0,0,0,0.0, , ,On-roadway,E01,Collision with Non-Motorist:Pedestrian, , , ,Collision with Non-Motorist:Pedestrian,Level,At Intersection,Not Applicable,Daylight,Dry,Clear, , ,0,Straight,1.0, ,DR3447,A0017, , , ,1.0,2.0,0.0,1.0,0.0,0.0,1.0,0.0,0.0,0.0,0.0,1.0,0.0,1.0,0.0,0.0,Y,Motorvehicle; Scooter,Y, , , ,1.0, , , , ,0.0,Going straight,East,No contributing action,No apparent contributing factor,South,"Failure to obey traffic signs, signals, or officer",Looked/did not see; Aggressive,1.0,Y, ,2,Friday,17
929562,2024-027056,39.70202231,-104.97927033,2024-06-20,2026-04-19 16:43:00,DENVER,DENVER,DPD,2/333A, ,Pedestrian,Pedestrian,0,0,0,0,1.0,0,0,0,E OHIO AVE,S WASHINGTON ST,E OHIO AVE & S WASHINGTON ST,0.0, , ,0.0, ,0,0,0,0.0, , ,On-roadway, ,Collision with Non-Motorist:Pedestrian, , , ,Collision with Non-Motorist:Pedestrian,Downhill,At Intersection,Not Applicable,Daylight,Wet,Rain, , ,0,Straight,1.0, ,DR3447,WASHI, , , ,1.0,0.0,0.0,0.0,0.0,0.0,1.0,0.0,0.0,0.0,0.0,1.0,0.0,0.0,0.0,0.0,Y,Motorvehicle; Scooter,Y, , , ,1.0, , , , ,0.0,Going straight,South,No contributing action,No apparent contributing factor,West,"Failure to obey traffic signs, signals, or officer",Other factor,1.0,Y, ,2,Thursday,16
929587,2024-027069,39.64959041,-104.8848713,2024-06-23,2026-04-19 16:48:00,DENVER,DENVER,DPD,2-344a, ,Pedestrian,Pedestrian,0,0,0,0,1.0,0,0,0, YOSEMITE ST,E KENYON AVE, YOSEMITE ST & E KENYON AVE,0.0,At the intersection, ,0.0, ,0,0,0,0.0, , ,On-roadway,N03,Collision with Non-Motorist:Pedestrian, , , ,Collision with Non-Motorist:Pedestrian,Level,At Intersection,Not Applicable,Daylight,Dry,Clear, , ,0,Straight,1.0, ,DR3447,KENYO, , , ,1.0,0.0,0.0,0.0,0.0,0.0,1.0,0.0,0.0,0.0,0.0,1.0,0.0,0.0,0.0,0.0,Y,Motorvehicle; Scooter,Y, , , ,1.0,Making right turn,North,Failed to stop at signal,Looked/did not see,35.0, , , , ,East,No contributing action,No apparent contributing factor,1.0,Y, ,2,Sunday,16
929590,2024-027071,39.74167712,-104.98359003,2024-06-22,2026-04-19 01:14:00,DENVER,DENVER,DPD,2 / 631B, ,Pedestrian,Pedestrian,0,1,0,0,1.0,0,0,0,E 16TH AVE,N GRANT ST,E 16TH AVE & N GRANT ST,0.0,At the intersection, ,0.0, ,0,0,0,0.0, , ,On-roadway,S01,Collision with Non-Motorist:Pedestrian, , , ,Collision with Non-Motorist:Pedestrian,Level,At Intersection,Not Applicable,Dark-Lighted,Dry,Clear, , ,1,Straight,1.0, ,DR3447,GRANT, , , ,1.0,2.0,0.0,1.0,0.0,0.0,1.0,0.0,0.0,0.0,0.0,1.0,0.0,1.0,0.0,0.0,Y,Motorvehicle; Scooter,Y, , , ,1.0, , , , ,0.0,Making left turn,West,No contributing action,No apparent contributing factor,Unknown,Other,Other factor,1.0,Y, ,2,Saturday,01
929615,2024-027080,39.74007565,-104.94061254,2024-06-19,2026-04-19 19:28:00,DENVER,DENVER,DPD,2 / 222, ,Pedestrian,Pedestrian,0,1,0,0,1.0,0,0,0,E COLFAX AVE,N COLORADO BLVD,E COLFAX AVE & N COLORADO BLVD,0.0,At the intersection, ,6.0, ,0,1,0,0.1, ,S,On-roadway, ,Collision with Non-Motorist:Pedestrian, , , ,Collision with Non-Motorist:Pedestrian,Level,At Intersection,Not Applicable,Daylight,Dry,Clear, ,2,0,Straight,1.0, ,DR3447, , , , ,1.0,3.0,0.0,0.0,1.0,0.0,1.0,0.0,0.0,0.0,0.0,1.0,0.0,0.0,1.0,0.0,Y,Motorvehicle; Scooter,Y, , , ,1.0,Making right turn,West,Failed to yield row,Looked/did not see,35.0, , , , ,East,No contributing action,No apparent contributing factor,1.0,Y, ,2,Wednesday,19
930283,2024-027457,39.77309979,-104.9756035,2024-06-06,2026-04-19 17:24:00,DENVER,DENVER,DPD,2 / 233B,1,Pedestrian,Pedestrian,0,2,0,0,2.0,0,0,0,38TH ST,BRIGHTON BLVD,38TH ST & BRIGHTON BLVD,75.0,Feet,W,0.0, ,0,0,0,0.0, , ,On-roadway, ,Collision with Non-Motorist:Pedestrian,Collision with Non-Motorist:Pedestrian, , ,Collision with Non-Motorist:Pedestrian,Level,Crossover Related,Not Applicable,Daylight,Dry,Clear, , ,0,Straight,1.0, ,DR3447,BRIGH, , , ,1.0,2.0,0.0,2.0,0.0,0.0,0.0,0.0,0.0,0.0,0.0,2.0,0.0,2.0,0.0,0.0,Y,Motorvehicle; Scooter,Y, , , ,1.0,Making left turn,Northeast,Unknown,Unknown,99.0, , , , ,Unknown; Unknown,No contributing action; No contributing action,Unknown; No apparent contributing factor,1.0,Y, ,2,Thursday,17
930372,2024-027493,39.71114157,-105.01919643,2024-06-20,2026-04-19 18:40:00,DENVER,DENVER,DPD,2/431S, ,Pedestrian,Pedestrian,0,0,0,0,0.0,0,0,0,W ALAMEDA AVE,S CANOSA CT,W ALAMEDA AVE & S CANOSA CT,0.0,At the intersection,W,13.0, ,0,1,0,10.0,Feet,E,On-roadway,S01,Collision with Non-Motorist:Pedestrian, , , ,Collision with Non-Motorist:Pedestrian,Level,At Intersection,Not Applicable,Daylight,Dry,Clear, ,26,0,Straight,2.0, ,DR3447, , , , ,1.0,0.0,0.0,0.0,0.0,0.0,1.0,0.0,0.0,0.0,0.0,1.0,0.0,0.0,0.0,0.0,Y,Motorvehicle; Scooter,Y, , , ,1.0, , , , ,0.0,Stopped in traffic,South,No contributing action,No apparent contributing factor,East,Cross/enter at intersection,Unknown,1.0,,Y,2,Thursday,18
930596,2024-027593,39.75235946,-105.00754983,2024-06-25,2026-04-19 08:02:00,DENVER,DENVER,DPD,1-CRT23, ,Pedestrian,Pedestrian,0,1,0,0,1.0,0,0,0, SPEER BLVD,ELITCH CIR, SPEER BLVD & ELITCH CIR,0.0,At the intersection, ,0.0, ,0,0,0,0.0, , ,On-roadway,E02,Collision with Non-Motorist:Pedestrian, , , ,Collision with Non-Motorist:Pedestrian,Level,At Intersection,Not Applicable,Daylight,Dry,Clear, , ,1,Straight,1.0, ,DR3447,ELITC, , , ,1.0,1.0,1.0,0.0,0.0,0.0,1.0,0.0,0.0,0.0,0.0,1.0,1.0,0.0,0.0,0.0,Y,Motorvehicle; Scooter,Y, , , ,1.0, , , , ,0.0,Making right turn,East,No contributing action,No apparent contributing factor,North,Cross/enter at intersection,Other factor,1.0,Y, ,2,Tuesday,08
978540,2024-027809,39.76697676,-104.97334892,2024-06-26,2026-04-19 17:18:00,DENVER,DENVER,DPD,2-233S, ,Pedestrian,Pedestrian,0,0,0,0,1.0,0,0,0, DOWNING,E 36TH AVE, DOWNING & E 36TH AVE,0.0,At the intersection,S,0.0, ,0,0,0,0.0, , ,On-roadway,S01,Collision with Non-Motorist:Pedestrian, , , ,Collision with Non-Motorist:Pedestrian,Level,At Intersection,Not Applicable,Daylight,Dry,Clear, , ,0,Straight,1.0, ,DR3447,A0036, , , ,1.0,0.0,0.0,0.0,0.0,0.0,1.0,0.0,0.0,0.0,0.0,1.0,0.0,0.0,0.0,0.0,Y,Motorvehicle; Scooter,Y, , , ,1.0, , , , ,0.0,Going straight,South,No contributing action,No apparent contributing factor,West,Other,No apparent contributing factor,1.0,Y, ,2,Wednesday,17
978734,2024-027957,39.73690733,-105.01234628,2024-06-28,2026-04-19 00:34:00,DENVER,DENVER,DPD,3/153S, ,Pedestrian,Pedestrian,0,1,0,0,2.0,0,0,0,W 13TH AVE,N UMATILLA ST,W 13TH AVE & N UMATILLA ST,0.0,At the intersection,S,0.0, ,0,0,0,0.0, , ,On-roadway,S01,Collision with Non-Motorist:Pedestrian,Collision with Non-Motorist:Pedestrian, , ,Collision with Non-Motorist:Pedestrian,Level,At Intersection,Not Applicable,Dark-Lighted,Dry,Clear, , ,0,Straight,1.0, ,DR3447,UMATI, , , ,1.0,2.0,0.0,1.0,0.0,0.0,2.0,0.0,0.0,0.0,0.0,2.0,0.0,1.0,0.0,0.0,Y,Motorvehicle; Scooter,Y, , , ,1.0,Making right turn,East,No contributing action,Other factor,30.0, , , , ,East; East,Other; Other,Other factor; Other factor,1.0,Y, ,2,Friday,00
979124,2024-028122,39.74394983,-105.02547544,2024-06-28,2026-04-19 11:25:00,DENVER,DENVER,DPD,3-161D, ,Pedestrian,Pedestrian,0,1,0,0,1.0,0,0,0,W 17TH AVE,N FEDERAL BLVD,W 17TH AVE & N FEDERAL BLVD,50.0,Feet,W,0.0, ,0,0,0,0.0, , ,On-roadway,W01,Collision with Non-Motorist:Pedestrian,Collision with Other Vehicle:Parked Motor Vehicle, , ,Collision with Non-Motorist:Pedestrian,Level,Non-intersection,Not Applicable,Dark-Lighted,Dry,Clear, , ,1,Straight,1.0, ,DR3447,FEDER, , , ,1.0,2.0,0.0,1.0,0.0,0.0,1.0,0.0,0.0,0.0,0.0,1.0,0.0,1.0,0.0,0.0,Y,Motorvehicle; Scooter,Y, , , ,1.0, , , , ,0.0,Parked,West,No contributing action,No apparent contributing factor,West,Other,Other factor,1.0,Y, ,2,Friday,11
979468,2024-028284,39.77247101,-104.9405091,2024-06-30,2026-04-19 02:35:00,DENVER,DENVER,DPD,3/252A, ,Pedestrian,Pedestrian,0,1,0,0,1.0,0,0,0, COLORADO BLVD,E 40TH AVE, COLORADO BLVD & E 40TH AVE,150.0,Feet,S,8.0, ,0,1,0,0.0,At the milepoint, ,On-roadway,N01,Collision with Non-Motorist:Pedestrian, , , ,Collision with Non-Motorist:Pedestrian,Level,Non-intersection,Not Applicable,Dark-Lighted,Dry,Clear, ,2,1,Straight,1.0, ,DR3447, , , , ,1.0,3.0,0.0,0.0,1.0,0.0,1.0,0.0,0.0,0.0,0.0,1.0,0.0,0.0,1.0,0.0,Y,Motorvehicle; Scooter,Y, , , ,1.0, , , , ,0.0,Going straight,North,No contributing action,No apparent contributing factor,North,Other,Under the influence of alcohol/drugs,1.0,Y, ,2,Sunday,02
980441,2024-028998,39.73685861,-104.99293904,2024-06-24,2026-04-19 09:31:00,DENVER,DENVER,DPD,1 / 601A, ,Pedestrian,Pedestrian,0,1,0,0,1.0,0,0,0,W 13TH AVE,N DELAWARE ST,W 13TH AVE & N DELAWARE ST,0.0,At the intersection,E,0.0, ,0,0,0,0.0, , ,On-roadway, ,Collision with Non-Motorist:Pedestrian, , , ,Collision with Non-Motorist:Pedestrian,Level,At Intersection,Not Applicable,Daylight,Dry,Clear, , ,0,Straight,1.0, ,DR3447,DELAW, , , ,1.0,1.0,1.0,0.0,0.0,0.0,1.0,0.0,0.0,0.0,0.0,1.0,1.0,0.0,0.0,0.0,Y,Motorvehicle; Scooter,Y, , , ,1.0,Making right turn,West,Failed to yield row,Driver unfamiliar with area,25.0, , , , ,West,No contributing action,No apparent contributing factor,1.0,Y, ,2,Monday,09
980454,2024-029004,39.71479865,-104.99856551,2024-06-30,2026-04-19 13:22:00,DENVER,DENVER,DPD,1/314A, ,Pedestrian,Pedestrian,0,1,0,0,1.0,0,0,0,W BAYAUD AVE,S SANTA FE DR,W BAYAUD AVE & S SANTA FE DR,0.0,Feet,SW,210.0, ,0,1,0,0.5,Miles,N,On-roadway, ,Collision with Non-Motorist:Pedestrian, , , ,Collision with Non-Motorist:Pedestrian,Level,At Intersection,Not Applicable,Daylight,Dry,Clear, ,US 8,0,Straight,1.0, ,DR3447,SANTA, , , ,1.0,2.0,0.0,1.0,0.0,0.0,1.0,0.0,0.0,0.0,0.0,1.0,0.0,1.0,0.0,0.0,Y,Motorvehicle; Scooter,Y, , , ,1.0,Making left turn,East,Careless driving,Not observed,35.0, , , , ,South,Cross/enter at intersection,No apparent contributing factor,1.0,Y, ,2,Sunday,13
980836,2024-029230,39.75867379,-104.97822737,2024-07-04,2026-04-19 17:00:00,DENVER,DENVER,DPD,2/231S,1,Pedestrian,Pedestrian,0,1,0,0,1.0,0,0,0,29TH ST,CHAMPA ST,29TH ST & CHAMPA ST,0.0,At the intersection, ,0.0, ,0,0,0,0.0, , ,On-roadway, ,Collision with Non-Motorist:Pedestrian, , , ,Collision with Non-Motorist:Pedestrian,Level,At Intersection,Not Applicable,Daylight,Dry,Clear, , ,0,Straight,1.0, ,DR3447,CHAMP, , , ,1.0,2.0,0.0,1.0,0.0,0.0,0.0,0.0,0.0,0.0,0.0,1.0,0.0,1.0,0.0,0.0,Y,Motorvehicle; Scooter,Y, , , ,1.0,Making right turn,Southeast,Careless driving,Not observed,20.0, , , , ,Northeast,Cross/enter at intersection,Other factor,1.0,Y, ,3,Thursday,17
981447,2024-029599,39.75507828,-104.98810094,2024-07-06,2026-04-19 00:04:00,DENVER,DENVER,DPD,2/631B, ,Pedestrian,Pedestrian,0,1,0,0,1.0,0,0,0,PARK AVE W,LAWRENCE ST,PARK AVE W & LAWRENCE ST,0.0,At the intersection,N,0.0, ,0,0,0,0.0, , ,On-roadway,N01,Collision with Non-Motorist:Pedestrian, , , ,Collision with Non-Motorist:Pedestrian,Level,At Intersection,Not Applicable,Dark-Lighted,Dry,Clear, , ,1,Straight,1.0, ,DR3447,LAWRE, , , ,1.0,2.0,0.0,1.0,0.0,0.0,2.0,0.0,0.0,0.0,0.0,1.0,0.0,1.0,0.0,0.0,Y,Motorvehicle; Scooter,Y, , , ,1.0, , , , ,0.0,Going straight,Northeast,No contributing action,No apparent contributing factor,Southeast,Failure to yield right-of-way; Traveling along roadway against traffic (in or adjacent to travel lane),Looked/did not see,1.0,Y, ,3,Saturday,00
981948,2024-029906,39.73043583,-104.97758577,2024-07-07,2026-04-19 18:39:00,DENVER,DENVER,DPD,3/663G, ,Pedestrian,Pedestrian,0,1,0,0,1.0,0,0,0,E 9TH AVE,N CLARKSON ST,E 9TH AVE & N CLARKSON ST,0.0,At the intersection,N,0.0, ,0,0,0,0.0, , ,On-roadway,N01,Collision with Non-Motorist:Pedestrian, , , ,Collision with Non-Motorist:Pedestrian,Level,At Intersection,Not Applicable,Dark-Lighted,Dry,Clear, , ,0,Straight,1.0, ,DR3447,CLARK, , , ,1.0,1.0,1.0,0.0,0.0,0.0,2.0,0.0,0.0,0.0,0.0,1.0,1.0,0.0,0.0,0.0,Y,Motorvehicle; Scooter,Y, , , ,1.0, , , , ,0.0,Going straight,North,No contributing action,No apparent contributing factor,West,Failure to yield right-of-way,Other factor,1.0,Y, ,3,Sunday,18
982448,2024-030196,39.75443957,-105.00644263,2024-07-09,2026-04-19 13:45:00,DENVER,DENVER,DPD,Detail 1, ,Pedestrian,Pedestrian,0,1,0,0,1.0,0,0,0,LITTLE RAVEN ST,15TH ST,LITTLE RAVEN ST & 15TH ST,40.0,Feet,N,0.0, ,0,0,0,0.0, , ,On-roadway,S01,Collision with Non-Motorist:Pedestrian, , , ,Collision with Non-Motorist:Pedestrian,Level,Non-intersection,Not Applicable,Daylight,Dry,Clear, , ,1, ,1.0, ,DR3447,S0015, , , ,1.0,2.0,0.0,1.0,0.0,0.0,1.0,0.0,0.0,0.0,0.0,1.0,0.0,1.0,0.0,0.0,Y,Motorvehicle; Scooter,Y, , , ,1.0, , , , ,0.0,Going straight,Southwest,No contributing action,No apparent contributing factor,Northeast,Other,Other factor,1.0,Y, ,3,Tuesday,13
1110312,2024-030658,39.69249686,-105.05320907,2024-07-17,2026-04-19 14:39:00,DENVER,DENVER,DPD,1/479A, ,Pedestrian,Pedestrian,0,0,0,0,0.0,0,0,0, SHERIDAN BLVD,W WYOMING PL, SHERIDAN BLVD & W WYOMING PL,0.0, , ,2.72, ,0,1,0,0.0,At the milepoint, ,On-roadway,W01,Collision with Non-Motorist:Pedestrian, , , ,Collision with Non-Motorist:Pedestrian,Level,At Intersection,Not Applicable,Daylight,Dry,Clear, ,95A,1,Straight,2.0, ,DR3447, , , , ,1.0,0.0,0.0,0.0,0.0,0.0,1.0,0.0,0.0,0.0,0.0,1.0,0.0,0.0,0.0,0.0,Y,Motorvehicle; Scooter,Y, , , ,1.0, , , , ,0.0,Stopped in traffic,West,No contributing action,No apparent contributing factor,South,Cross/enter at intersection,Aggressive,1.0,,Y,3,Wednesday,14
1110390,2024-030725,39.73043823,-104.98258007,2024-06-21,2026-04-19 18:40:00,DENVER,DENVER,DPD,1 / 601A,1,Pedestrian,Pedestrian,0,1,0,0,1.0,0,0,0,E 9TH AVE,N LOGAN ST,E 9TH AVE & N LOGAN ST,50.0,Feet,W,0.0, ,0,0,0,0.0, , ,On-roadway, ,Collision with Non-Motorist:Pedestrian, , , ,Collision with Non-Motorist:Pedestrian,Level,Crossover Related,Not Applicable,Dawn or Dusk,Dry,Clear, , ,0,Straight,1.0, ,DR3447,LOGAN, , , ,1.0,1.0,1.0,0.0,0.0,0.0,1.0,0.0,0.0,0.0,0.0,1.0,1.0,0.0,0.0,0.0,Y,Motorvehicle; Scooter,Y, , , ,1.0,Going straight,South,Unknown,Unknown,99.0, , , , ,West,No contributing action,No apparent contributing factor,1.0,Y, ,2,Friday,18
1110410,2024-030734,39.74038176,-104.98738753,2024-07-13,2026-04-19 13:45:00,DENVER,DENVER,DPD,2 / CRT33,2,Pedestrian,Pedestrian,0,1,0,0,1.0,0,0,0, BROADWAY ST,E COLFAX AVE, BROADWAY ST & E COLFAX AVE,100.0,Feet,N,0.0, ,0,0,0,0.0, , ,On-roadway,N04,Collision with Non-Motorist:Pedestrian, , , ,Collision with Non-Motorist:Pedestrian,Level,Non-intersection,Not Applicable,Daylight,Dry,Clear, , ,1,Straight,1.0, ,DR3447,COLFA, , , ,1.0,2.0,0.0,1.0,0.0,0.0,1.0,0.0,0.0,0.0,0.0,1.0,0.0,1.0,0.0,0.0,Y,Motorvehicle; Scooter,Y, , , ,1.0,Going straight,North,Careless driving,Unknown,30.0, , , , ,North,No contributing action,No apparent contributing factor,1.0,Y, ,3,Saturday,13
1110700,2024-030907,39.72406727,-105.05309622,2024-07-19,2026-04-19 19:57:00,DENVER,DENVER,DPD,2/431A, ,Pedestrian,Pedestrian,0,1,0,0,1.0,0,0,0,W 5TH AVE,N SHERIDAN BLVD,W 5TH AVE & N SHERIDAN BLVD,10.0,Feet,E,5.0, ,0,1,0,0.25,Miles,S,On-roadway,N03,Collision with Non-Motorist:Pedestrian, , , ,Collision with Non-Motorist:Pedestrian,Level,At Intersection,Not Applicable,Dawn or Dusk,Dry,Cloudy, ,95,1,Straight,1.0, ,DR3447, , , , ,1.0,3.0,0.0,0.0,1.0,0.0,1.0,0.0,0.0,0.0,0.0,1.0,0.0,0.0,1.0,0.0,Y,Motorvehicle; Scooter,Y, , , ,1.0,Making right turn,West,Careless driving; Failed to yield row,Driver inexperience; Looked/did not see,25.0, , , , ,South,Cross/enter at intersection,No apparent contributing factor,1.0,Y, ,3,Friday,19
1111214,2024-031175,39.74291429,-104.99165337,2024-07-18,2026-04-19 00:37:00,DENVER,DENVER,DPD,6/655S, ,Pedestrian,Pedestrian,0,1,0,0,1.0,0,0,0,15TH ST,GLENARM PL,15TH ST & GLENARM PL,0.0, , ,0.0, ,0,0,0,0.0, , ,On-roadway,N01,Collision with Non-Motorist:Pedestrian, , , ,Collision with Non-Motorist:Pedestrian,Level,At Intersection,Not Applicable,Dark-Lighted,Dry,Clear, , ,0, ,1.0, ,DR3447,GLENA, , , ,1.0,2.0,0.0,1.0,0.0,0.0,1.0,0.0,0.0,0.0,0.0,1.0,0.0,1.0,0.0,0.0,Y,Motorvehicle; Scooter,Y, , , ,1.0,Making left turn,Northeast,Careless driving; Failed to yield row,Distracted/other interior,30.0, , , , ,Southwest,No contributing action,No apparent contributing factor,1.0,Y, ,3,Thursday,00
1111235,2024-031187,39.71803543,-104.95451685,2024-07-18,2026-04-19 15:32:00,DENVER,DENVER,DPD,02/332C, ,Pedestrian,Pedestrian,0,1,0,0,1.0,0,0,0,E 1ST AVE,N DETROIT ST,E 1ST AVE & N DETROIT ST,30.0,Feet,E,0.0, ,0,0,0,0.0, , ,On-roadway,E03,Collision with Non-Motorist:Pedestrian, , , ,Collision with Non-Motorist:Pedestrian,Level,Non-intersection,Not Applicable,Daylight,Dry,Clear, , ,1,Straight,1.0, ,DR3447,DETRO, , , ,1.0,2.0,0.0,1.0,0.0,0.0,1.0,0.0,0.0,0.0,0.0,1.0,0.0,1.0,0.0,0.0,Y,Motorvehicle; Scooter,Y, , , ,1.0,Going straight,East,Followed too closely,Looked/did not see,30.0, , , , ,East,No contributing action; Traveling along roadway with traffic (in or adjacent to travel lane),No apparent contributing factor,1.0,Y, ,3,Thursday,15
1215525,2024-031318,39.74020412,-104.99890923,2024-07-20,2026-04-19 14:42:00,DENVER,DENVER,DPD,D2/636S, ,Pedestrian,Pedestrian,0,1,0,0,1.0,0,0,0,W COLFAX AVE,N SPEER BLVD,W COLFAX AVE & N SPEER BLVD,0.0,At the intersection,E,0.0, ,0,1,0,0.0, , ,On-roadway,W03,Collision with Non-Motorist:Pedestrian, , , ,Collision with Non-Motorist:Pedestrian,Level,At Intersection,Not Applicable,Daylight,Dry,Clear, , ,1,Straight,1.0, ,DR3447, , , , ,1.0,1.0,1.0,0.0,0.0,0.0,0.0,0.0,0.0,0.0,0.0,1.0,1.0,0.0,0.0,0.0,Y,Motorvehicle; Scooter,Y, , , ,1.0, , , , ,0.0,Going straight,West,No contributing action,No apparent contributing factor,West,Traveling along roadway with traffic (in or adjacent to travel lane),Other factor,1.0,Y, ,3,Saturday,14
1215805,2024-031475,39.74027908,-105.02985863,2024-07-20,2026-04-19 02:50:00,DENVER,DENVER,DPD,3-161D,2,Pedestrian,Pedestrian,0,0,0,0,1.0,0,0,0, IRVING ST,W COLFAX AVE, IRVING ST & W COLFAX AVE,0.0,At the intersection, ,295.0, ,0,1,0,0.5,Miles,W,On-roadway,W02,Collision with Non-Motorist:Pedestrian, , , ,Collision with Non-Motorist:Pedestrian,Level,At Intersection,Not Applicable,Dark-Lighted,Dry,Clear, ,40,0,Straight,1.0, ,DR3447, , , , ,1.0,0.0,0.0,0.0,0.0,0.0,1.0,0.0,0.0,0.0,0.0,1.0,0.0,0.0,0.0,0.0,Y,Motorvehicle; Scooter,Y, , , ,1.0,Making right turn,South,Unknown,Unknown,99.0, , , , ,West,Other,No apparent contributing factor,1.0,Y, ,3,Saturday,02
1216443,2024-031875,39.71119525,-104.99714101,2024-07-25,2026-04-19 15:51:00,DENVER,DENVER,DPD,02/332C, ,Pedestrian,Pedestrian,0,0,0,0,0.0,0,0,0, SANTA FE DR,W ALAMEDA AVE, SANTA FE DR & W ALAMEDA AVE,0.0,At the intersection,W,0.0, ,0,0,0,0.0, , ,On-roadway,E02,Collision with Non-Motorist:Pedestrian, , , ,Collision with Non-Motorist:Pedestrian,Level,At Intersection,Not Applicable,Daylight,Dry,Clear, , ,0,Straight,2.0, ,DR3447,ALAME, , , ,1.0,0.0,0.0,0.0,0.0,0.0,1.0,0.0,0.0,0.0,0.0,1.0,0.0,0.0,0.0,0.0,Y,Motorvehicle; Scooter,Y, , , ,1.0, , , , ,0.0,Going straight,East,No contributing action,No apparent contributing factor,South,Cross/enter at intersection,Unknown,1.0,Y, ,3,Thursday,15
1217290,2024-032352,39.71121121,-104.99952193,2024-07-22,2026-04-19 21:25:00,DENVER,DENVER,DPD,3/351B,1,Pedestrian,Pedestrian,0,1,0,0,1.0,0,0,0,I-25 SB OFF RAMP,W ALAMEDA AVE,I-25 SB OFF RAMP & W ALAMEDA AVE,0.0,At the intersection,S,0.0, ,0,1,0,0.0, , ,On-roadway, ,Collision with Non-Motorist:Pedestrian, , , ,Collision with Non-Motorist:Pedestrian,Uphill,At Intersection,Not Applicable,Dark-Lighted,Dry,Clear, ,25,0,Straight,1.0, ,DR3447, , , , ,1.0,2.0,0.0,1.0,0.0,0.0,0.0,0.0,0.0,0.0,0.0,1.0,0.0,1.0,0.0,0.0,Y,Motorvehicle; Scooter,Y, , , ,1.0,Going straight,South,Unknown,Unknown,99.0, , , , ,East,No contributing action,Unknown,1.0,Y, ,3,Monday,21
1217801,2024-032650,39.66503998,-105.02514117,2024-07-08,2026-04-19 17:15:00,DENVER,DENVER,DPD,2/443B, ,Pedestrian,Pedestrian,0,1,0,0,1.0,0,0,0, FEDERAL BLVD,W AMHERST AVE, FEDERAL BLVD & W AMHERST AVE,50.0,Feet,S,5.0, ,0,1,0,200.0,Feet,S,On-roadway,S01,Collision with Non-Motorist:Pedestrian, , , ,Collision with Non-Motorist:Pedestrian,Level,At Intersection,Not Applicable,Daylight,Dry,Clear, ,88,2, ,1.0, ,DR3447, , , , ,1.0,3.0,0.0,0.0,1.0,0.0,1.0,0.0,0.0,0.0,0.0,1.0,0.0,0.0,1.0,0.0,Y,Motorvehicle; Scooter,Y, , , ,1.0,Going straight,South,No contributing action,No apparent contributing factor,40.0, , , , ,East,Failure to yield right-of-way,"Not visible (dark clothing, no lighting, etc)",1.0,Y, ,3,Monday,17
1217926,2024-032736,39.68568583,-104.94082479,2024-07-31,2026-04-19 22:25:00,DENVER,DENVER,DPD,3/356S, ,Pedestrian,Pedestrian,0,1,0,0,1.0,0,0,0, COLORADO BLVD,E MEXICO AVE, COLORADO BLVD & E MEXICO AVE,0.0,At the intersection, ,2.0, ,0,1,0,1000.0,Feet,N,On-roadway,S04,Collision with Non-Motorist:Pedestrian, , , ,Collision with Non-Motorist:Pedestrian,Level,At Intersection,Not Applicable,Dark-Lighted,Dry,Clear, ,2,0,Straight,1.0, ,DR3447, , , , ,1.0,2.0,0.0,1.0,0.0,0.0,1.0,0.0,0.0,0.0,0.0,1.0,0.0,1.0,0.0,0.0,Y,Motorvehicle; Scooter,Y, , , ,1.0,Going straight,South,No contributing action,No apparent contributing factor,35.0, , , , ,West,"Failure to obey traffic signs, signals, or officer",No apparent contributing factor,1.0,Y, ,3,Wednesday,22
1218123,2024-032876,39.73686645,-104.99164914,2024-07-31,2026-04-19 16:40:00,DENVER,DENVER,DPD,2/646S, ,Pedestrian,Pedestrian,0,1,0,0,1.0,0,0,0,W 13TH AVE,N CHEROKEE ST,W 13TH AVE & N CHEROKEE ST,3.0,Feet,N,0.0, ,0,0,0,0.0, , ,On-roadway,N02,Collision with Non-Motorist:Pedestrian, , , ,Collision with Non-Motorist:Pedestrian,Level,At Intersection,Not Applicable,Daylight,Dry,Clear, , ,1,Straight,1.0, ,DR3447,CHERO, , , ,1.0,2.0,0.0,1.0,0.0,0.0,1.0,0.0,0.0,0.0,0.0,1.0,0.0,1.0,0.0,0.0,Y,Motorvehicle; Scooter,Y, , , ,1.0,Making right turn,West,Failed to yield row,Looked/did not see,20.0, , , , ,West,Cross/enter at intersection,No apparent contributing factor,1.0,Y, ,3,Wednesday,16
1218161,2024-032898,39.7554915,-104.99104644,2024-05-03,2026-04-19 06:00:00,DENVER,DENVER,DPD,Detail 1,2,Pedestrian,Pedestrian,0,0,0,0,1.0,0,0,0,22ND ST,MARKET ST,22ND ST & MARKET ST,0.0,At the intersection,E,0.0, ,0,0,0,0.0, , ,On-roadway,E04,Collision with Non-Motorist:Pedestrian, , , ,Collision with Non-Motorist:Pedestrian,Level,At Intersection,Not Applicable,Dawn or Dusk,Dry,Clear, , ,0,Straight,1.0, ,DR3447,MARKE, , , ,1.0,0.0,0.0,0.0,0.0,0.0,1.0,0.0,0.0,0.0,0.0,1.0,0.0,0.0,0.0,0.0,Y,Motorvehicle; Scooter,Y, , , ,1.0, , , , ,0.0,Going straight,Southeast,No contributing action,Other factor,Northeast,"Failure to obey traffic signs, signals, or officer",No apparent contributing factor,1.0,Y, ,2,Friday,06
1218210,2024-032924,39.68025531,-104.95793127,2024-07-24,2026-04-19 11:34:00,DENVER,DENVER,DPD,1/379D,1,Pedestrian,Pedestrian,0,0,0,0,1.0,0,0,0, JOSEPHINE ST,E ASBURY AVE, JOSEPHINE ST & E ASBURY AVE,0.0,At the intersection, ,0.0, ,0,0,0,0.0, , ,On-roadway, ,Collision with Non-Motorist:Pedestrian, , , ,Collision with Non-Motorist:Pedestrian,Level,At Intersection,Not Applicable,Daylight,Dry,Clear, , ,0,Straight,1.0, ,DR3447,ASBUR, , , ,1.0,0.0,0.0,0.0,0.0,0.0,1.0,0.0,0.0,0.0,0.0,1.0,0.0,0.0,0.0,0.0,Y,Motorvehicle; Scooter,Y, , , ,1.0,Making u-turn,North,Improper turn,Looked/did not see,25.0, , , , ,West,No contributing action,Unknown,1.0,Y, ,3,Wednesday,11
1218356,2024-033016,39.73686387,-104.99647261,2024-07-13,2026-04-19 03:23:00,DENVER,DENVER,DPD,3/ 122,1,Pedestrian,Pedestrian,0,1,0,0,1.0,0,0,0, SPEER BLVD,W 13TH AVE, SPEER BLVD & W 13TH AVE,0.0,Feet,N,0.0, ,0,0,0,0.0, , ,On-roadway,S01,Collision with Non-Motorist:Pedestrian, , , ,Collision with Non-Motorist:Pedestrian,Level,At Intersection,Not Applicable,Dark-Lighted,Dry,Clear, , ,0,Straight,1.0, ,DR3447,A0013, , , ,1.0,2.0,0.0,1.0,0.0,0.0,1.0,0.0,0.0,0.0,0.0,1.0,0.0,1.0,0.0,0.0,Y,Motorvehicle; Scooter,Y, , , ,1.0, , , , ,0.0,Going straight,South,No contributing action,No apparent contributing factor,West,Cross/enter at intersection,Other factor,1.0,Y, ,3,Saturday,03
1218363,2024-033020,39.74752469,-104.98720219,2024-08-03,2026-04-19 02:00:00,DENVER,DENVER,DPD,2/601B, ,Pedestrian,Pedestrian,0,0,0,0,0.0,0,0,0,20TH AVE,WELTON ST,20TH AVE & WELTON ST,0.0, , ,0.0, ,0,0,0,0.0, , ,On-roadway,W03,Collision with Non-Motorist:Pedestrian, , , ,Collision with Non-Motorist:Pedestrian,Level,At Intersection,Not Applicable,Dark-Lighted,Dry,Clear, , ,0,Straight,2.0, ,DR3447,WELTO, , , ,1.0,0.0,0.0,0.0,0.0,0.0,1.0,0.0,0.0,0.0,0.0,1.0,0.0,0.0,0.0,0.0,Y,Motorvehicle; Scooter,Y, , , ,1.0, , , , ,0.0,Making right turn,West,No contributing action,No apparent contributing factor,West,Cross/enter at intersection,Unknown,1.0,Y, ,3,Saturday,02
1218394,2024-033038,39.74034324,-105.03337268,2024-08-01,2026-04-19 22:13:00,DENVER,DENVER,DPD,3/ 162F,2,Pedestrian,Pedestrian,0,0,0,0,2.0,0,0,0,W COLFAX AVE,N KING ST,W COLFAX AVE & N KING ST,15.0,Feet,N,295.6, ,0,1,0,15.0,Feet,SE,On-roadway,S01,Collision with Non-Motorist:Pedestrian,Collision with Non-Motorist:Pedestrian, , ,Collision with Non-Motorist:Pedestrian,Level,At Intersection,Not Applicable,Dark-Lighted,Dry,Clear, ,040C,0,Straight,1.0, ,DR3447, , , , ,1.0,0.0,0.0,0.0,0.0,0.0,1.0,0.0,0.0,0.0,0.0,2.0,0.0,0.0,0.0,0.0,Y,Motorvehicle; Scooter,Y, , , ,1.0,Making left turn,North,Careless driving,Unknown,25.0, , , , ,East; East,No contributing action; No contributing action,Looked/did not see; Looked/did not see,1.0,Y, ,3,Thursday,22
1218826,2024-033327,39.76633512,-104.97334391,2024-07-30,2026-04-19 09:00:00,DENVER,DENVER,DPD,1-CRT64,1,Pedestrian,Pedestrian,0,1,0,0,1.0,0,0,0, DOWNING ST,35TH ST, DOWNING ST & 35TH ST,100.0,Feet,N,0.0, ,0,0,0,0.0, , ,On-roadway, ,Collision with Non-Motorist:Pedestrian, , , ,Collision with Non-Motorist:Pedestrian,Level,Non-intersection,Not Applicable,Daylight,Dry,Clear, , ,0,Straight,1.0, ,DR3447,S0035, , , ,1.0,2.0,0.0,1.0,0.0,0.0,1.0,0.0,0.0,0.0,0.0,1.0,0.0,1.0,0.0,0.0,Y,Motorvehicle; Scooter,Y, , , ,1.0,Going straight,North,Unknown,Unknown,99.0, , , , ,North,Traveling along roadway with traffic (in or adjacent to travel lane),No apparent contributing factor,1.0,Y, ,3,Tuesday,09
1218879,2024-033350,39.74879055,-104.99444875,2024-07-12,2026-04-19 23:23:00,DENVER,DENVER,DPD,6/652B,1,Pedestrian,Pedestrian,0,1,0,0,1.0,0,0,0,17TH ST,ARAPAHOE ST,17TH ST & ARAPAHOE ST,0.0,Feet,E,0.0, ,0,0,0,0.0, , ,On-roadway,E01,Collision with Non-Motorist:Pedestrian, , , ,Collision with Non-Motorist:Pedestrian,Level,At Intersection,Not Applicable,Dark-Lighted,Dry,Clear, , ,0,Straight,1.0, ,DR3447,ARAPA, , , ,1.0,2.0,0.0,1.0,0.0,0.0,1.0,0.0,0.0,0.0,0.0,1.0,0.0,1.0,0.0,0.0,Y,Motorvehicle; Scooter,Y, , , ,1.0,Going straight,Southeast,Careless driving,Unknown,30.0, , , , ,Northeast,Cross/enter at intersection,No apparent contributing factor,1.0,Y, ,3,Friday,23
1219555,2024-033714,39.7113915,-104.98756896,2024-08-07,2026-04-19 15:09:00,DENVER,DENVER,DPD,2-331S, ,Pedestrian,Pedestrian,0,1,0,0,1.0,0,0,0, BROADWAY ST,ALAMEDA AVE, BROADWAY ST & ALAMEDA AVE,90.0,Feet,N,0.0, ,0,0,0,0.0, , ,On-roadway,S03,Collision with Non-Motorist:Pedestrian, , , ,Collision with Non-Motorist:Pedestrian,Level,Driveway Access Related,Not Applicable,Daylight,Dry,Clear, , ,0,Straight,1.0, ,DR3447,ALAME, , , ,1.0,2.0,0.0,1.0,0.0,0.0,1.0,0.0,0.0,0.0,0.0,1.0,0.0,1.0,0.0,0.0,Y,Motorvehicle; Scooter,Y, , , ,1.0, , , , ,0.0,Making left turn,South,Other contributing action,No apparent contributing factor,South,Other,Other factor,1.0,Y, ,3,Wednesday,15
1219664,2024-033781,39.72730178,-104.95902419,2024-08-06,2026-04-19 14:16:00,DENVER,DENVER,DPD,2 231A, ,Pedestrian,Pedestrian,0,1,0,0,1.0,0,0,0,E 7TH AVE PKWY,N JOSEPHINE ST,E 7TH AVE PKWY & N JOSEPHINE ST,0.0,At the intersection,N,0.0, ,0,0,0,0.0, , ,On-roadway,W01,Collision with Non-Motorist:Pedestrian, , , ,Collision with Non-Motorist:Pedestrian,Level,At Intersection,Not Applicable,Daylight,Dry,Clear, , ,1,Straight,1.0, ,DR3447,JOSEP, , , ,1.0,3.0,0.0,0.0,1.0,0.0,1.0,0.0,0.0,0.0,0.0,1.0,0.0,0.0,1.0,0.0,Y,Motorvehicle; Scooter,Y, , , ,1.0,Making right turn,West,Careless driving,Looked/did not see,25.0, , , , ,West,No contributing action,No apparent contributing factor,1.0,Y, ,3,Tuesday,14
1219686,2024-033793,39.73384875,-104.98613037,2024-08-06,2026-04-19 11:55:00,DENVER,DENVER,DPD,2/CRT61, ,Pedestrian,Pedestrian,0,1,0,0,1.0,0,0,0,E 11TH AVE,N LINCOLN ST,E 11TH AVE & N LINCOLN ST,0.0,At the intersection, ,0.0, ,0,0,0,0.0, , ,On-roadway, ,Collision with Non-Motorist:Pedestrian, , , ,Collision with Non-Motorist:Pedestrian,Level,At Intersection,Not Applicable,Daylight,Dry,Clear, , ,0,Straight,1.0, ,DR3447,LINCO, , , ,1.0,1.0,1.0,0.0,0.0,0.0,1.0,0.0,0.0,0.0,0.0,1.0,1.0,0.0,0.0,0.0,Y,Motorvehicle; Scooter,Y, , , ,1.0,Making left turn,East,Failed to yield row,Looked/did not see,35.0, , , , ,West,Cross/enter at intersection,No apparent contributing factor,1.0,Y, ,3,Tuesday,11
1219896,2024-033928,39.77288115,-104.94051078,2024-08-08,2026-04-19 19:22:00,DENVER,DENVER,DPD,2/ 233S, ,Pedestrian,Pedestrian,0,0,0,0,0.0,0,0,0,E 40TH AVE,N COLORADO BLVD,E 40TH AVE & N COLORADO BLVD,0.0,At the intersection,E,8.0, ,0,1,0,0.0,At the milepoint,E,On-roadway,W01,Collision with Non-Motorist:Pedestrian, , , ,Collision with Non-Motorist:Pedestrian,Level,At Intersection,Not Applicable,Dawn or Dusk,Dry,Clear, ,2,1,Straight,2.0, ,DR3447, , , , ,1.0,0.0,0.0,0.0,0.0,0.0,1.0,0.0,0.0,0.0,0.0,1.0,0.0,0.0,0.0,0.0,Y,Motorvehicle; Scooter,Y, , , ,1.0,Making right turn,West,No contributing action,No apparent contributing factor,30.0, , , , ,South,No contributing action,Unknown,1.0,Y, ,3,Thursday,19
1220193,2024-034106,39.75023737,-104.98739027,2024-08-07,2026-04-19 22:00:00,DENVER,DENVER,DPD,3/668S, ,Pedestrian,Pedestrian,0,1,0,0,2.0,0,0,0,BROADWAY ST,STOUT ST,BROADWAY ST & STOUT ST,0.0,At the intersection,E,0.0, ,0,0,0,0.0, , ,On-roadway,ERS,Collision with Non-Motorist:Pedestrian,Collision with Non-Motorist:Pedestrian, , ,Collision with Non-Motorist:Pedestrian,Level,At Intersection,Not Applicable,Dark-Lighted,Dry,Clear, , ,0,Curve Right,1.0, ,DR3447,STOUT, , , ,1.0,2.0,0.0,1.0,0.0,0.0,1.0,0.0,0.0,0.0,0.0,2.0,0.0,1.0,0.0,0.0,Y,Motorvehicle; Scooter,Y, , , ,1.0,Making right turn,East,Other contributing action,Not observed,30.0, , , , ,Unknown; Unknown,"No contributing action; Failure to obey traffic signs, signals, or officer; Other",No apparent contributing factor; Other factor,1.0,Y, ,3,Wednesday,22
1220837,2024-034479,39.73999895,-104.96608088,2024-08-09,2026-04-19 18:19:00,DENVER,DENVER,DPD,2/646S, ,Pedestrian,Pedestrian,0,1,0,0,1.0,0,0,0,E COLFAX AVE,N WILLIAMS ST,E COLFAX AVE & N WILLIAMS ST,25.0,Feet,W,0.0, ,0,1,0,0.0, , ,On-roadway, ,Collision with Non-Motorist:Pedestrian, , , ,Collision with Non-Motorist:Pedestrian,Level,Driveway Access Related,Not Applicable,Daylight,Dry,Clear, , ,0,Straight,1.0, ,DR3447, , , , ,1.0,2.0,0.0,1.0,0.0,0.0,1.0,0.0,0.0,0.0,0.0,1.0,0.0,1.0,0.0,0.0,Y,Motorvehicle; Scooter,Y, , , ,1.0, , , , ,0.0,Going straight,North,No contributing action,No apparent contributing factor,West,Failure to yield right-of-way,No apparent contributing factor,1.0,Y, ,3,Friday,18
1220909,2024-034523,39.6785113,-104.93451057,2024-08-08,2026-04-19 23:09:00,DENVER,DENVER,DPD,3/355S,1,Pedestrian,Pedestrian,0,1,0,0,1.0,0,0,0,I-25 SB OFF RAMP,E EVANS AVE,I-25 SB OFF RAMP & E EVANS AVE,0.0,At the intersection,E,203.0, ,0,1,0,10.0,Feet,S,On-roadway,E02,Collision with Non-Motorist:Pedestrian, , , ,Collision with Non-Motorist:Pedestrian,Level,At Intersection,Not Applicable,Dark-Lighted,Dry,Clear, ,25,0,Straight,1.0, ,DR3447,N, , , ,1.0,2.0,0.0,1.0,0.0,0.0,0.0,0.0,0.0,0.0,0.0,1.0,0.0,1.0,0.0,0.0,Y,Motorvehicle; Scooter,Y, , , ,1.0,Entering traffic way/merge,South,Disregarded other device/sign/markings,Not observed,35.0, , , , ,West,Cross/enter at intersection,No apparent contributing factor,1.0,Y, ,3,Thursday,23
1220914,2024-034525,39.74663276,-104.99381284,2024-08-02,2026-04-19 11:30:00,DENVER,DENVER,DPD,2/CRT61,1,Pedestrian,Pedestrian,0,1,0,0,1.0,0,0,0,CHAMPA ST,16TH ST,CHAMPA ST & 16TH ST,60.0,Feet,N,0.0, ,0,0,0,0.0, , ,On-roadway, ,Collision with Non-Motorist:Pedestrian,Collision with Object:Other non-Fixed Object, , ,Collision with Non-Motorist:Pedestrian,Level,Driveway Access Related,Not Applicable,Daylight,Dry,Clear, , ,0,Straight,2.0, ,DR3447,S0016, , , ,1.0,1.0,1.0,0.0,0.0,0.0,2.0,0.0,0.0,0.0,0.0,1.0,1.0,0.0,0.0,0.0,Y,Motorvehicle; Scooter,Y, , , ,2.0,Making right turn,Southeast,Careless driving,Aggressive driving,35.0,Going straight,Southwest,No contributing action,No apparent contributing factor,Southwest,No contributing action,No apparent contributing factor,1.0,Y, ,3,Friday,11
1221081,2024-034645,39.75134091,-104.99292856,2024-08-12,2026-04-19 10:20:00,DENVER,DENVER,DPD,1-CRT64, ,Pedestrian,Pedestrian,0,1,0,0,1.0,0,0,0,LAWRENCE ST,19TH ST,LAWRENCE ST & 19TH ST,0.0,At the intersection, ,0.0, ,0,0,0,0.0, , ,On-roadway, ,Collision with Non-Motorist:Pedestrian, , , ,Collision with Non-Motorist:Pedestrian,Level,At Intersection,Not Applicable,Daylight,Dry,Clear, , ,0,Straight,1.0, ,DR3447,19THS, , , ,1.0,3.0,0.0,0.0,1.0,0.0,2.0,0.0,0.0,0.0,0.0,1.0,0.0,0.0,1.0,0.0,Y,Motorvehicle; Scooter,Y, , , ,1.0, , , , ,0.0,Making right turn,Northeast,No contributing action,No apparent contributing factor,Southwest,"Failure to obey traffic signs, signals, or officer; Traveling along roadway against traffic (in or adjacent to travel lane)",No apparent contributing factor,1.0,Y, ,3,Monday,10
1221277,2024-034759,39.74198029,-104.99285852,2024-08-15,2026-04-19 14:49:00,DENVER,DENVER,DPD,2/631A, ,Pedestrian,Pedestrian,0,0,0,0,0.0,0,0,0,14TH ST,GLENARM,14TH ST & GLENARM,0.0,At the intersection, ,0.0, ,0,0,0,0.0, , ,On-roadway, ,Collision with Non-Motorist:Pedestrian, , , ,Collision with Non-Motorist:Pedestrian,Level,Crossover Related,Not Applicable,Daylight,Dry,Clear, , ,0,Straight,2.0, ,DR3447,GLENA, , , ,1.0,0.0,0.0,0.0,0.0,0.0,1.0,0.0,0.0,0.0,0.0,1.0,0.0,0.0,0.0,0.0,Y,Motorvehicle; Scooter,Y, , , ,1.0,Making right turn,Southeast,Improper turn,Looked/did not see,25.0, , , , ,Southeast,No contributing action,No apparent contributing factor,1.0,Y, ,3,Thursday,14
1221553,2024-034938,39.75198051,-105.0147427,2024-08-14,2026-04-19 16:29:00,DENVER,DENVER,DPD,2/143A, ,Pedestrian,Pedestrian,0,0,0,0,1.0,0,0,0,7TH ST,WATER ST,7TH ST & WATER ST,0.0,Feet,S,0.0, ,0,0,0,0.0, , ,On-roadway,W01,Collision with Non-Motorist:Pedestrian, , , ,Collision with Non-Motorist:Pedestrian,Level,At Intersection,Not Applicable,Daylight,Dry,Clear, , ,0,Straight,1.0, ,DR3447,WATER, , , ,1.0,0.0,0.0,0.0,0.0,0.0,4.0,0.0,0.0,0.0,0.0,1.0,0.0,0.0,0.0,0.0,Y,Motorvehicle; Scooter,Y, , , ,1.0,Making left turn,North,Failed to yield row,Looked/did not see,20.0, , , , ,East,Cross/enter at intersection,No apparent contributing factor,1.0,Y, ,3,Wednesday,16
1222000,2024-035169,39.74380484,-104.95477382,2024-08-15,2026-04-19 13:50:00,DENVER,DENVER,DPD,1, ,Pedestrian,Pedestrian,0,2,0,0,1.0,0,0,0, DETROIT ST,E 17TH AVE, DETROIT ST & E 17TH AVE,10.0,Feet,N,0.0, ,0,0,0,0.0, , ,On-roadway,E01,Collision with Non-Motorist:Pedestrian, , , ,Collision with Non-Motorist:Pedestrian,Level,At Intersection,Not Applicable,Daylight,Dry,Clear, , ,1,Straight,1.0, ,DR3447,A0017, , , ,1.0,2.0,0.0,2.0,0.0,0.0,1.0,0.0,1.0,0.0,0.0,1.0,0.0,1.0,0.0,0.0,Y,Motorvehicle; Scooter,Y, , , ,1.0,Making right turn,North,Disregard stop sign,No apparent contributing factor,30.0, , , , ,West,Cross/enter at intersection,No apparent contributing factor,1.0,Y, ,3,Thursday,13
1222704,2024-035629,39.72932072,-105.01398825,2024-08-16,2026-04-19 23:06:00,DENVER,DENVER,DPD,3-163B, ,Pedestrian,Pedestrian,0,0,0,0,2.0,0,0,0, WYANDOT ST,W 8TH AVE, WYANDOT ST & W 8TH AVE,0.0,At the intersection,N,0.0, ,1,0,0,0.0,At the milepoint,N,On-roadway,N01,Collision with Non-Motorist:Pedestrian,Collision with Non-Motorist:Pedestrian, , ,Collision with Non-Motorist:Pedestrian,Level,At Intersection,Not Applicable,Dark-Lighted,Dry,Clear, , ,1,Straight,1.0, ,DR3447,O, , , ,1.0,0.0,0.0,0.0,0.0,0.0,1.0,0.0,0.0,0.0,0.0,2.0,0.0,0.0,0.0,0.0,Y,Motorvehicle; Pedestrian; Scooter,Y, ,Y, ,1.0, , , , ,0.0,Going straight,North,No contributing action,Other factor; No apparent contributing factor,East; East,"Cross/enter at intersection; Failure to obey traffic signs, signals, or officer",Other factor; No apparent contributing factor,1.0,Y, ,3,Friday,23
1222992,2024-035759,39.62806135,-104.90691104,2024-08-21,2026-04-19 17:30:00,DENVER,DENVER,DPD,2/337S,1,Pedestrian,Pedestrian,0,2,0,0,2.0,0,0,0,E UNION AVE,S NEWPORT ST,E UNION AVE & S NEWPORT ST,0.0,At the intersection, ,0.0, ,0,0,0,0.0, , ,On-roadway,W01,Collision with Non-Motorist:Pedestrian,Collision with Non-Motorist:Pedestrian, , ,Collision with Non-Motorist:Pedestrian,Downhill,At Intersection,Not Applicable,Daylight,Dry,Cloudy, , ,0,Straight,1.0, ,DR3447,NEWPO, , , ,1.0,3.0,0.0,1.0,1.0,0.0,1.0,0.0,0.0,0.0,0.0,2.0,0.0,1.0,1.0,0.0,Y,Motorvehicle; Scooter,Y, , , ,1.0,Going straight,West,Unknown,Unknown,99.0, , , , ,North; North,Cross/enter at intersection; Cross/enter at intersection,Age/ability; Age/ability,1.0,Y, ,3,Wednesday,17
1223119,2024-035839,39.7765122,-105.00643418,2024-08-21,2026-04-19 16:37:00,DENVER,DENVER,DPD,2/131A, ,Pedestrian,Pedestrian,0,1,0,0,1.0,0,0,0, PECOS ST,W 44TH AVE, PECOS ST & W 44TH AVE,10.0,Feet,S,0.0, ,0,0,0,0.0, , ,On-roadway,N02,Collision with Non-Motorist:Pedestrian, , , ,Collision with Non-Motorist:Pedestrian,Level,At Intersection,Not Applicable,Daylight,Dry, , , ,0,Straight,1.0, ,DR3447,44THA, , , ,1.0,2.0,0.0,1.0,0.0,0.0,1.0,0.0,0.0,0.0,0.0,1.0,0.0,1.0,0.0,0.0,Y,Motorvehicle; Scooter,Y, , , ,1.0, , , , ,0.0,Going straight,North,No contributing action,No apparent contributing factor,East,Dart/dash,Unfamiliar with area,1.0,Y, ,3,Wednesday,16
1223495,2024-036023,39.7488,-104.99620082,2024-08-02,2026-04-19 08:13:00,DENVER,DENVER,DPD,1/611A,1,Pedestrian,Pedestrian,0,1,0,0,1.0,0,0,0,LAWRENCE ST,1600 BLK,1600 LAWRENCE ST,20.0,Feet,E,0.0, ,0,0,0,0.0, , ,On-roadway,N02,Collision with Non-Motorist:Pedestrian, , , ,Collision with Non-Motorist:Pedestrian,Level,Non-intersection,Not Applicable,Daylight,Dry,Clear, , ,0,Straight,1.0, ,DR3447,BLK, , , ,1.0,2.0,0.0,1.0,0.0,0.0,1.0,0.0,1.0,0.0,0.0,1.0,0.0,0.0,0.0,0.0,Y,Motorcycle; Scooter,Y,Y, , ,1.0, , , , ,0.0,Going straight,East,No contributing action,No apparent contributing factor,East,No contributing action,No apparent contributing factor,1.0,Y, ,3,Friday,08
1223602,2024-036092,39.7463827,-104.98890231,2024-08-23,2026-04-19 08:14:00,DENVER,DENVER,DPD,1-616S, ,Pedestrian,Pedestrian,0,0,0,0,0.0,0,0,0,18TH ST,WELTON ST,18TH ST & WELTON ST,0.0,At the intersection, ,0.0, ,0,0,0,0.0, , ,On-roadway,N01,Collision with Non-Motorist:Pedestrian, , , ,Collision with Non-Motorist:Pedestrian,Level,At Intersection,Not Applicable,Daylight,Dry,Clear, , ,0,Straight,2.0, ,DR3447,WELTO, , , ,1.0,0.0,0.0,0.0,0.0,0.0,1.0,0.0,0.0,0.0,0.0,1.0,0.0,0.0,0.0,0.0,Y,Motorvehicle; Scooter,Y, , , ,1.0, , , , ,0.0,Going straight,North,No contributing action,No apparent contributing factor,East,Other,Other factor,1.0,Y, ,3,Friday,08
1223686,2024-036140,39.75383684,-104.99617167,2024-06-28,2026-04-19 15:50:00,DENVER,DENVER,DPD,2 / Mall27,1,Pedestrian,Pedestrian,0,1,0,0,0.0,0,0,0,19TH ST,WAZEE ST,19TH ST & WAZEE ST,100.0,Feet,E,0.0, ,0,0,0,0.0, , ,On-roadway, ,Collision with Non-Motorist:Pedestrian, , , ,Collision with Non-Motorist:Pedestrian,Level,Driveway Access Related,Not Applicable,Daylight,Dry,Clear, , ,0,Straight,2.0, ,DR3447,WAZEE, , , ,1.0,2.0,0.0,1.0,0.0,0.0,1.0,0.0,0.0,0.0,0.0,1.0,0.0,1.0,0.0,0.0,Y,Motorvehicle; Scooter,Y, , , ,1.0,Going straight,North,Careless driving,Unknown,20.0, , , , ,East,No contributing action,No apparent contributing factor,1.0,Y, ,2,Friday,15
1223708,2024-036154,39.74870903,-104.99632029,2024-08-20,2026-04-19 18:24:00,DENVER,DENVER,DPD,2    632A, ,Pedestrian,Pedestrian,0,1,0,0,1.0,0,0,0,LAWRENCE ST,16TH ST,LAWRENCE ST & 16TH ST,100.0,Feet,N,0.0, ,0,0,0,0.0, , ,On-roadway, ,Collision with Non-Motorist:Pedestrian, , , ,Collision with Non-Motorist:Pedestrian,Level,Driveway Access Related,Not Applicable,Daylight,Dry,Clear, , ,0,Straight,1.0, ,DR3447,16THS, , , ,1.0,2.0,0.0,1.0,0.0,0.0,1.0,0.0,0.0,0.0,0.0,1.0,0.0,1.0,0.0,0.0,Y,Motorvehicle; Scooter,Y, , , ,1.0, , , , ,0.0,Going straight,Southwest,No contributing action,Looked/did not see,Southeast,Traveling on sidealk against traffic,Inexperience,1.0,Y, ,3,Tuesday,18
1224006,2024-036293,39.73112172,-105.03212732,2024-07-30,2026-04-19 13:00:00,DENVER,DENVER,DPD,1/CRT14, ,Pedestrian,Pedestrian,0,1,0,0,1.0,0,0,0, KNOX CT,W 9TH AVE, KNOX CT & W 9TH AVE,5.0,Feet,S,0.0, ,0,0,0,0.0, , ,On-roadway,N01,Collision with Non-Motorist:Pedestrian, , , ,Collision with Non-Motorist:Pedestrian,Downhill,Intersection Related,Not Applicable,Daylight,Dry,Clear, , ,0,Straight,1.0, ,DR3447,9THAV, , , ,1.0,3.0,0.0,0.0,1.0,0.0,2.0,0.0,0.0,0.0,0.0,1.0,0.0,0.0,1.0,0.0,Y,Motorvehicle; Scooter,Y, , , ,1.0,Going straight,North,No contributing action,No apparent contributing factor,30.0, , , , ,North,No contributing action,No apparent contributing factor,1.0,Y, ,3,Tuesday,13
1224023,2024-036300,39.79028913,-105.00642816,2024-08-22,2026-04-19 08:10:00,DENVER,DENVER,DPD,1 / 111C,2,Pedestrian,Pedestrian,0,0,0,0,1.0,0,0,0, PECOS ST,W BERKELEY PL, PECOS ST & W BERKELEY PL,0.0,At the intersection, ,0.0, ,0,0,0,0.0, , ,On-roadway, ,Collision with Non-Motorist:Pedestrian, , , ,Collision with Non-Motorist:Pedestrian,Level,At Intersection,Not Applicable,Daylight,Dry,Cloudy, , ,0,Straight,1.0, ,DR3447,BERKE, , , ,1.0,0.0,0.0,0.0,0.0,0.0,1.0,0.0,0.0,0.0,0.0,1.0,0.0,0.0,0.0,0.0,Y,Motorvehicle; Scooter,Y, , , ,1.0, , , , ,0.0,Making left turn,East,No contributing action,No apparent contributing factor,South,Traveling on sidealk against traffic,Other factor,1.0,Y, ,3,Thursday,08
1224039,2024-036302,39.74327313,-104.98233897,2024-08-10,2026-04-19 00:36:00,DENVER,DENVER,DPD,Power/ 661, ,Pedestrian,Pedestrian,0,1,0,0,1.0,0,0,0,E 17TH AVE,N LOGAN ST,E 17TH AVE & N LOGAN ST,0.0,At the intersection, ,0.0, ,0,0,0,0.0, , ,On-roadway, ,Collision with Non-Motorist:Pedestrian, , , ,Collision with Non-Motorist:Pedestrian,Level,At Intersection,Not Applicable,Dark-Lighted,Dry,Clear, , ,0,Straight,1.0, ,DR3447,LOGAN, , , ,1.0,2.0,0.0,1.0,0.0,0.0,1.0,0.0,0.0,0.0,0.0,1.0,0.0,1.0,0.0,0.0,Y,Motorvehicle; Scooter,Y, , , ,1.0, , , , ,0.0,Making left turn,East,Unknown,Unknown,West,Traveling along roadway against traffic (in or adjacent to travel lane),Unfamiliar with area,1.0,Y, ,3,Saturday,00
1224245,2024-036422,39.76719008,-104.99482546,2024-08-25,2026-04-19 21:05:00,DENVER,DENVER,DPD,3/112, ,Pedestrian,Pedestrian,0,1,0,0,1.0,0,0,0,I-25 NB ON RAMP,W PARK AVE,I-25 NB ON RAMP & W PARK AVE,0.0,At the intersection, ,213.0, ,1,0,0,0.0,At the milepoint, ,On-roadway,S01,Collision with Non-Motorist:Pedestrian, , , ,Collision with Non-Motorist:Pedestrian,Level,At Intersection,Not Applicable,Dark-Lighted,Wet,Rain, ,25,0,Straight,1.0, ,DR3447,O, , , ,1.0,2.0,0.0,1.0,0.0,0.0,1.0,0.0,0.0,0.0,0.0,1.0,0.0,1.0,0.0,0.0,Y,Motorvehicle; Scooter,Y, , , ,1.0, , , , ,0.0,Making left turn,West,No contributing action,Not observed,South,Dart/dash,Looked/did not see,1.0,,Y,3,Sunday,21
1224332,2024-036470,39.73833461,-104.9161566,2024-08-21,2026-04-19 15:04:00,DENVER,DENVER,DPD,02 / 242A,2,Pedestrian,Pedestrian,0,1,0,0,0.0,0,0,0,E 14TH AVE,KRAMERIA ST,E 14TH AVE & KRAMERIA ST,0.0,At the intersection, ,0.0, ,0,0,0,0.0, , ,On-roadway,E02,Collision with Non-Motorist:Pedestrian, , , ,Collision with Non-Motorist:Pedestrian,Level,At Intersection,Not Applicable,Daylight,Dry,Clear, , ,0,Straight,2.0, ,DR3447,KRAME, , , ,1.0,2.0,0.0,1.0,0.0,0.0,1.0,0.0,0.0,0.0,0.0,1.0,0.0,1.0,0.0,0.0,Y,Motorvehicle; Scooter,Y, , , ,1.0,Going straight,East,Careless driving,Unknown,30.0, , , , ,East,No contributing action,No apparent contributing factor,1.0,Y, ,3,Wednesday,15
1224377,2024-036492,39.73846112,-104.99797063,2024-08-23,2026-04-19 12:50:00,DENVER,DENVER,DPD,"02, 143A", ,Pedestrian,Pedestrian,0,1,0,0,1.0,0,0,0,E 14TH AVE,N SPEER BLVD,E 14TH AVE & N SPEER BLVD,100.0,Feet,W,0.0, ,0,0,0,0.0, , ,On-roadway, ,Collision with Non-Motorist:Pedestrian, , , ,Collision with Non-Motorist:Pedestrian,Level,Driveway Access Related,Not Applicable,Daylight,Dry,Clear, , ,0,Straight,1.0, ,DR3447,SPEER, , , ,1.0,2.0,0.0,1.0,0.0,0.0,1.0,0.0,0.0,0.0,0.0,1.0,0.0,1.0,0.0,0.0,Y,Motorvehicle; Scooter,Y, , , ,1.0,Entering traffic way/merge,North,Failed to yield row,Distracted/other interior,10.0, , , , ,West,No contributing action,Unknown,1.0,Y, ,3,Friday,12
1225285,2024-037013,39.73845521,-104.99530107,2024-08-29,2026-04-19 08:14:00,DENVER,DENVER,DPD,1-CRT40, ,Pedestrian,Pedestrian,0,1,0,0,1.0,0,0,0,W 14TH AVE,N FOX ST,W 14TH AVE & N FOX ST,0.0,At the intersection, ,0.0, ,0,0,0,0.0, , ,On-roadway, ,Collision with Non-Motorist:Pedestrian, , , ,Collision with Non-Motorist:Pedestrian,Level,At Intersection,Not Applicable,Daylight,Dry,Clear, , ,0,Straight,1.0, ,DR3447,FOXST, , , ,1.0,2.0,0.0,1.0,0.0,0.0,2.0,0.0,0.0,0.0,0.0,1.0,0.0,1.0,0.0,0.0,Y,Motorvehicle; Scooter,Y, , , ,1.0, , , , ,0.0,Going straight,East,No contributing action,No apparent contributing factor,East,Failure to yield right-of-way,No apparent contributing factor,1.0,Y, ,3,Thursday,08
1225326,2024-037045,39.74218091,-104.99086665,2024-08-29,2026-04-19 16:13:00,DENVER,DENVER,DPD,2/CRT62, ,Pedestrian,Pedestrian,0,1,0,0,1.0,0,0,0,TREMONT PL,15TH ST,TREMONT PL & 15TH ST,55.0,Feet,SW,0.0, ,0,0,0,0.0, , ,On-roadway, ,Collision with Non-Motorist:Pedestrian, , , ,Collision with Non-Motorist:Pedestrian,Level,Driveway Access Related,Not Applicable,Daylight,Dry,Clear, , ,0,Straight,1.0, ,DR3447,S0015, , , ,1.0,1.0,1.0,0.0,0.0,0.0,1.0,0.0,0.0,0.0,0.0,1.0,1.0,0.0,0.0,0.0,Y,Motorvehicle; Scooter,Y, , , ,1.0, , , , ,0.0,Going straight,Southeast,No contributing action,No apparent contributing factor,Northeast,Other,Other factor,1.0,Y, ,3,Thursday,16
1225380,2024-037085,39.7311364,-104.98613122,2024-08-30,2026-04-19 12:45:00,DENVER,DENVER,DPD,2/CRT61, ,Pedestrian,Pedestrian,0,1,0,0,1.0,0,0,0, LINCOLN ST,E 9TH AVE, LINCOLN ST & E 9TH AVE,250.0,Feet,N,0.0, ,0,0,0,0.0, , ,On-roadway, ,Collision with Non-Motorist:Pedestrian, , , ,Collision with Non-Motorist:Pedestrian,Level,Non-intersection,Not Applicable,Daylight,Dry,Clear, , ,0,Straight,1.0, ,DR3447,A0009, , , ,1.0,2.0,0.0,1.0,0.0,0.0,1.0,0.0,0.0,0.0,0.0,1.0,0.0,1.0,0.0,0.0,Y,Motorvehicle; Scooter,Y, , , ,1.0, , , , ,0.0,Going straight,North,No contributing action,No apparent contributing factor,North,Dart/dash,Aggressive,1.0,Y, ,3,Friday,12
1225549,2024-037181,39.74130543,-104.98954304,2024-08-27,2026-04-19 15:03:00,DENVER,DENVER,DPD,1-CRT64, ,Pedestrian,Pedestrian,0,1,0,0,1.0,0,0,0,15TH ST,COURT PL,15TH ST & COURT PL,150.0,Feet,E,0.0, ,0,0,0,0.0, , ,On-roadway, ,Collision with Non-Motorist:Pedestrian, , , ,Collision with Non-Motorist:Pedestrian,Level,Driveway Access Related,Not Applicable,Daylight,Dry,Clear, , ,0,Straight,1.0, ,DR3447,COURT, , , ,1.0,1.0,1.0,0.0,0.0,0.0,1.0,0.0,0.0,0.0,0.0,1.0,1.0,0.0,0.0,0.0,Y,Motorvehicle; Scooter,Y, , , ,1.0,Going straight,Southwest,Failed to yield row,No apparent contributing factor,15.0, , , , ,Southeast,Traveling on sidealk against traffic,No apparent contributing factor,1.0,Y, ,3,Tuesday,15
1225733,2024-037276,39.74002484,-104.99801481,2024-08-27,2026-04-19 15:28:00,DENVER,DENVER,DPD,2/636s,1,Pedestrian,Pedestrian,0,0,0,0,0.0,0,0,0, SPEER BLVD,W COLFAX AVE, SPEER BLVD & W COLFAX AVE,0.0, , ,0.0, ,0,0,0,0.0, , ,On-roadway, ,Collision with Non-Motorist:Pedestrian, , , ,Collision with Non-Motorist:Pedestrian,Grade Unknown,Non-intersection,Not Applicable,Daylight,Dry,Clear, , ,0,Curve Unknown Direction,2.0, ,DR3447,COLFA, , , ,1.0,0.0,0.0,0.0,0.0,0.0,0.0,0.0,0.0,0.0,0.0,1.0,0.0,0.0,0.0,0.0,Y,Motorvehicle; Scooter,Y, , , ,1.0,Other,Unknown,Unknown,Other factor,99.0, , , , ,Unknown,No contributing action,Unknown,1.0,Y, ,3,Tuesday,15
1225752,2024-037286,39.74002055,-104.98110222,2024-08-23,2026-04-19 19:46:00,DENVER,DENVER,DPD,3/MALL61,1,Pedestrian,Pedestrian,0,1,0,0,1.0,0,0,0,E COLFAX AVE,N PENNSYLVANIA ST,E COLFAX AVE & N PENNSYLVANIA ST,0.0, , ,297.5, ,0,1,0,0.0, , ,On-roadway, ,Collision with Non-Motorist:Pedestrian, , , ,Collision with Non-Motorist:Pedestrian, ,At Intersection,Not Applicable,Daylight, , , ,40,0,Straight,1.0, ,DR3447, , , , ,1.0,1.0,1.0,0.0,0.0,0.0,0.0,0.0,0.0,0.0,0.0,1.0,1.0,0.0,0.0,0.0,Y,Motorvehicle; Scooter,Y, , , ,1.0,Making right turn,North,Unknown,Unknown,99.0, , , , ,East,No contributing action,Unknown,1.0,Y, ,3,Friday,19
1225832,2024-037329,39.71466348,-104.94994547,2024-08-29,2026-04-19 11:40:00,DENVER,DENVER,DPD,2/CRT37, ,Pedestrian,Pedestrian,0,1,0,0,1.0,0,0,0, STEELE ST,E BAYAUD AVE, STEELE ST & E BAYAUD AVE,0.0,At the intersection, ,0.0, ,0,0,0,0.0, , ,On-roadway,N02,Collision with Non-Motorist:Pedestrian,Collision with Object:Other non-Fixed Object, , ,Collision with Non-Motorist:Pedestrian,Level,At Intersection,Not Applicable,Daylight,Dry,Clear, , ,1,Straight,2.0, ,DR3447,BAYAU, , , ,1.0,1.0,1.0,0.0,0.0,0.0,2.0,0.0,0.0,0.0,0.0,1.0,1.0,0.0,0.0,0.0,Y,Motorvehicle; Scooter,Y, , , ,2.0,Slowing,North,Careless driving,Other factor,30.0,Stopped in traffic,North,No contributing action,No apparent contributing factor,North,No contributing action,No apparent contributing factor,1.0,Y, ,3,Thursday,11
1225842,2024-037336,39.73848906,-105.04673599,2024-08-30,2026-04-19 13:25:00,DENVER,DENVER,DPD,1-179A, ,Pedestrian,Pedestrian,0,0,0,0,1.0,0,0,0,W 14TH AVE,N VRAIN ST,W 14TH AVE & N VRAIN ST,75.0,Feet,W,0.0, ,0,0,0,0.0, , ,On-roadway,E01,Collision with Non-Motorist:Pedestrian, , , ,Collision with Non-Motorist:Pedestrian,Level,Non-intersection,Not Applicable,Daylight,Dry,Clear, , ,0,Straight,1.0, ,DR3447,VRAIN, , , ,1.0,0.0,0.0,0.0,0.0,0.0,1.0,0.0,0.0,0.0,0.0,1.0,0.0,0.0,0.0,0.0,Y,Motorvehicle; Scooter,Y, , , ,1.0,Going straight,East,No contributing action,No apparent contributing factor,30.0, , , , ,East,No contributing action,No apparent contributing factor,1.0,,Y,3,Friday,13
1227002,2024-037986,39.76646556,-104.98375235,2024-08-30,2026-04-19 15:06:00,DENVER,DENVER,DPD,2/CRT62,2,Pedestrian,Pedestrian,0,1,0,0,1.0,0,0,0, BRIGHTON BLVD,31ST ST, BRIGHTON BLVD & 31ST ST,45.0,Feet,S,0.0, ,0,0,0,0.0, , ,On-roadway, ,Collision with Non-Motorist:Pedestrian, , , ,Collision with Non-Motorist:Pedestrian,Level,Driveway Access Related,Not Applicable,Daylight,Dry,Clear, , ,0,Straight,1.0, ,DR3447,S0031, , , ,1.0,1.0,1.0,0.0,0.0,0.0,0.0,0.0,0.0,0.0,0.0,1.0,1.0,0.0,0.0,0.0,Y,Motorvehicle; Scooter,Y, , , ,1.0,Going straight,Southeast,Unknown,Unknown,99.0, , , , ,Northeast,No contributing action,Other factor,1.0,Y, ,3,Friday,15
1227336,2024-038242,39.7399937,-104.96494797,2024-09-04,2026-04-19 18:41:00,DENVER,DENVER,DPD,3/622, ,Pedestrian,Pedestrian,0,1,0,0,1.0,0,0,0,E COLFAX AVE,N HIGH ST,E COLFAX AVE & N HIGH ST,50.0,Feet,W,298.0, ,0,1,0,350.0,Feet,E,On-roadway,W01,Collision with Non-Motorist:Pedestrian, , , ,Collision with Non-Motorist:Pedestrian,Hill Crest,Non-intersection,Not Applicable,Daylight,Dry,Clear, ,40,2,Straight,1.0, ,DR3447, , , , ,1.0,2.0,0.0,1.0,0.0,0.0,1.0,0.0,0.0,0.0,0.0,1.0,0.0,1.0,0.0,0.0,Y,Motorvehicle; Scooter,Y, , , ,1.0, , , , ,0.0,Going straight,West,No contributing action,No apparent contributing factor,South,No contributing action,No apparent contributing factor,1.0,Y, ,3,Wednesday,18
1227364,2024-038256,39.71466351,-104.94985362,2024-09-04,2026-04-19 12:20:00,DENVER,DENVER,DPD,2/CRT37, ,Pedestrian,Pedestrian,0,1,0,0,1.0,0,0,0,E BAYAUD AVE,N STEELE ST,E BAYAUD AVE & N STEELE ST,25.0,Feet,E,0.0, ,0,0,0,0.0, , ,On-roadway,W01,Collision with Non-Motorist:Pedestrian, , , ,Collision with Non-Motorist:Pedestrian,Level,Non-intersection,Not Applicable,Daylight,Dry,Cloudy, , ,0,Straight,1.0, ,DR3447,STEEL, , , ,1.0,2.0,0.0,1.0,0.0,0.0,1.0,0.0,0.0,0.0,0.0,1.0,0.0,1.0,0.0,0.0,Y,Motorvehicle; Scooter,Y, , , ,1.0,Making u-turn,West,Other contributing action,Distracted/other exterior,25.0, , , , ,West,No contributing action,No apparent contributing factor,1.0,Y, ,3,Wednesday,12
1227431,2024-038283,39.78194264,-104.95588098,2024-09-06,2026-04-19 16:00:00,DENVER,DENVER,DPD,2/232C,2,Pedestrian,Pedestrian,0,2,0,0,2.0,0,0,0, ELIZABETH ST,E 47TH AVE, ELIZABETH ST & E 47TH AVE,0.0,At the intersection, ,0.0, ,0,0,0,0.0, , ,On-roadway, ,Collision with Non-Motorist:Pedestrian,Collision with Non-Motorist:Pedestrian, , ,Collision with Non-Motorist:Pedestrian,Level,Intersection Related,Not Applicable,Daylight,Dry,Clear, , ,0,Straight,1.0, ,DR3447,A0047, , , ,1.0,2.0,0.0,2.0,0.0,0.0,0.0,0.0,0.0,0.0,0.0,2.0,0.0,2.0,0.0,0.0,Y,Motorvehicle; Scooter,Y, , , ,1.0,Going straight,West,Unknown,Unknown,99.0, , , , ,West; West,No contributing action; No contributing action,No apparent contributing factor; No apparent contributing factor,1.0,Y, ,3,Friday,16
1228387,2024-038932,39.68227041,-105.02524789,2024-09-07,2026-04-19 10:09:00,DENVER,DENVER,DPD,1/CRT11, ,Pedestrian,Pedestrian,0,0,0,0,1.0,0,0,0,W JEWELL AVE,S FEDERAL BLVD,W JEWELL AVE & S FEDERAL BLVD,60.0,Feet,W,0.0, ,0,0,0,0.0, , ,On-roadway, ,Collision with Non-Motorist:Pedestrian, , , ,Collision with Non-Motorist:Pedestrian,Level,Driveway Access Related,Not Applicable,Daylight,Dry,Clear, , ,0,Straight,1.0, ,DR3447,FEDER, , , ,1.0,0.0,0.0,0.0,0.0,0.0,2.0,0.0,0.0,0.0,0.0,1.0,0.0,0.0,0.0,0.0,Y,Motorvehicle; Scooter,Y, , , ,1.0, , , , ,0.0,Going straight,West,No contributing action,No apparent contributing factor,North,Dart/dash; Other,Aggressive,1.0,Y, ,3,Saturday,10
1228793,2024-039199,39.74014113,-104.97874249,2024-09-12,2026-04-19 00:08:00,DENVER,DENVER,DPD,3/667S, ,Pedestrian,Pedestrian,0,1,0,0,1.0,0,0,0, WASHINGTON ST,E COLFAX AVE, WASHINGTON ST & E COLFAX AVE,50.0,Feet,N,0.0, ,0,0,0,0.0, , ,On-roadway, ,Collision with Non-Motorist:Pedestrian, , , ,Collision with Non-Motorist:Pedestrian,Level,Non-intersection,Not Applicable,Dark-Lighted,Dry,Clear, , ,0,Straight,1.0, ,DR3447,COLFA, , , ,1.0,3.0,0.0,0.0,1.0,0.0,1.0,0.0,0.0,0.0,0.0,1.0,0.0,0.0,1.0,0.0,Y,Motorvehicle; Scooter,Y, , , ,1.0,Going straight,South,No contributing action,No apparent contributing factor,20.0, , , , ,South,No contributing action,No apparent contributing factor,1.0,Y, ,3,Thursday,00
1229243,2024-039462,39.73845977,-104.99764615,2024-09-12,2026-04-19 14:41:00,DENVER,DENVER,DPD,2/143K, ,Pedestrian,Pedestrian,0,1,0,0,1.0,0,0,0, SPEER BLVD,W 14TH AVE, SPEER BLVD & W 14TH AVE,0.0,At the intersection, ,0.0, ,0,0,0,0.0, , ,On-roadway,S04,Collision with Non-Motorist:Pedestrian, , , ,Collision with Non-Motorist:Pedestrian,Level,At Intersection,Not Applicable,Daylight,Dry,Clear, , ,1,Straight,1.0, ,DR3447,A0014, , , ,1.0,1.0,1.0,0.0,0.0,0.0,1.0,0.0,0.0,0.0,0.0,1.0,1.0,0.0,0.0,0.0,Y,Motorvehicle; Scooter,Y, , , ,1.0, , , , ,0.0,Making right turn,South,No contributing action,No apparent contributing factor,West,"Failure to obey traffic signs, signals, or officer",Other factor,1.0,Y, ,3,Thursday,14
1229312,2024-039512,39.74061412,-105.0168839,2024-09-12,2026-04-19 00:29:00,DENVER,DENVER,DPD,3 / 161A, ,Pedestrian,Pedestrian,0,1,0,0,1.0,0,0,0,W COLFAX AVE WB ON RAMP FROM AURARIA PKWY,MILE HIGH STADIUM CIR,W COLFAX AVE WB ON RAMP FROM AURARIA PKWY & MILE HIGH STADIUM CIR,0.25,Miles,W,0.0, ,0,1,0,0.25,Miles,W,On-roadway, ,Collision with Non-Motorist:Pedestrian, , , ,Collision with Non-Motorist:Pedestrian,Level,Mid-Block Crosswalk,Not Applicable,Dark-Lighted,Dry,Clear, , ,0,Curve Right,1.0, ,DR3447,D, , , ,1.0,2.0,0.0,1.0,0.0,0.0,3.0,0.0,0.0,0.0,0.0,1.0,0.0,1.0,0.0,0.0,Y,Motorvehicle; Scooter,Y, , , ,1.0,Making right turn,West,Careless driving,Looked/did not see,40.0, , , , ,North,Cross/enter at intersection,No apparent contributing factor,1.0,Y, ,3,Thursday,00
1229337,2024-039525,39.67837789,-104.93438994,2024-09-13,2026-04-19 08:13:00,DENVER,DENVER,DPD,1/CRT35, ,Pedestrian,Pedestrian,0,1,0,0,1.0,0,0,0,E EVANS AVE,I-25 SB RAMPS,E EVANS AVE & I-25 SB RAMPS,0.0,At the intersection, ,0.0, ,0,0,0,0.0, , ,On-roadway,S01,Collision with Non-Motorist:Pedestrian, , , ,Collision with Non-Motorist:Pedestrian,Level,At Intersection,Not Applicable,Daylight,Dry,Clear, , ,2,Straight,1.0, ,DR3447,N, , , ,1.0,3.0,0.0,0.0,1.0,0.0,1.0,0.0,0.0,0.0,0.0,1.0,0.0,0.0,1.0,0.0,Y,Motorvehicle; Scooter,Y, , , ,1.0, , , , ,0.0,Making right turn,South,No contributing action,No apparent contributing factor,East,Traveling on sidealk against traffic,Unknown,1.0,Y, ,3,Friday,08
1229812,2024-039740,39.75229024,-104.99169121,2024-09-07,2026-04-19 11:43:00,DENVER,DENVER,DPD,3/651C,1,Pedestrian,Pedestrian,0,0,0,0,0.0,0,0,0,20TH ST,LAWRENCE ST,20TH ST & LAWRENCE ST,0.0,At the intersection,S,0.0, ,0,0,0,0.0, , ,On-roadway,S01,Collision with Non-Motorist:Pedestrian, , , ,Collision with Non-Motorist:Pedestrian,Level,At Intersection,Not Applicable,Dark-Lighted,Dry,Clear, , ,0,Straight,2.0, ,DR3447,LAWRE, , , ,1.0,0.0,0.0,0.0,0.0,0.0,1.0,0.0,0.0,0.0,0.0,1.0,0.0,0.0,0.0,0.0,Y,Motorvehicle; Scooter,Y, , , ,1.0,Making left turn,Northwest,Careless driving,Age/driver ability; Looked/did not see,25.0, , , , ,Northwest,No contributing action,Unknown,1.0,Y, ,3,Saturday,11
1230171,2024-040002,39.7446017,-104.99385675,2024-09-15,2026-04-19 21:13:00,DENVER,DENVER,DPD,3/651C,1,Pedestrian,Pedestrian,0,0,0,0,0.0,0,0,0,15TH ST,STOUT ST,15TH ST & STOUT ST,150.0,Feet,E,0.0, ,0,0,0,0.0, , ,On-roadway,W03,Collision with Non-Motorist:Pedestrian,Collision with Non-Motorist:Pedestrian, , ,Collision with Non-Motorist:Pedestrian,Level,Driveway Access Related,Not Applicable,Dark-Lighted,Dry,Clear, , ,0,Straight,2.0, ,DR3447,STOUT, , , ,1.0,0.0,0.0,0.0,0.0,0.0,1.0,0.0,0.0,0.0,0.0,2.0,0.0,0.0,0.0,0.0,Y,Motorvehicle; Scooter,Y, , , ,1.0,Entering/leaving parked position,Southwest,Unknown,Unknown,99.0, , , , ,Northwest; Northwest,No contributing action; No contributing action,Unknown; Unknown,1.0,Y, ,3,Sunday,21
1230616,2024-040247,39.68223551,-105.02977998,2024-09-18,2026-04-19 09:08:00,DENVER,DENVER,DPD,1-CRT40, ,Pedestrian,Pedestrian,0,1,0,0,2.0,0,0,0, IRVING ST,W JEWELL AVE, IRVING ST & W JEWELL AVE,3.0,Feet,S,0.0, ,0,0,0,0.0, , ,On-roadway, ,Collision with Non-Motorist:Pedestrian,Collision with Non-Motorist:Pedestrian, , ,Collision with Non-Motorist:Pedestrian,Level,At Intersection,Not Applicable,Daylight,Dry,Clear, , ,0,Straight,1.0, ,DR3447,JEWEL, , , ,1.0,2.0,0.0,1.0,0.0,0.0,1.0,0.0,0.0,0.0,0.0,2.0,0.0,1.0,0.0,0.0,Y,Motorvehicle; Scooter,Y, , , ,1.0, , , , ,0.0,Making right turn,North,No contributing action,No apparent contributing factor,West; West,Failure to yield right-of-way; No contributing action,No apparent contributing factor; Unknown,1.0,Y, ,3,Wednesday,09
1230679,2024-040287,39.74011657,-104.98613155,2024-09-17,2026-04-19 11:55:00,DENVER,DENVER,DPD,1, ,Pedestrian,Pedestrian,0,0,0,0,0.0,0,0,0,E COLFAX AVE,N LINCOLN ST,E COLFAX AVE & N LINCOLN ST,0.0, , ,0.0, ,0,1,0,0.0, , ,On-roadway,W03,Collision with Non-Motorist:Pedestrian,Collision with Non-Motorist:Pedestrian, , ,Collision with Non-Motorist:Pedestrian,Level,Crossover Related,Not Applicable,Daylight,Dry,Clear, , ,1,Straight,1.0, ,DR3447, , , , ,1.0,0.0,0.0,0.0,0.0,0.0,1.0,0.0,0.0,0.0,0.0,2.0,0.0,0.0,0.0,0.0,Y,Motorvehicle; Scooter,Y, , , ,1.0,Going straight,South,No contributing action,Unknown,30.0, , , , ,West; West,Other; Other,Other factor; Other factor,1.0,Y, ,3,Tuesday,11
1230682,2024-040290,39.74000692,-104.99289749,2024-09-20,2026-04-19 07:18:00,DENVER,DENVER,DPD,Detail 1 /, ,Pedestrian,Pedestrian,0,0,0,0,0.0,0,0,0,W COLFAX AVE,N DELAWARE ST,W COLFAX AVE & N DELAWARE ST,5.0,Feet,E,0.0, ,0,1,0,0.0, , ,On-roadway,E03,Collision with Non-Motorist:Pedestrian, , , ,Collision with Non-Motorist:Pedestrian,Level,At Intersection,Not Applicable,Daylight,Dry,Clear, , ,0,Straight,2.0, ,DR3447, , , , ,1.0,0.0,0.0,0.0,0.0,0.0,1.0,0.0,0.0,0.0,0.0,1.0,0.0,0.0,0.0,0.0,Y,Motorvehicle; Scooter,Y, , , ,1.0,Making right turn,East,Disregarded other device/sign/markings,No apparent contributing factor,30.0, , , , ,North,Other,Other factor,1.0,Y, ,3,Friday,07
1230716,2024-040307,39.75412198,-104.9910773,2024-08-16,2026-04-19 09:38:00,DENVER,DENVER,DPD,1/612B,1,Pedestrian,Pedestrian,0,1,0,0,1.0,0,0,0,LARIMER ST,21ST ST,LARIMER ST & 21ST ST,120.0,Feet,W,0.0, ,0,0,0,0.0, , ,On-roadway,S01,Collision with Non-Motorist:Pedestrian, , , ,Collision with Non-Motorist:Pedestrian, ,Crossover Related,Not Applicable,Daylight,Dry,Clear, , ,0, ,1.0, ,DR3447,S0021, , , ,1.0,1.0,1.0,0.0,0.0,0.0,1.0,0.0,0.0,0.0,0.0,1.0,1.0,0.0,0.0,0.0,Y,Motorvehicle; Scooter,Y, , , ,1.0, , , , ,0.0,Entering traffic way/merge,Southwest,Careless driving,Not observed,Northwest,Other,No apparent contributing factor,1.0,Y, ,3,Friday,09
1231010,2024-040447,39.74480883,-104.97988098,2024-09-22,2026-04-19 02:03:00,DENVER,DENVER,DPD,6-661B,2,Pedestrian,Pedestrian,0,0,0,0,1.0,0,0,0,1760  PEARL ST,E 18TH AVE,1760  PEARL ST & E 18TH AVE,20.0,Feet,S,0.0, ,0,0,0,0.0, , ,On-roadway, ,Collision with Non-Motorist:Pedestrian, , , ,Collision with Non-Motorist:Pedestrian,Level,Non-intersection,Not Applicable,Dark-Lighted,Wet,Clear, , ,0,Straight,1.0, ,DR3447,A0018, , , ,1.0,0.0,0.0,0.0,0.0,0.0,1.0,0.0,0.0,0.0,0.0,1.0,0.0,0.0,0.0,0.0,Y,Motorvehicle; Scooter,Y, , , ,1.0, , , , ,0.0,Entering/leaving parked position,South,No contributing action,No apparent contributing factor,South,No contributing action,Unknown,1.0,Y, ,3,Sunday,02
1231034,2024-040463,39.75394623,-104.99304665,2024-09-22,2026-04-19 00:16:00,DENVER,DENVER,DPD,3/655S, ,Pedestrian,Pedestrian,0,0,0,0,0.0,0,0,0,MARKET ST,20TH ST,MARKET ST & 20TH ST,150.0,Feet,N,0.0, ,0,0,0,0.0, , ,On-roadway,N02,Collision with Non-Motorist:Pedestrian, , , ,Collision with Non-Motorist:Pedestrian,Level,Non-intersection,Not Applicable,Dark-Lighted,Wet,Rain, , ,0,Straight,2.0, ,DR3447,S0020, , , ,1.0,0.0,0.0,0.0,0.0,0.0,1.0,0.0,0.0,0.0,0.0,1.0,0.0,0.0,0.0,0.0,Y,Motorvehicle; Scooter,Y, , , ,1.0, , , , ,0.0,Going straight,Northeast,No contributing action,No apparent contributing factor,Northeast,Traveling along roadway with traffic (in or adjacent to travel lane),Looked/did not see,1.0,Y, ,3,Sunday,00
1231041,2024-040468,39.7517145,-104.98374462,2024-09-19,2026-04-19 20:21:00,DENVER,DENVER,DPD,2/631B, ,Pedestrian,Pedestrian,0,1,0,0,1.0,0,0,0,CALIFORNIA ST,PARK AVE W,CALIFORNIA ST & PARK AVE W,0.0,At the intersection,W,0.0, ,0,0,0,0.0, , ,On-roadway,W01,Collision with Non-Motorist:Pedestrian, , , ,Collision with Non-Motorist:Pedestrian,Level,At Intersection,Not Applicable,Dark-Lighted,Dry,Clear, , ,1,Straight,1.0, ,DR3447,PARKA, , , ,1.0,2.0,0.0,1.0,0.0,0.0,1.0,0.0,0.0,0.0,0.0,1.0,0.0,1.0,0.0,0.0,Y,Motorvehicle; Scooter,Y, , , ,1.0,Making right turn,Southwest,Careless driving,Looked/did not see,20.0, , , , ,Southwest,Cross/enter at intersection,No apparent contributing factor,1.0,Y, ,3,Thursday,20
1232357,2024-041163,39.70386476,-104.91652309,2024-09-24,2026-04-19 15:45:00,DENVER,DENVER,DPD,2/CRT37, ,Pedestrian,Pedestrian,0,1,0,0,1.0,0,0,0,E EXPOSITION AVE,S KRAMERIA ST,E EXPOSITION AVE & S KRAMERIA ST,25.0,Feet,W,0.0, ,0,0,0,0.0, , ,On-roadway,E01,Collision with Non-Motorist:Pedestrian, , , ,Collision with Non-Motorist:Pedestrian,Level,Driveway Access Related,Not Applicable,Daylight,Dry,Clear, , ,0,Straight,1.0, ,DR3447,KRAME, , , ,1.0,3.0,0.0,0.0,1.0,0.0,1.0,0.0,0.0,0.0,0.0,1.0,0.0,0.0,1.0,0.0,Y,Motorvehicle; Scooter,Y, , , ,1.0, , , , ,0.0,Stopped in traffic,East,No contributing action,No apparent contributing factor,South,Other,Other factor,1.0,Y, ,3,Tuesday,15
1232374,2024-041175,39.74004275,-104.98357968,2024-09-24,2026-04-19 14:10:00,DENVER,DENVER,DPD,2/CRT61, ,Pedestrian,Pedestrian,0,0,0,0,1.0,0,0,0,E COLFAX AVE,N GRANT ST,E COLFAX AVE & N GRANT ST,0.0,At the intersection, ,297.25, ,0,1,0,0.25,Miles,E,On-roadway,S01,Collision with Non-Motorist:Pedestrian, , , ,Collision with Non-Motorist:Pedestrian,Level,At Intersection,Not Applicable,Daylight,Dry,Clear, ,40,1,Straight,1.0, ,DR3447, , , , ,1.0,0.0,0.0,0.0,0.0,0.0,1.0,0.0,0.0,0.0,0.0,1.0,0.0,0.0,0.0,0.0,Y,Motorvehicle; Scooter,Y, , , ,1.0, , , , ,0.0,Making right turn,East,No contributing action,No apparent contributing factor,East,Traveling on sidewalk with traffic,Looked/did not see,1.0,Y, ,3,Tuesday,14
1232644,2024-041343,39.74167223,-104.97989622,2024-09-26,2026-04-19 19:44:00,DENVER,DENVER,DPD,6-661B, ,Pedestrian,Pedestrian,0,1,0,0,1.0,0,0,0, PEARL ST,E 16TH AVE, PEARL ST & E 16TH AVE,0.0, , ,0.0, ,0,0,0,0.0, , ,On-roadway,E01,Collision with Non-Motorist:Pedestrian, , , ,Collision with Non-Motorist:Pedestrian,Level,Driveway Access Related,Not Applicable,Dark-Lighted,Dry,Clear, , ,0,Straight,1.0, ,DR3447,16THA, , , ,1.0,1.0,1.0,0.0,0.0,0.0,1.0,0.0,0.0,0.0,0.0,1.0,1.0,0.0,0.0,0.0,Y,Motorvehicle; Scooter,Y, , , ,1.0,Making right turn,East,Failed to yield row,Distracted/other interior,20.0, , , , ,East,No contributing action,No apparent contributing factor,1.0,Y, ,3,Thursday,19
1232651,2024-041347,39.71481831,-104.98626851,2024-09-10,2026-04-19 14:00:00,DENVER,DENVER,DPD,2/CRT37,1,Pedestrian,Pedestrian,0,0,0,0,2.0,0,0,0, LINCOLN ST,E BAYAUD AVE, LINCOLN ST & E BAYAUD AVE,20.0,Feet,N,0.0, ,0,0,0,0.0, , ,On-roadway,N04,Collision with Non-Motorist:Pedestrian,Collision with Non-Motorist:Pedestrian, , ,Collision with Non-Motorist:Pedestrian,Level,Driveway Access Related,Not Applicable,Daylight,Dry,Clear, , ,0,Straight,1.0, ,DR3447,BAYAU, , , ,1.0,0.0,0.0,0.0,0.0,0.0,1.0,0.0,0.0,0.0,0.0,2.0,0.0,0.0,0.0,0.0,Y,Motorvehicle; Pedestrian; Scooter,Y, ,Y, ,1.0, , , , ,0.0,Making left turn,East,No contributing action,Not observed,South; South,Traveling on sidealk against traffic; No contributing action,Unfamiliar with area; No apparent contributing factor,1.0,Y, ,3,Tuesday,14
1232690,2024-041366,39.72412583,-104.94979579,2024-08-16,2026-04-19 11:10:00,DENVER,DENVER,DPD,1/CRT35, ,Pedestrian,Pedestrian,0,1,0,0,1.0,0,0,0, STEELE ST,E 5TH AVE, STEELE ST & E 5TH AVE,5.0,Feet,W,0.0, ,0,0,0,0.0, , ,On-roadway,E01,Collision with Non-Motorist:Pedestrian, , , ,Collision with Non-Motorist:Pedestrian,Level,At Intersection,Not Applicable,Daylight,Dry,Clear, , ,0,Straight,1.0, ,DR3447,A0005, , , ,1.0,3.0,0.0,0.0,1.0,0.0,1.0,0.0,0.0,0.0,0.0,1.0,0.0,0.0,1.0,0.0,Y,Motorvehicle; Scooter,Y, , , ,1.0, , , , ,0.0,Stopped in traffic,East,No contributing action,No apparent contributing factor,North,Traveling on sidealk against traffic,Unknown,1.0,Y, ,3,Friday,11
1233307,2024-041729,39.75305353,-104.9854767,2024-09-29,2026-04-19 17:07:00,DENVER,DENVER,DPD,1-CRT64,2,Pedestrian,Pedestrian,0,0,0,0,0.0,0,0,0,PARK AVE W,CHAMPA ST,PARK AVE W & CHAMPA ST,0.0,At the intersection, ,0.0, ,0,0,0,0.0, , ,On-roadway, ,Collision with Non-Motorist:Pedestrian, , , ,Collision with Non-Motorist:Pedestrian,Level,At Intersection,Not Applicable,Daylight,Dry,Clear, , ,0,Straight,2.0, ,DR3447,CHAMP, , , ,1.0,0.0,0.0,0.0,0.0,0.0,3.0,0.0,0.0,0.0,0.0,1.0,0.0,0.0,0.0,0.0,Y,Motorvehicle; Scooter,Y, , , ,1.0,Stopped in traffic,Northwest,No contributing action,No apparent contributing factor,15.0, , , , ,Southwest,No contributing action,Unknown,1.0,Y, ,3,Sunday,17
1233375,2024-041783,39.75483279,-105.01915817,2024-09-15,2026-04-19 18:58:00,DENVER,DENVER,DPD,3-161D,2,Pedestrian,Pedestrian,0,1,0,0,1.0,0,0,0, BRYANT ST,W 26TH AVE, BRYANT ST & W 26TH AVE,0.0,At the intersection, ,0.0, ,0,0,0,0.0, , ,On-roadway,W01,Collision with Non-Motorist:Pedestrian, , , ,Collision with Non-Motorist:Pedestrian,Level,At Intersection,Not Applicable,Dark-Lighted,Dry,Clear, , ,1,Straight,1.0, ,DR3447,A0026, , , ,1.0,2.0,0.0,1.0,0.0,0.0,1.0,0.0,0.0,0.0,0.0,1.0,0.0,1.0,0.0,0.0,Y,Motorvehicle; Scooter,Y, , , ,1.0, , , , ,0.0,Going straight,West,Unknown,Unknown,North,Failure to yield right-of-way,Unfamiliar with area,1.0,Y, ,3,Sunday,18
1233826,2024-042039,39.75294684,-104.99259776,2024-10-01,2026-04-19 14:15:00,DENVER,DENVER,DPD,2/CRT61,2,Pedestrian,Pedestrian,0,1,0,0,1.0,0,0,0,LARIMER ST,20TH ST,LARIMER ST & 20TH ST,0.0,At the intersection, ,0.0, ,0,0,0,0.0, , ,On-roadway, ,Collision with Non-Motorist:Pedestrian, , , ,Collision with Non-Motorist:Pedestrian,Level,At Intersection,Not Applicable,Daylight,Dry,Clear, , ,0,Straight,1.0, ,DR3447,20THS, , , ,1.0,1.0,1.0,0.0,0.0,0.0,1.0,0.0,0.0,0.0,0.0,1.0,1.0,0.0,0.0,0.0,Y,Motorvehicle; Scooter,Y, , , ,1.0,Going straight,Southwest,Careless driving,Not observed,35.0, , , , ,Northwest,Cross/enter at intersection,Under the influence of alcohol/drugs,1.0,Y, ,4,Tuesday,14
1234116,2024-042129,39.65246129,-104.88479532,2024-09-30,2026-04-19 13:32:00,DENVER,DENVER,DPD,1/CRT32, ,Pedestrian,Pedestrian,0,1,0,0,1.0,0,0,0, YOSEMITE ST,E HAMPDEN AVE, YOSEMITE ST & E HAMPDEN AVE,200.0,Feet,S,0.0, ,0,0,0,0.0, , ,On-roadway, ,Collision with Non-Motorist:Pedestrian,Collision with Object:Ground, , ,Collision with Non-Motorist:Pedestrian,Downhill,Driveway Access Related,Not Applicable,Daylight,Dry,Clear, , ,0,Straight,1.0, ,DR3447,HAMPD, , , ,1.0,2.0,0.0,1.0,0.0,0.0,1.0,0.0,0.0,0.0,0.0,1.0,0.0,1.0,0.0,0.0,Y,Motorvehicle; Scooter,Y, , , ,1.0, , , , ,0.0,Making right turn,North,Failed to yield row,Looked/did not see,North,Traveling on sidewalk with traffic,Aggressive,1.0,Y, ,3,Monday,13
1234146,2024-042147,39.69313694,-105.01653084,2024-09-30,2026-04-19 12:26:00,DENVER,DENVER,DPD,1/479A, ,Pedestrian,Pedestrian,0,0,0,0,0.0,0,0,0,W LOUISIANA AVE,S ALCOTT ST,W LOUISIANA AVE & S ALCOTT ST,0.0,At the intersection, ,0.0, ,0,0,0,0.0, , ,On-roadway, ,Collision with Non-Motorist:Pedestrian, , , ,Collision with Non-Motorist:Pedestrian,Level,At Intersection,Not Applicable,Daylight,Dry,Clear, , ,0,Straight,2.0, ,DR3447,ALCOT, , , ,1.0,0.0,0.0,0.0,0.0,0.0,1.0,0.0,0.0,0.0,0.0,1.0,0.0,0.0,0.0,0.0,Y,Motorvehicle; Scooter,Y, , , ,1.0,Swerve/avoidance,West,No contributing action,No apparent contributing factor,30.0, , , , ,West,Other,Unknown,1.0,Y, ,3,Monday,12
1234436,2024-042286,39.76579491,-104.98460035,2024-10-03,2026-04-19 13:11:00,DENVER,DENVER,DPD,2-233S,1,Pedestrian,Pedestrian,0,0,0,0,0.0,0,0,0, BRIGHTON BLVD,2900 BLK,2900   BRIGHTON BLVD,0.0,At the intersection,S,0.0, ,0,0,0,0.0, , ,On-roadway,N01,Collision with Non-Motorist:Pedestrian, , , ,Collision with Non-Motorist:Pedestrian,Level,Driveway Access Related,Not Applicable,Daylight,Dry,Clear, , ,0,Straight,2.0, ,DR3447,BLK, , , ,1.0,0.0,0.0,0.0,0.0,0.0,1.0,0.0,0.0,0.0,0.0,1.0,0.0,0.0,0.0,0.0,Y,Motorvehicle; Scooter,Y, , , ,1.0, , , , ,0.0,Making right turn,North,No contributing action,No apparent contributing factor,Southwest,"Failure to obey traffic signs, signals, or officer",Unknown,1.0,Y, ,4,Thursday,13
1234512,2024-042343,39.75852064,-105.03461428,2024-10-04,2026-04-19 10:07:00,DENVER,DENVER,DPD,1/121, ,Pedestrian,Pedestrian,0,1,0,0,1.0,0,0,0,W 29TH AVE,N LOWELL BLVD,W 29TH AVE & N LOWELL BLVD,0.0,At the intersection,S,0.0, ,0,0,0,0.0,At the milepoint,S,On-roadway,S01,Collision with Non-Motorist:Pedestrian, , , ,Collision with Non-Motorist:Pedestrian,Level,At Intersection,Not Applicable,Daylight,Dry,Clear, , ,0,Straight,1.0, ,DR3447,LOWEL, , , ,1.0,1.0,1.0,0.0,0.0,0.0,1.0,0.0,0.0,0.0,0.0,1.0,1.0,0.0,0.0,0.0,Y,Motorvehicle; Scooter,Y, , , ,1.0,Making right turn,East,Failed to yield row,Not observed,25.0, , , , ,East,Cross/enter at intersection,Unknown,1.0,Y, ,4,Friday,10
1234521,2024-042349,39.74762667,-105.00536865,2024-10-03,2026-04-19 20:13:00,DENVER,DENVER,DPD,3-163B, ,Pedestrian,Pedestrian,0,1,0,0,1.0,0,0,0,11TH ST,AURARIA PKWY,11TH ST & AURARIA PKWY,0.0,At the intersection, ,0.0, ,0,0,0,0.0,At the milepoint,W,On-roadway,W01,Collision with Non-Motorist:Pedestrian, , , ,Collision with Non-Motorist:Pedestrian,Level,At Intersection,Not Applicable,Dark-Lighted,Dry,Clear, , ,1,Straight,1.0, ,DR3447,AURAR, , , ,1.0,2.0,0.0,1.0,0.0,0.0,1.0,0.0,0.0,0.0,0.0,1.0,0.0,1.0,0.0,0.0,Y,Motorvehicle; Scooter,Y, , , ,1.0, , , , ,0.0,Making right turn,South,No contributing action,No apparent contributing factor,South,Cross/enter at intersection,Other factor,1.0,Y, ,4,Thursday,20
1234908,2024-042636,39.68949697,-105.0442617,2024-10-06,2026-04-19 00:32:00,DENVER,DENVER,DPD,3 / 461C,1,Pedestrian,Pedestrian,0,0,0,0,0.0,0,0,0,W FLORIDA AVE,S TENNYSON ST,W FLORIDA AVE & S TENNYSON ST,0.0,At the intersection, ,0.0, ,0,0,0,0.0,At the milepoint, ,On-roadway,E01,Collision with Non-Motorist:Pedestrian, , , ,Collision with Non-Motorist:Pedestrian,Level,At Intersection,Not Applicable,Dark-Lighted,Dry,Clear, , ,1,Straight,2.0, ,DR3447,TENNY, , , ,1.0,0.0,0.0,0.0,0.0,0.0,0.0,0.0,0.0,0.0,0.0,1.0,0.0,0.0,0.0,0.0,Y,Motorvehicle; Scooter,Y, , , ,1.0, , , , ,0.0,Going straight,East,Unknown,Unknown,West,Failure to yield right-of-way,No apparent contributing factor,1.0,Y, ,4,Sunday,00
1235288,2024-042786,39.66098923,-105.03902006,2024-10-07,2026-04-19 17:43:00,DENVER,DENVER,DPD,2/443A, ,Pedestrian,Pedestrian,0,1,0,0,1.0,0,0,0,W DARTMOUTH AVE,S OSCEOLA ST,W DARTMOUTH AVE & S OSCEOLA ST,0.0,At the intersection, ,0.0, ,0,0,0,0.0, , ,On-roadway,N01,Collision with Non-Motorist:Pedestrian, , , ,Collision with Non-Motorist:Pedestrian,Hill Crest,At Intersection,Not Applicable,Daylight,Dry,Cloudy, , ,1,Straight,1.0, ,DR3447,OSCEO, , , ,1.0,2.0,0.0,1.0,0.0,0.0,1.0,0.0,0.0,0.0,0.0,1.0,0.0,1.0,0.0,0.0,Y,Motorvehicle; Scooter,Y, , , ,1.0,Making right turn,West,Careless driving,Not observed,30.0, , , , ,East,Cross/enter at intersection,No apparent contributing factor,1.0,Y, ,4,Monday,17
1237262,2024-044307,39.7040267,-105.03444769,2024-10-07,2026-04-19 16:45:00,DENVER,DENVER,DPD,2/432C, ,Pedestrian,Pedestrian,0,1,0,0,1.0,0,0,0, LOWELL BLVD,W EXPOSITION AVE, LOWELL BLVD & W EXPOSITION AVE,0.0,At the intersection,E,12.0, ,0,0,0,0.5,Miles,S,On-roadway,W01,Collision with Non-Motorist:Pedestrian, , , ,Collision with Non-Motorist:Pedestrian,Level,At Intersection,Not Applicable,Daylight,Dry,Clear, , ,0,Straight,1.0, ,DR3447,EXPOS, , , ,1.0,2.0,0.0,1.0,0.0,0.0,1.0,0.0,0.0,0.0,0.0,1.0,0.0,1.0,0.0,0.0,Y,Motorvehicle; Scooter,Y, , , ,1.0, , , , ,0.0,Going straight,West,No contributing action,No apparent contributing factor,West,Improper turn/merge; Traveling along roadway with traffic (in or adjacent to travel lane),Aggressive,1.0,Y, ,4,Monday,16
1237478,2024-044445,39.75134091,-104.99292856,2024-10-11,2026-04-19 09:07:00,DENVER,DENVER,DPD,1-CRT40,2,Pedestrian,Pedestrian,0,0,0,0,1.0,0,0,0,LAWRENCE ST,19TH ST,LAWRENCE ST & 19TH ST,0.0,At the intersection, ,0.0, ,0,0,0,0.0, , ,On-roadway, ,Collision with Non-Motorist:Pedestrian, , , ,Collision with Non-Motorist:Pedestrian,Level,At Intersection,Not Applicable,Daylight,Dry,Clear, , ,0,Straight,1.0, ,DR3447,S0019, , , ,1.0,0.0,0.0,0.0,0.0,0.0,1.0,0.0,0.0,0.0,0.0,1.0,0.0,0.0,0.0,0.0,Y,Motorvehicle; Scooter,Y, , , ,1.0, , , , ,0.0,Going straight,Southeast,No contributing action,No apparent contributing factor,Northeast,No contributing action,Unknown,1.0,Y, ,4,Friday,09
1237562,2024-044519,39.76001478,-104.8905208,2024-10-11,2026-04-19 18:08:00,DENVER,DENVER,DPD,2/532E, ,Pedestrian,Pedestrian,0,1,0,0,2.0,0,0,0, CENTRAL PARK BLVD,E MLK JR BLVD, CENTRAL PARK BLVD & E MLK JR BLVD,0.0,At the intersection, ,0.0, ,0,0,0,0.0, , ,On-roadway,S04,Collision with Non-Motorist:Pedestrian,Collision with Non-Motorist:Pedestrian, , ,Collision with Non-Motorist:Pedestrian,Level,At Intersection,Not Applicable,Dawn or Dusk,Dry,Clear, , ,4,Straight,1.0, ,DR3447,MLKJR, , , ,1.0,2.0,0.0,1.0,0.0,0.0,0.0,0.0,0.0,0.0,0.0,2.0,0.0,1.0,0.0,0.0,Y,Motorvehicle; Scooter,Y, , , ,1.0, , , , ,0.0,Going straight,East,No contributing action,No apparent contributing factor,North; North,Traveling along roadway against traffic (in or adjacent to travel lane); Traveling along roadway against traffic (in or adjacent to travel lane),Inexperience; No apparent contributing factor,1.0,Y, ,4,Friday,18
1237955,2024-044757,39.75414459,-104.98930011,2024-10-10,2026-04-19 19:39:00,DENVER,DENVER,DPD,3/651F, ,Pedestrian,Pedestrian,0,1,0,0,1.0,0,0,0,22ND ST,LAWRENCE ST,22ND ST & LAWRENCE ST,0.0, ,E,0.0, ,0,0,0,0.0, , ,On-roadway,E01,Collision with Non-Motorist:Pedestrian, , , ,Collision with Non-Motorist:Pedestrian,Level,At Intersection,Not Applicable,Dark-Lighted,Dry,Clear, , ,30,Straight,1.0, ,DR3447,LAWRE, , , ,1.0,3.0,0.0,0.0,1.0,0.0,1.0,0.0,0.0,0.0,0.0,1.0,0.0,0.0,1.0,0.0,Y,Motorvehicle; Scooter,Y, , , ,1.0, , , , ,0.0,Going straight,Southeast,No contributing action,No apparent contributing factor,Northeast,"Cross/enter at intersection; Failure to obey traffic signs, signals, or officer",Age/ability; Looked/did not see,1.0,Y, ,4,Thursday,19
1237957,2024-044759,39.75199625,-104.97813386,2024-10-06,2026-04-19 10:15:00,DENVER,DENVER,DPD,1 / 213A, ,Pedestrian,Pedestrian,0,0,0,0,0.0,0,0,0, WASHINGTON ST,E 24TH AVE, WASHINGTON ST & E 24TH AVE,0.0,At the intersection, ,0.0, ,0,0,0,0.0, , ,On-roadway, ,Collision with Non-Motorist:Pedestrian, , , ,Collision with Non-Motorist:Pedestrian,Downhill,At Intersection,Not Applicable,Daylight,Dry,Clear, , ,0,Straight,2.0, ,DR3447,A0024, , , ,1.0,0.0,0.0,0.0,0.0,0.0,2.0,0.0,0.0,0.0,0.0,1.0,0.0,0.0,0.0,0.0,Y,Motorvehicle; Scooter,Y, , , ,1.0,Making left turn,West,Failed to yield row,No apparent contributing factor,25.0, , , , ,South,Other,Unknown,1.0,Y, ,4,Sunday,10
1238088,2024-044850,39.74165529,-104.97339231,2024-10-09,2026-04-19 16:03:00,DENVER,DENVER,DPD,2/632B, ,Pedestrian,Pedestrian,0,1,0,0,1.0,0,0,0,E 16TH AVE,N DOWNING ST,E 16TH AVE & N DOWNING ST,0.0, , ,0.0, ,0,0,0,0.0, , ,On-roadway, ,Collision with Non-Motorist:Pedestrian, , , ,Collision with Non-Motorist:Pedestrian,Level,At Intersection,Not Applicable,Daylight,Dry,Clear, , ,0,Straight,1.0, ,DR3447,DOWNI, , , ,1.0,2.0,0.0,1.0,0.0,0.0,1.0,0.0,0.0,0.0,0.0,1.0,0.0,1.0,0.0,0.0,Y,Motorvehicle; Scooter,Y, , , ,1.0,Making right turn,East,Careless driving,Unknown,25.0, , , , ,South,No contributing action,No apparent contributing factor,1.0,Y, ,4,Wednesday,16
1238246,2024-044916,39.74013747,-104.94300499,2024-09-10,2026-04-19 08:09:00,DENVER,DENVER,DPD,2 TRU204,1,Pedestrian,Pedestrian,0,0,0,0,0.0,0,0,0, JACKSON ST,E COLFAX AVE, JACKSON ST & E COLFAX AVE,0.0,At the intersection, ,299.0, ,0,1,0,0.25,Miles,E,On-roadway,W01,Collision with Non-Motorist:Pedestrian, , , ,Collision with Non-Motorist:Pedestrian,Level,At Intersection,Not Applicable,Daylight,Dry,Clear, ,40,1,Straight,2.0, ,DR3447, , , , ,1.0,0.0,0.0,0.0,0.0,0.0,1.0,0.0,0.0,0.0,0.0,1.0,0.0,0.0,0.0,0.0,Y,Motorvehicle; Scooter,Y, , , ,1.0, , , , ,0.0,Stopped in traffic,South,No contributing action,No apparent contributing factor,South,Other,Unknown,1.0,Y, ,3,Tuesday,08
1238433,2024-045048,39.76932988,-104.98011358,2024-10-09,2026-04-19 19:22:00,DENVER,DENVER,DPD,2 / 233B, ,Pedestrian,Pedestrian,0,2,0,0,1.0,0,0,0, BRIGHTON BLVD,35TH ST, BRIGHTON BLVD & 35TH ST,500.0,Feet,S,0.0, ,0,0,0,0.0, , ,Ran off right side,N02,Collision with Non-Motorist:Pedestrian, , , ,Collision with Non-Motorist:Pedestrian,Level,Driveway Access Related,Not Applicable,Dark-Unlighted,Dry,Clear, , ,1,Straight,1.0, ,DR3447,S0035, , , ,1.0,2.0,0.0,2.0,0.0,0.0,1.0,0.0,1.0,0.0,0.0,1.0,0.0,1.0,0.0,0.0,Y,Motorvehicle; Scooter,Y, , , ,1.0,Making right turn,Northeast,Failed to yield row,Looked/did not see,30.0, , , , ,Northeast,No contributing action,No apparent contributing factor,1.0,Y, ,4,Wednesday,19
1238447,2024-045058,39.74003154,-104.98232738,2024-10-10,2026-04-19 17:16:00,DENVER,DENVER,DPD,2 / 641B, ,Pedestrian,Pedestrian,0,1,0,0,1.0,0,0,0,E COLFAX AVE,N LOGAN ST,E COLFAX AVE & N LOGAN ST,0.0,At the intersection, ,297.0, ,0,1,0,2000.0,Feet,E,On-roadway,N02,Collision with Non-Motorist:Pedestrian, , , ,Collision with Non-Motorist:Pedestrian,Level,At Intersection,Not Applicable,Daylight,Dry,Clear, ,40,2,Straight,1.0, ,DR3447, , , , ,1.0,3.0,0.0,0.0,1.0,0.0,1.0,0.0,0.0,0.0,0.0,1.0,0.0,0.0,1.0,0.0,Y,Motorvehicle; Scooter,Y, , , ,1.0, , , , ,0.0,Going straight,North,No contributing action,No apparent contributing factor,West,"Failure to obey traffic signs, signals, or officer; Cross/enter at intersection",Other factor,1.0,Y, ,4,Thursday,17
1238985,2024-045332,39.78561336,-105.0252058,2024-10-08,2026-04-19 20:44:00,DENVER,DENVER,DPD,1-131, ,Pedestrian,Pedestrian,0,1,0,0,1.0,0,0,0, FEDERAL BLVD,W 49TH AVE, FEDERAL BLVD & W 49TH AVE,0.0,At the intersection,W,285.85, ,0,1,0,0.0,At the milepoint, ,On-roadway,W02,Collision with Non-Motorist:Pedestrian, , , ,Collision with Non-Motorist:Pedestrian, ,At Intersection,Not Applicable,Dark-Lighted,Dry,Clear, , ,1,Straight,1.0, ,DR3447, , , , ,1.0,3.0,0.0,0.0,1.0,0.0,1.0,0.0,0.0,0.0,0.0,1.0,0.0,0.0,1.0,0.0,Y,Motorvehicle; Scooter,Y, , , ,1.0, , , , ,0.0,Making left turn,North,No contributing action,Looked/did not see,East,No contributing action,No apparent contributing factor,1.0,Y, ,4,Tuesday,20
1239094,2024-045400,39.74327312,-104.98199957,2024-09-25,2026-04-19 16:00:00,DENVER,DENVER,DPD,2/604,1,Pedestrian,Pedestrian,0,1,0,0,1.0,0,0,0,E 17TH AVE,N LOGAN ST,E 17TH AVE & N LOGAN ST,100.0,Feet,E,0.0, ,0,0,0,0.0, , ,On-roadway,E01,Collision with Non-Motorist:Pedestrian, , , ,Collision with Non-Motorist:Pedestrian,Level,Non-intersection,Not Applicable,Daylight,Dry,Clear, , ,0,Straight,1.0, ,DR3447,LOGAN, , , ,1.0,2.0,0.0,1.0,0.0,0.0,1.0,0.0,0.0,0.0,0.0,1.0,0.0,1.0,0.0,0.0,Y,Motorvehicle; Scooter,Y, , , ,1.0,Entering/leaving parked position,East,Failed to yield row,Looked/did not see,25.0, , , , ,West,No contributing action,No apparent contributing factor,1.0,Y, ,3,Wednesday,16
1241451,2024-046769,39.71120975,-104.99920316,2024-10-18,2026-04-19 13:10:00,DENVER,DENVER,DPD,2/CRT62, ,Pedestrian,Pedestrian,0,2,0,0,2.0,0,0,0,W ALAMEDA AVE,I-25,W ALAMEDA AVE & I-25,0.0,At the intersection, ,0.0, ,0,1,0,0.0, , ,On-roadway,W02,Collision with Non-Motorist:Pedestrian,Collision with Non-Motorist:Pedestrian, , ,Collision with Non-Motorist:Pedestrian,Level,At Intersection,Not Applicable,Daylight,Dry,Cloudy, , ,1,Straight,1.0, ,DR3447, , , , ,1.0,1.0,2.0,0.0,0.0,0.0,2.0,0.0,0.0,0.0,0.0,2.0,2.0,0.0,0.0,0.0,Y,Motorvehicle; Pedestrian; Scooter,Y, ,Y, ,1.0, , , , ,0.0,Making right turn,South,No contributing action,No apparent contributing factor,West; West,Other; Cross/enter at intersection,Aggressive; Unfamiliar with area; No apparent contributing factor,1.0,Y, ,4,Friday,13
1241500,2024-046816,39.68949233,-105.02506062,2024-10-24,2026-04-19 15:50:00,DENVER,DENVER,DPD,2/442E, ,Nan,Nan,0,0,0,0,2.0,0,0,0,W FLORIDA AVE,S FEDERAL BLVD,W FLORIDA AVE & S FEDERAL BLVD,0.0, , ,0.0, ,0,0,0,0.0, , ,On Private Property,S02,Collision with Non-Motorist:Pedestrian, , , ,Collision with Non-Motorist:Pedestrian,Level,Parking Lot,Not Applicable,Daylight,Dry,Clear, , ,0,Straight,1.0, ,DR3447,FEDER, , , ,1.0,0.0,0.0,0.0,0.0,0.0,1.0,0.0,0.0,0.0,0.0,2.0,0.0,0.0,0.0,0.0,Y,Motorvehicle; Scooter,Y, , , ,1.0,Making right turn,Southwest,Other contributing action,No apparent contributing factor,35.0, , , , ,Unknown; Unknown,Traveling on sidewalk with traffic; Unknown,Other factor; Unknown,1.0, ,Y,4,Thursday,15
1241563,2024-046867,39.73840386,-104.96599826,2024-10-26,2026-04-19 02:34:00,DENVER,DENVER,DPD,3 / 662A, ,Pedestrian,Pedestrian,0,0,0,0,0.0,0,0,0, WILLIAMS ST,E 14TH AVE, WILLIAMS ST & E 14TH AVE,0.0, , ,0.0, ,0,0,0,0.0, , ,On-roadway,E01,Collision with Non-Motorist:Pedestrian, , , ,Collision with Non-Motorist:Pedestrian,Level,At Intersection,Not Applicable,Dark-Lighted,Dry,Clear, , ,1,Straight,2.0, ,DR3447,A0014, , , ,1.0,0.0,0.0,0.0,0.0,0.0,1.0,0.0,0.0,0.0,0.0,1.0,0.0,0.0,0.0,0.0,Y,Motorvehicle; Scooter,Y, , , ,1.0, , , , ,0.0,Going straight,East,No contributing action,No apparent contributing factor,South,"Failure to obey traffic signs, signals, or officer",No apparent contributing factor,1.0,Y, ,4,Saturday,02
1241642,2024-046912,39.71940159,-104.94062724,2024-10-21,2026-04-19 10:59:00,DENVER,DENVER,DPD,1/326S, ,Pedestrian,Pedestrian,0,0,0,0,1.0,0,0,0, COLORADO BLVD,E 2ND AVE, COLORADO BLVD & E 2ND AVE,0.0,At the intersection, ,4.0, ,0,1,0,0.5,Miles,N,On-roadway,S03,Collision with Non-Motorist:Pedestrian, , , ,Collision with Non-Motorist:Pedestrian,Uphill,At Intersection,Not Applicable,Daylight,Wet,Rain, ,002A,1,Straight,1.0, ,DR3447, , , , ,1.0,0.0,0.0,0.0,0.0,0.0,1.0,0.0,0.0,0.0,0.0,1.0,0.0,0.0,0.0,0.0,Y,Motorvehicle; Scooter,Y, , , ,1.0, , , , ,0.0,Making right turn,East,No contributing action,No apparent contributing factor,North,Traveling along roadway against traffic (in or adjacent to travel lane),Inexperience,1.0,Y, ,4,Monday,10
1241936,2024-047084,39.75507828,-104.98810094,2024-10-22,2026-04-19 15:55:00,DENVER,DENVER,DPD,2    632A, ,Pedestrian,Pedestrian,0,1,0,0,1.0,0,0,0,PARK AVE W,LAWRENCE ST,PARK AVE W & LAWRENCE ST,0.0,At the intersection, ,0.0, ,0,0,0,0.0, , ,On-roadway,W01,Collision with Non-Motorist:Pedestrian, , , ,Collision with Non-Motorist:Pedestrian,Level,At Intersection,Not Applicable,Daylight,Dry,Clear, , ,1,Straight,1.0, ,DR3447,LAWRE, , , ,1.0,2.0,0.0,1.0,0.0,0.0,1.0,0.0,0.0,0.0,0.0,1.0,0.0,1.0,0.0,0.0,Y,Motorvehicle; Scooter,Y, , , ,1.0, , , , ,0.0,Going straight,Northwest,No contributing action,No apparent contributing factor,Southwest,Dart/dash; Failure to yield right-of-way,Aggressive; Looked/did not see,1.0,Y, ,4,Tuesday,15
1241950,2024-047091,39.75709273,-104.99072718,2024-10-22,2026-04-19 16:19:00,DENVER,DENVER,DPD,2/645S, ,Pedestrian,Pedestrian,0,1,0,0,1.0,0,0,0,BLAKE ST,PARK AVE W,BLAKE ST & PARK AVE W,5.0,Feet,SW,0.0, ,0,0,0,0.0, , ,On-roadway, ,Collision with Non-Motorist:Pedestrian, , , ,Collision with Non-Motorist:Pedestrian,Level,At Intersection,Not Applicable,Daylight,Dry,Clear, , ,0,Straight,1.0, ,DR3447,PARKA, , , ,1.0,2.0,0.0,1.0,0.0,0.0,1.0,0.0,0.0,0.0,0.0,1.0,0.0,1.0,0.0,0.0,Y,Motorvehicle; Scooter,Y, , , ,1.0, , , , ,0.0,Making right turn,Southwest,No contributing action,Not observed,Southwest,Cross/enter at intersection,No apparent contributing factor,1.0,Y, ,4,Tuesday,16
1242949,2024-047695,39.72562519,-104.97877435,2024-10-29,2026-04-19 19:24:00,DENVER,DENVER,DPD,2/333C, ,Pedestrian,Pedestrian,0,1,0,0,1.0,0,0,0,E 6TH AVE,N WASHINGTON ST,E 6TH AVE & N WASHINGTON ST,0.0,At the intersection, ,0.0, ,0,0,0,0.0, , ,On-roadway, ,Collision with Non-Motorist:Pedestrian, , , ,Collision with Non-Motorist:Pedestrian,Level,At Intersection,Not Applicable,Dark-Lighted,Dry,Clear, , ,0,Straight,1.0, ,DR3447,WASHI, , , ,1.0,1.0,1.0,0.0,0.0,0.0,1.0,0.0,0.0,0.0,0.0,1.0,1.0,0.0,0.0,0.0,Y,Motorvehicle; Scooter,Y, , , ,1.0, , , , ,0.0,Going straight,East,No contributing action,No apparent contributing factor,East,Failure to yield right-of-way,Distracted/cell phone,1.0,Y, ,4,Tuesday,19
1243480,2024-048037,39.68497908,-105.0250115,2024-10-16,2026-04-19 15:22:00,DENVER,DENVER,DPD,2/431T, ,Pedestrian,Pedestrian,0,0,0,0,0.0,0,0,0, FEDERAL BLVD,W COLORADO AVE, FEDERAL BLVD & W COLORADO AVE,36.0,Feet,W,3.75, ,0,1,0,1000.0,Feet,N,On-roadway,E01,Collision with Non-Motorist:Pedestrian, , , ,Collision with Non-Motorist:Pedestrian,Level,At Intersection,Not Applicable,Daylight,Dry,Clear, , ,0,Straight,2.0, ,DR3447, , , , ,1.0,0.0,0.0,0.0,0.0,0.0,4.0,0.0,0.0,0.0,0.0,1.0,0.0,0.0,0.0,0.0,Y,Motorvehicle; Scooter,Y, , , ,1.0, , , , ,0.0,Stopped in traffic,East,No contributing action,No apparent contributing factor,South,"Cross/enter at intersection; Failure to obey traffic signs, signals, or officer",No apparent contributing factor,1.0,Y, ,4,Wednesday,15
1243494,2024-048045,39.75583871,-104.99875059,2024-10-29,2026-04-19 15:32:00,DENVER,DENVER,DPD,2/645S, ,Pedestrian,Pedestrian,0,1,0,0,1.0,0,0,0,19TH ST,WEWATTA ST,19TH ST & WEWATTA ST,0.0, , ,0.0, ,0,0,0,0.0, , ,On-roadway,W01,Collision with Non-Motorist:Pedestrian, , , ,Collision with Non-Motorist:Pedestrian,Level,At Intersection,Not Applicable,Daylight,Dry,Clear, , ,1,Straight,1.0, ,DR3447,WEWAT, , , ,1.0,2.0,0.0,1.0,0.0,0.0,1.0,0.0,0.0,0.0,0.0,1.0,0.0,1.0,0.0,0.0,Y,Motorvehicle; Scooter,Y, , , ,1.0, , , , ,0.0,Making right turn,Southeast,Other contributing action,Other factor,Northeast,Cross/enter at intersection,Other factor,1.0,Y, ,4,Tuesday,15
1243516,2024-048058,39.67846249,-104.99754625,2024-10-30,2026-04-19 16:39:00,DENVER,DENVER,DPD,2 / 333c, ,Pedestrian,Pedestrian,0,1,0,0,1.0,0,0,0,W EVANS AVE,S PLATTE RIVER DR,W EVANS AVE & S PLATTE RIVER DR,0.0,At the intersection, ,0.0, ,0,0,0,0.0, , ,On-roadway,S01,Collision with Non-Motorist:Pedestrian, , , ,Collision with Non-Motorist:Pedestrian,Level,At Intersection,Not Applicable,Dawn or Dusk,Wet,Rain, , ,0,Straight,1.0, ,DR3447,PLATT, , , ,1.0,1.0,1.0,0.0,0.0,0.0,1.0,0.0,0.0,0.0,0.0,1.0,1.0,0.0,0.0,0.0,Y,Motorvehicle; Scooter,Y, , , ,1.0, , , , ,0.0,Stopped in traffic,South,No contributing action,No apparent contributing factor,South,Dart/dash; Traveling on sidealk against traffic,Looked/did not see,1.0,Y, ,4,Wednesday,16
1243983,2024-048354,39.75365591,-104.99341874,2024-09-07,2026-04-19 03:30:00,DENVER,DENVER,DPD,3/651C,1,Pedestrian,Pedestrian,0,1,0,0,1.0,0,0,0,20TH ST,MARKET ST,20TH ST & MARKET ST,0.0,At the intersection,W,0.0, ,0,0,0,0.0, , ,On-roadway, ,Collision with Non-Motorist:Pedestrian, , , ,Collision with Non-Motorist:Pedestrian,Level,At Intersection,Not Applicable,Dark-Lighted,Dry,Clear, , ,0, ,1.0, ,DR3447,MARKE, , , ,1.0,1.0,1.0,0.0,0.0,0.0,1.0,0.0,0.0,0.0,0.0,1.0,1.0,0.0,0.0,0.0,Y,Motorvehicle; Scooter,Y, , , ,1.0,Going straight,East,Unknown,Unknown,99.0, , , , ,South,Cross/enter at intersection,Unknown,1.0,Y, ,3,Saturday,03
1244727,2024-048750,39.74397398,-105.04402349,2024-11-02,2026-04-19 21:03:00,DENVER,DENVER,DPD,2/141A, ,Pedestrian,Pedestrian,0,1,0,0,1.0,0,0,0,W 17TH AVE,N TENNYSON ST,W 17TH AVE & N TENNYSON ST,0.0,At the intersection,SW,0.0, ,0,0,0,0.0, ,W,On-roadway,E01,Collision with Non-Motorist:Pedestrian, , , ,Collision with Non-Motorist:Pedestrian,Level,At Intersection,Not Applicable,Dark-Lighted,Dry,Clear, , ,1,Straight,1.0, ,DR3447,TENNY, , , ,1.0,3.0,0.0,0.0,1.0,0.0,1.0,0.0,0.0,0.0,0.0,1.0,0.0,0.0,1.0,0.0,Y,Motorvehicle; Scooter,Y, , , ,1.0, , , , ,0.0,Making right turn,East,No contributing action,No apparent contributing factor,East,Improper passing,Other factor,1.0,Y, ,4,Saturday,21
1244732,2024-048754,39.7705073,-105.01120816,2024-11-02,2026-04-19 23:06:00,DENVER,DENVER,DPD,3/152C, ,Pedestrian,Pedestrian,0,1,0,0,1.0,0,0,0,W 39TH AVE,N TEJON ST,W 39TH AVE & N TEJON ST,15.0,Feet,S,0.0, ,0,0,0,0.0, , ,On-roadway, ,Collision with Non-Motorist:Pedestrian,Collision with Other Vehicle:Parked Motor Vehicle, , ,Collision with Non-Motorist:Pedestrian,Level,Non-intersection,Not Applicable,Dark-Lighted,Dry,Clear, , ,0,Straight,1.0, ,DR3447,TEJON, , , ,1.0,3.0,0.0,0.0,1.0,0.0,1.0,0.0,0.0,0.0,0.0,1.0,0.0,0.0,1.0,0.0,Y,Motorvehicle; Scooter,Y, , , ,1.0, , , , ,0.0,Parked,South,No contributing action,No apparent contributing factor,North,No contributing action,No apparent contributing factor,1.0,Y, ,4,Saturday,23
1245739,2024-049406,39.74346347,-104.95917199,2024-11-05,2026-04-19 12:05:00,DENVER,DENVER,DPD,1-CRT23, ,Pedestrian,Pedestrian,0,0,0,0,1.0,0,0,0, JOSEPHINE ST,E 17TH AVE, JOSEPHINE ST & E 17TH AVE,0.0,At the intersection, ,0.0, ,0,0,0,0.0, , ,On-roadway,S01,Collision with Non-Motorist:Pedestrian, , , ,Collision with Non-Motorist:Pedestrian,Level,Driveway Access Related,Not Applicable,Daylight,Dry,Clear, , ,0,Straight,1.0, ,DR3447,A0017, , , ,1.0,0.0,0.0,0.0,0.0,0.0,2.0,0.0,0.0,0.0,0.0,1.0,0.0,0.0,0.0,0.0,Y,Motorvehicle; Scooter,Y, , , ,1.0, , , , ,0.0,Going straight,West,No contributing action,No apparent contributing factor,South,Other,No apparent contributing factor,1.0,Y, ,4,Tuesday,12
1248078,2024-050816,39.66938272,-104.94770356,2024-11-15,2026-04-19 08:23:00,DENVER,DENVER,DPD,1/CRT35, ,Pedestrian,Pedestrian,0,1,0,0,1.0,0,0,0, COOK ST,E VASSAR AVE, COOK ST & E VASSAR AVE,0.0,At the intersection, ,0.0, ,0,0,0,0.0, , ,On-roadway,E01,Non-Collision:Other Non-Collision,Collision with Non-Motorist:Pedestrian, , ,Collision with Non-Motorist:Pedestrian,Level,At Intersection,Not Applicable,Daylight,Dry,Cloudy, , ,0,Straight,1.0, ,DR3447,VASSA, , , ,1.0,2.0,0.0,1.0,0.0,0.0,1.0,0.0,0.0,0.0,0.0,1.0,0.0,1.0,0.0,0.0,Y,Motorvehicle; Scooter,Y, , , ,1.0,Going straight,South,Failed to yield row,Looked/did not see,25.0, , , , ,East,No contributing action,No apparent contributing factor,1.0,Y, ,4,Friday,08
1249010,2024-051372,39.75052234,-104.96345253,2024-11-13,2026-04-19 20:29:00,DENVER,DENVER,DPD,2/CRT62, ,Pedestrian,Pedestrian,0,1,0,0,1.0,0,0,0, RACE ST,E 23RD AVE, RACE ST & E 23RD AVE,75.0,Feet,S,0.0, ,0,0,0,0.0, , ,On-roadway,N01,Collision with Non-Motorist:Pedestrian,Collision with Other Vehicle:Parked Motor Vehicle, , ,Collision with Non-Motorist:Pedestrian,Level,Non-intersection,Not Applicable,Dark-Unlighted,Dry,Clear, , ,1,Straight,1.0, ,DR3447,A0023, , , ,1.0,1.0,1.0,0.0,0.0,0.0,0.0,0.0,0.0,0.0,0.0,1.0,1.0,0.0,0.0,0.0,Y,Motorvehicle; Scooter,Y, , , ,1.0, , , , ,0.0,Parked,North,No contributing action,No apparent contributing factor,North,Other,Inexperience; Other factor,1.0,Y, ,4,Wednesday,20
1249835,2024-051868,39.703882,-104.98748883,2024-11-16,2026-04-19 02:33:00,DENVER,DENVER,DPD,3 / 352B, ,Pedestrian,Pedestrian,0,1,0,0,1.0,0,0,0, BROADWAY ST,E EXPOSITION AVE, BROADWAY ST & E EXPOSITION AVE,0.0,At the intersection, ,0.0, ,0,0,0,0.0, , ,On-roadway,S02,Collision with Non-Motorist:Pedestrian,Collision with Object:Other non-Fixed Object, , ,Collision with Non-Motorist:Pedestrian,Level,At Intersection,Not Applicable,Dark-Lighted,Dry,Clear, , ,2,Straight,2.0, ,DR3447,EXPOS, , , ,1.0,3.0,0.0,0.0,1.0,0.0,3.0,0.0,0.0,0.0,0.0,1.0,0.0,0.0,1.0,0.0,Y,Motorvehicle; Scooter,Y, , , ,2.0,Going straight,South,Reckless driving,No apparent contributing factor,35.0,Going straight,South,No contributing action,No apparent contributing factor,South,No contributing action,No apparent contributing factor,1.0,Y, ,4,Saturday,02
1250659,2024-052392,39.74645604,-104.9992346,2024-11-25,2026-04-19 13:45:00,DENVER,DENVER,DPD,1-CRT64, ,Pedestrian,Pedestrian,0,0,0,0,1.0,0,0,0,LAWRENCE ST,14TH ST,LAWRENCE ST & 14TH ST,110.0,Feet,S,0.0, ,0,0,0,0.0, , ,On-roadway, ,Collision with Non-Motorist:Pedestrian,Collision with Other Vehicle:Parked Motor Vehicle, , ,Collision with Non-Motorist:Pedestrian,Level,Non-intersection,Not Applicable,Daylight,Dry,Clear, , ,0,Straight,1.0, ,DR3447,S0014, , , ,1.0,0.0,0.0,0.0,0.0,0.0,0.0,0.0,0.0,0.0,0.0,1.0,0.0,0.0,0.0,0.0,Y,Motorvehicle; Scooter,Y, , , ,1.0, , , , ,0.0,Parked,Northeast,No contributing action,No apparent contributing factor,Southwest,Other; Traveling along roadway against traffic (in or adjacent to travel lane),No apparent contributing factor,1.0,Y, ,4,Monday,13
1252257,2024-053365,39.75630501,-105.01583575,2024-12-02,2026-04-19 16:15:00,DENVER,DENVER,DPD,2/133A, ,Pedestrian,Pedestrian,0,1,0,0,1.0,0,0,0, SPEER BLVD,N ZUNI ST, SPEER BLVD & N ZUNI ST,0.0,At the intersection, ,0.0, ,0,0,0,0.0, , ,On-roadway,N01,Collision with Non-Motorist:Pedestrian, , , ,Collision with Non-Motorist:Pedestrian,Level,At Intersection,Not Applicable,Daylight,Dry,Clear, , ,0,Straight,1.0, ,DR3447,ZUNIS, , , ,1.0,1.0,1.0,0.0,0.0,0.0,1.0,0.0,0.0,0.0,0.0,1.0,1.0,0.0,0.0,0.0,Y,Motorvehicle; Scooter,Y, , , ,1.0, , , , ,0.0,Going straight,North,No contributing action,No apparent contributing factor,Northwest,"Cross/enter at intersection; Failure to obey traffic signs, signals, or officer",Aggressive,1.0,Y, ,4,Monday,16
1253518,2024-054144,39.74167218,-104.9798962,2024-12-04,2026-04-19 15:04:00,DENVER,DENVER,DPD,2 / 645S, ,Pedestrian,Pedestrian,0,1,0,0,1.0,0,0,0,E 16TH AVE,N PEARL ST,E 16TH AVE & N PEARL ST,0.0, , ,0.0, ,0,0,0,0.0, , ,On-roadway, ,Collision with Non-Motorist:Pedestrian, , , ,Collision with Non-Motorist:Pedestrian,Level,Crossover Related,Not Applicable,Daylight,Dry,Clear, , ,0,Straight,1.0, ,DR3447,PEARL, , , ,1.0,1.0,1.0,0.0,0.0,0.0,1.0,0.0,0.0,0.0,0.0,1.0,1.0,0.0,0.0,0.0,Y,Motorvehicle; Scooter,Y, , , ,1.0, , , , ,0.0,Going straight,North,No contributing action,No apparent contributing factor,West,Traveling on sidealk against traffic,Looked/did not see,1.0,Y, ,4,Wednesday,15
1253553,2024-054168,39.77513469,-104.95414515,2024-12-08,2026-04-19 00:58:00,DENVER,DENVER,DPD,3/252B, ,Pedestrian,Pedestrian,0,0,0,0,0.0,0,0,0, CLAYTON ST,E 42ND AVE, CLAYTON ST & E 42ND AVE,20.0,Feet, ,0.0, ,0,0,0,0.0, , ,On-roadway,S01,Collision with Non-Motorist:Pedestrian, , , ,Collision with Non-Motorist:Pedestrian,Level,Railroad Crossing Related,Not Applicable,Dark-Lighted,Dry,Clear, , ,0,Straight,2.0, ,DR3447,A0042, , , ,1.0,0.0,0.0,0.0,0.0,0.0,1.0,0.0,0.0,0.0,0.0,1.0,0.0,0.0,0.0,0.0,Y,Motorvehicle; Scooter,Y, , , ,1.0, , , , ,0.0,Going straight,East,No contributing action,No apparent contributing factor,South,Other,Distracted-manipulating electronic device,1.0,Y, ,4,Sunday,00
1253897,2024-054371,39.74397854,-105.05092414,2024-12-09,2026-04-19 06:56:00,DENVER,DENVER,DPD,1/CRT11, ,Pedestrian,Pedestrian,0,0,0,0,1.0,0,0,0, YATES ST,W 17TH AVE, YATES ST & W 17TH AVE,0.0,At the intersection, ,0.0, ,0,0,0,0.0, , ,On-roadway, ,Collision with Non-Motorist:Pedestrian, , , ,Collision with Non-Motorist:Pedestrian,Level,At Intersection,Not Applicable,Dawn or Dusk,Dry,Cloudy, , ,0,Straight,1.0, ,DR3447,A0017, , , ,1.0,0.0,0.0,0.0,0.0,0.0,1.0,0.0,0.0,0.0,0.0,1.0,0.0,0.0,0.0,0.0,Y,Motorvehicle; Scooter,Y, , , ,1.0,Making left turn,North,Failed to yield row,Looked/did not see,20.0, , , , ,East,No contributing action,No apparent contributing factor,1.0,Y, ,4,Monday,06
1254336,2024-054634,39.72773952,-104.98828724,2024-12-03,2026-04-19 13:30:00,DENVER,DENVER,DPD,2/335S,9,Pedestrian,Pedestrian,0,1,0,0,1.0,0,0,0,W SPEER BLVD,N BROADWAY ST,W SPEER BLVD & N BROADWAY ST,300.0,Feet,NW,0.0, ,0,0,0,0.0, , ,Ran off right side,WRS,Collision with Non-Motorist:Pedestrian, , , ,Collision with Non-Motorist:Pedestrian,Level,Crossover Related,Not Applicable,Daylight,Dry,Clear, , ,0,Straight,1.0, ,DR3447,BROAD, , , ,1.0,2.0,0.0,1.0,0.0,0.0,0.0,0.0,0.0,0.0,0.0,1.0,0.0,1.0,0.0,0.0,Y,Motorvehicle; Scooter,Y, , , ,1.0,Going straight,South,Careless driving,Not observed,15.0, , , , ,Southeast,No contributing action,No apparent contributing factor,1.0,Y, ,4,Tuesday,13
1254741,2024-054846,39.73845977,-104.99764615,2024-12-10,2026-04-19 18:43:00,DENVER,DENVER,DPD,2, ,Pedestrian,Pedestrian,0,1,0,1,1.0,0,0,0, SPEER BLVD,W 14TH AVE, SPEER BLVD & W 14TH AVE,0.0,At the intersection,N,0.0, ,0,0,0,0.0, , ,On-roadway,S04,Collision with Non-Motorist:Pedestrian, , , ,Collision with Non-Motorist:Pedestrian,Level,At Intersection,Not Applicable,Dark-Lighted,Dry,Wind, , ,0,Straight,1.0, ,DR3447,A0014, , , ,1.0,2.0,0.0,1.0,0.0,0.0,1.0,0.0,0.0,0.0,0.0,1.0,0.0,1.0,0.0,0.0,Y,Motorvehicle; Scooter,Y, , , ,1.0, , , , ,0.0,Going straight,South,No contributing action,Looked/did not see,West,Cross/enter at intersection,Looked/did not see,1.0,Y, ,4,Tuesday,18
1255697,2024-055464,39.68052524,-105.02481912,2024-11-19,2026-04-19 12:21:00,DENVER,DENVER,DPD,1/CRT42,1,Pedestrian,Pedestrian,0,1,0,0,1.0,0,0,0,W ASBURY AVE,S FEDERAL BLVD,W ASBURY AVE & S FEDERAL BLVD,35.0,Feet,E,0.0, ,0,1,0,0.0, , ,On-roadway,W01,Collision with Non-Motorist:Pedestrian, , , ,Collision with Non-Motorist:Pedestrian,Level,Intersection Related,Not Applicable,Daylight,Dry,Clear, , ,0,Straight,1.0, ,DR3447, , , , ,1.0,3.0,0.0,0.0,1.0,0.0,1.0,0.0,0.0,0.0,0.0,1.0,0.0,0.0,1.0,0.0,Y,Motorvehicle; Scooter,Y, , , ,1.0, , , , ,0.0,Going straight,West,No contributing action,Age/driver ability,South,Dart/dash; Failure to yield right-of-way,Aggressive,1.0,Y, ,4,Tuesday,12
1255981,2024-055656,39.70041297,-105.04695935,2024-12-12,2026-04-19 08:00:00,DENVER,DENVER,DPD,1-CRT40, ,Pedestrian,Pedestrian,0,1,0,0,1.0,0,0,0,W KENTUCKY AVE,S VRAIN ST,W KENTUCKY AVE & S VRAIN ST,0.0,At the intersection, ,0.0, ,0,0,0,0.0, , ,On-roadway, ,Collision with Non-Motorist:Pedestrian, , , ,Collision with Non-Motorist:Pedestrian,Level,At Intersection,Not Applicable,Daylight,Dry,Clear, , ,0,Straight,1.0, ,DR3447,VRAIN, , , ,1.0,2.0,0.0,1.0,0.0,0.0,2.0,0.0,0.0,0.0,0.0,1.0,0.0,1.0,0.0,0.0,Y,Motorvehicle; Scooter,Y, , , ,1.0, , , , ,0.0,Going straight,South,No contributing action,No apparent contributing factor,West,No contributing action,No apparent contributing factor,1.0,Y, ,4,Thursday,08
1256581,2024-056002,39.68758267,-104.98044204,2024-12-16,2026-04-19 10:00:00,DENVER,DENVER,DPD,2/CRT37,2,Pedestrian,Pedestrian,0,0,0,0,1.0,0,0,0, PEARL ST,E IOWA AVE, PEARL ST & E IOWA AVE,20.0,Feet,W,0.0, ,0,0,0,0.0, , ,On-roadway,S01,Collision with Non-Motorist:Pedestrian, , , ,Collision with Non-Motorist:Pedestrian,Level,Driveway Access Related,Not Applicable,Daylight,Dry,Clear, , ,0,Straight,1.0, ,DR3447,IOWAA, , , ,1.0,0.0,0.0,0.0,0.0,0.0,1.0,0.0,0.0,0.0,0.0,1.0,0.0,0.0,0.0,0.0,Y,Motorvehicle; Scooter,Y, , , ,1.0,Going straight,East,Unknown,Unknown,99.0, , , , ,North,No contributing action,No apparent contributing factor,1.0,Y, ,4,Monday,10
1256851,2024-056091,39.71657696,-104.98750189,2024-12-16,2026-04-19 13:01:00,DENVER,DENVER,DPD,1/CRT32,2,Pedestrian,Pedestrian,0,0,0,0,1.0,0,0,0, BROADWAY ST,E ELLSWORTH AVE, BROADWAY ST & E ELLSWORTH AVE,0.0,At the intersection, ,0.0, ,0,0,0,0.0, , ,On-roadway, ,Collision with Non-Motorist:Pedestrian, , , ,Collision with Non-Motorist:Pedestrian,Level,At Intersection,Not Applicable,Daylight,Dry,Clear, , ,0,Straight,1.0, ,DR3447,ELLSW, , , ,1.0,0.0,0.0,0.0,0.0,0.0,1.0,0.0,0.0,0.0,0.0,1.0,0.0,0.0,0.0,0.0,Y,Motorvehicle; Scooter,Y, , , ,1.0, , , , ,0.0,Making left turn,South,No contributing action,No apparent contributing factor,South,"Failure to obey traffic signs, signals, or officer",Looked/did not see,1.0,Y, ,4,Monday,13
1256869,2024-056106,39.74198029,-104.99285852,2024-12-17,2026-04-19 18:20:00,DENVER,DENVER,DPD,2 / 644S,1,Pedestrian,Pedestrian,0,0,0,0,1.0,0,0,0,14TH ST,GLENARM PL,14TH ST & GLENARM PL,0.0, , ,0.0, ,0,0,0,0.0, , ,On-roadway,N01,Collision with Non-Motorist:Pedestrian, , , ,Collision with Non-Motorist:Pedestrian,Level,At Intersection,Not Applicable,Dark-Lighted,Dry,Clear, , ,0,Straight,1.0, ,DR3447,GLENA, , , ,1.0,0.0,0.0,0.0,0.0,0.0,1.0,0.0,0.0,0.0,0.0,1.0,0.0,0.0,0.0,0.0,Y,Motorvehicle; Scooter,Y, , , ,1.0,Making right turn,Southeast,Failed to yield row,Unknown,20.0, , , , ,Southeast,No contributing action,No apparent contributing factor,1.0,Y, ,4,Tuesday,18
1257127,2024-056267,39.73842799,-104.97990604,2024-11-28,2026-04-19 09:00:00,DENVER,DENVER,DPD,Detail 1,1,Pedestrian,Pedestrian,0,1,0,0,1.0,0,0,0,E 14TH AVE,N PEARL ST,E 14TH AVE & N PEARL ST,0.0,At the intersection,S,0.0, ,0,0,0,0.0, , ,On-roadway,E03,Collision with Non-Motorist:Pedestrian, , , ,Collision with Non-Motorist:Pedestrian,Level,At Intersection,Not Applicable,Daylight,Dry,Clear, , ,1,Straight,1.0, ,DR3447,PEARL, , , ,1.0,2.0,0.0,1.0,0.0,0.0,0.0,0.0,0.0,0.0,0.0,1.0,0.0,1.0,0.0,0.0,Y,Motorvehicle; Scooter,Y, , , ,1.0,Going straight,East,Careless driving,Unknown,30.0, , , , ,South,Other,Unknown,1.0,Y, ,4,Thursday,09
1257980,2024-056754,39.7352545,-104.98884112,2024-11-20,2026-04-19 06:29:00,DENVER,DENVER,DPD,1/612D,1,Pedestrian,Pedestrian,0,1,0,0,1.0,0,0,0,W 12TH AVE,N ACOMA ST,W 12TH AVE & N ACOMA ST,0.0, , ,0.0, ,0,0,0,0.0, , ,On-roadway, ,Collision with Non-Motorist:Pedestrian, , , ,Collision with Non-Motorist:Pedestrian,Level,At Intersection,Not Applicable,Dawn or Dusk,Dry,Clear, , ,1,Straight,1.0, ,DR3447,ACOMA, , , ,1.0,3.0,0.0,0.0,1.0,0.0,0.0,0.0,0.0,0.0,0.0,1.0,0.0,0.0,1.0,0.0,Y,Motorvehicle; Scooter,Y, , , ,1.0, , , , ,0.0,Making right turn,East,Unknown,Unknown,East,Improper passing,Aggressive,1.0,Y, ,4,Wednesday,06
1258620,2024-057162,39.75847553,-105.025287,2024-12-19,2026-04-19 17:40:00,DENVER,DENVER,DPD,2/133A, ,Pedestrian,Pedestrian,0,1,0,0,1.0,0,0,0,W 29TH AVE,N FEDERAL BLVD,W 29TH AVE & N FEDERAL BLVD,0.0,At the intersection, ,284.0, ,0,1,0,600.0,Feet,S,On-roadway,N02,Collision with Non-Motorist:Pedestrian, , , ,Collision with Non-Motorist:Pedestrian,Level,At Intersection,Not Applicable,Dark-Lighted,Dry,Clear, ,287,1,Straight,1.0, ,DR3447, , , , ,1.0,1.0,1.0,0.0,0.0,0.0,1.0,0.0,0.0,0.0,0.0,1.0,1.0,0.0,0.0,0.0,Y,Motorvehicle; Scooter,Y, , , ,1.0,Making right turn,West,Failed to yield row,Looked/did not see,35.0, , , , ,West,Cross/enter at intersection,Inexperience,1.0,Y, ,4,Thursday,17
1259132,2024-057458,39.69666308,-104.99291544,2024-11-21,2026-04-19 06:18:00,DENVER,DENVER,DPD,1-crt40,1,Pedestrian,Pedestrian,0,1,0,0,1.0,0,0,0,W MISSISSIPPI AVE,S SANTA FE DR,W MISSISSIPPI AVE & S SANTA FE DR,0.0,At the intersection, ,209.0, ,0,1,0,0.9,Miles,N,On-roadway, ,Collision with Non-Motorist:Pedestrian, , , ,Collision with Non-Motorist:Pedestrian,Level,At Intersection,Not Applicable,Dark-Lighted,Dry,Clear, ,85,0,Straight,1.0, ,DR3447, , , , ,1.0,1.0,1.0,0.0,0.0,0.0,1.0,0.0,0.0,0.0,0.0,1.0,1.0,0.0,0.0,0.0,Y,Motorvehicle; Scooter,Y, , , ,1.0,Making right turn,West,Failed to yield row,Looked/did not see,30.0, , , , ,South,No contributing action,No apparent contributing factor,1.0,Y, ,4,Thursday,06
1259928,2024-057897,39.75248452,-104.99144387,2024-12-27,2026-04-19 15:37:00,DENVER,DENVER,DPD,6/632C, ,Pedestrian,Pedestrian,0,1,0,0,1.0,0,0,0,LAWRENCE ST,20TH ST,LAWRENCE ST & 20TH ST,100.0,Feet,N,0.0, ,0,0,0,0.0, , ,On-roadway,N02,Collision with Non-Motorist:Pedestrian, , , ,Collision with Non-Motorist:Pedestrian, ,Driveway Access Related,Not Applicable,Daylight,Dry,Clear, , ,0, ,1.0, ,DR3447,S0020, , , ,1.0,1.0,1.0,0.0,0.0,0.0,1.0,0.0,0.0,0.0,0.0,1.0,1.0,0.0,0.0,0.0,Y,Motorvehicle; Scooter,Y, , , ,1.0, , , , ,0.0,Entering traffic way/merge,Northwest,No contributing action,Unknown,Southwest,Traveling along roadway against traffic (in or adjacent to travel lane),Inexperience,1.0,Y, ,4,Friday,15
1260459,2024-058091,39.74067976,-104.9962644,2024-12-30,2026-04-19 16:00:00,DENVER,DENVER,DPD,1-CRT64,2,Pedestrian,Pedestrian,0,1,0,0,1.0,0,0,0,WELTON ST,12TH ST,WELTON ST & 12TH ST,60.0,Feet,S,0.0, ,0,0,0,0.0, , ,On-roadway, ,Collision with Non-Motorist:Pedestrian, , , ,Collision with Non-Motorist:Pedestrian,Level,Non-intersection,Not Applicable,Dawn or Dusk,Dry,Clear, , ,0,Straight,1.0, ,DR3447,S0012, , , ,1.0,2.0,0.0,1.0,0.0,0.0,1.0,0.0,0.0,0.0,0.0,1.0,0.0,1.0,0.0,0.0,Y,Motorvehicle; Scooter,Y, , , ,1.0,Going straight,Southwest,Unknown,Unknown,99.0, , , , ,Southwest,No contributing action,No apparent contributing factor,1.0,Y, ,4,Monday,16
1260718,2024-058201,39.7384037,-104.96595685,2024-12-31,2026-04-19 02:30:00,DENVER,DENVER,DPD,3/662C, ,Pedestrian,Pedestrian,0,1,0,0,1.0,0,0,0,E 14TH AVE,N FRANKLIN ST,E 14TH AVE & N FRANKLIN ST,750.0,Feet,E,0.0, ,0,0,0,0.0, , ,On-roadway,E03,Collision with Non-Motorist:Pedestrian,Collision with Other Vehicle:Parked Motor Vehicle, , ,Collision with Non-Motorist:Pedestrian,Level,Non-intersection,Not Applicable,Dark-Lighted,Dry,Clear, , ,0,Straight,1.0, ,DR3447,FRANK, , , ,1.0,1.0,1.0,0.0,0.0,0.0,0.0,0.0,0.0,0.0,0.0,1.0,1.0,0.0,0.0,0.0,Y,Motorvehicle; Scooter,Y, , , ,1.0, , , , ,0.0,Parked,East,Careless driving,Not observed,East,Other,"Not visible (dark clothing, no lighting, etc)",1.0,Y, ,4,Tuesday,02
1260752,2024-058215,39.76133842,-105.00529541,2024-12-31,2026-04-19 21:51:00,DENVER,DENVER,DPD,3/153C,1,Pedestrian,Pedestrian,0,1,0,0,1.0,0,0,0,20TH ST,I-25 SB RAMPS,20TH ST & I-25 SB RAMPS,0.0,At the intersection, ,212.0, ,1,0,0,0.0,At the milepoint, ,On-roadway,S01,Collision with Non-Motorist:Pedestrian, , , ,Collision with Non-Motorist:Pedestrian,Hill Crest,At Intersection,Not Applicable,Dark-Lighted,Dry,Clear, ,25,0,Straight,1.0, ,DR3447,N, , , ,1.0,1.0,1.0,0.0,0.0,0.0,1.0,0.0,0.0,0.0,0.0,1.0,1.0,0.0,0.0,0.0,Y,Motorvehicle; Scooter,Y, , , ,1.0,Making left turn,Northwest,Unknown,Unknown,99.0, , , , ,Northwest,Cross/enter at intersection,No apparent contributing factor,1.0,Y, ,4,Tuesday,21
1263100,2024-058991,39.68227216,-105.02501975,2024-12-03,2026-04-19 15:53:00,DENVER,DENVER,DPD,1/479A,3,Pedestrian,Pedestrian,0,0,0,0,0.0,0,0,0,W JEWELL AVE,S FEDERAL BLVD,W JEWELL AVE & S FEDERAL BLVD,0.0,At the intersection, ,3.94, ,0,1,0,7.0,Feet,S,On-roadway, ,Collision with Non-Motorist:Pedestrian, , , ,Collision with Non-Motorist:Pedestrian,Level,At Intersection,Not Applicable,Daylight,Dry,Clear, ,88A,0,Straight,2.0, ,DR3447, , , , ,1.0,0.0,0.0,0.0,0.0,0.0,1.0,0.0,0.0,0.0,0.0,1.0,0.0,0.0,0.0,0.0,Y,Motorvehicle; Scooter,Y, , , ,1.0, , , , ,0.0,Making right turn,South,No contributing action,No apparent contributing factor,East,Other,Age/ability,1.0,Y, ,4,Tuesday,15
1267757,2024-059798,39.76633512,-104.97334391,2024-07-30,2026-04-19 09:00:00,DENVER,DENVER,DPD,1-CRT64,1,Pedestrian,Pedestrian,0,1,0,0,1.0,0,0,0, DOWNING ST,35TH ST, DOWNING ST & 35TH ST,100.0,Feet,N,0.0, ,0,0,0,0.0, , ,On-roadway, ,Collision with Non-Motorist:Pedestrian, , , ,Collision with Non-Motorist:Pedestrian,Level,Non-intersection,Not Applicable,Daylight,Dry,Clear, , ,0,Straight,1.0, ,DR3447,S0035, , , ,1.0,2.0,0.0,1.0,0.0,0.0,1.0,0.0,0.0,0.0,0.0,1.0,0.0,1.0,0.0,0.0,Y,Motorvehicle; Scooter,Y, , , ,1.0,Going straight,North,Careless driving,Not observed,99.0, , , , ,North,Traveling along roadway with traffic (in or adjacent to travel lane),No apparent contributing factor,1.0,Y, ,3,Tuesday,09
